[
  {
    "pnl": 0.0,
    "date": "2024-03-01T00:00:00",
    "weekday": "Mar 2024",
    "netpnl": 0.0
  },
  {
    "pnl": 0.0,
    "date": "2024-03-02T00:00:00",
    "weekday": "Mar 2024",
    "netpnl": 0.0
  },
  {
    "pnl": 0.0,
    "date": "2024-03-03T00:00:00",
    "weekday": "Mar 2024",
    "netpnl": 0.0
  },
  {
    "pnl": 0.0,
    "date": "2024-03-04T00:00:00",
    "weekday": "Mar 2024",
    "netpnl": 35015.248109
  },
  {
    "pnl": -41635.726803,
    "date": "2024-03-05T00:00:00",
    "weekday": "Mar 2024",
    "netpnl": -6620.478693999998
  },
  {
    "pnl": -42255.476693,
    "date": "2024-03-06T00:00:00",
    "weekday": "Mar 2024",
    "netpnl": -7240.228583999998
  },
  {
    "pnl": 0.0,
    "date": "2024-03-07T00:00:00",
    "weekday": "Mar 2024",
    "netpnl": 96635.516199
  },
  {
    "pnl": 0.0,
    "date": "2024-03-08T00:00:00",
    "weekday": "Mar 2024",
    "netpnl": 96635.516199
  },
  {
    "pnl": 0.0,
    "date": "2024-03-09T00:00:00",
    "weekday": "Mar 2024",
    "netpnl": 96635.516199
  },
  {
    "pnl": 0.0,
    "date": "2024-03-10T00:00:00",
    "weekday": "Mar 2024",
    "netpnl": 96635.516199
  },
  {
    "pnl": 0.0,
    "date": "2024-03-11T00:00:00",
    "weekday": "Mar 2024",
    "netpnl": 173286.207402
  },
  {
    "pnl": 0.0,
    "date": "2024-03-12T00:00:00",
    "weekday": "Mar 2024",
    "netpnl": 287100.27510800003
  },
  {
    "pnl": 0.0,
    "date": "2024-03-13T00:00:00",
    "weekday": "Mar 2024",
    "netpnl": 334530.960933
  },
  {
    "pnl": 0.0,
    "date": "2024-03-14T00:00:00",
    "weekday": "Mar 2024",
    "netpnl": 415302.288507
  },
  {
    "pnl": 0.0,
    "date": "2024-03-15T00:00:00",
    "weekday": "Mar 2024",
    "netpnl": 415302.288507
  },
  {
    "pnl": 0.0,
    "date": "2024-03-16T00:00:00",
    "weekday": "Mar 2024",
    "netpnl": 415302.288507
  },
  {
    "pnl": 0.0,
    "date": "2024-03-17T00:00:00",
    "weekday": "Mar 2024",
    "netpnl": 415302.288507
  },
  {
    "pnl": -8214.648404999985,
    "date": "2024-03-18T00:00:00",
    "weekday": "Mar 2024",
    "netpnl": 407087.64010200003
  },
  {
    "pnl": -69932.63639399997,
    "date": "2024-03-19T00:00:00",
    "weekday": "Mar 2024",
    "netpnl": 345369.65211300005
  }
]