{
  "capital": 0.0,
  "totaltradingdays": 10,
  "windays": 6,
  "lossdays": 4,
  "maxwinningstreakdays": 5,
  "maxlosingstreakdays": 2,
  "maxdddays": 2,
  "maxdddaysstr": "04/03/2024 to 06/03/2024",
  "rewardtorisk": 0.0,
  "winrate": 60.0,
  "lossrate": 40.0,
  "avgmonthlyprofit": 0.0,
  "totalprofit": 345369.65211300005,
  "maxprofitaday": 113814.07,
  "maxlossaday": -61717.99,
  "avgprofit_lossdaily": 18177.350000000002,
  "avgprofitonprofitdays": 76259.62833333334,
  "avglossonlossdays": -28047.03,
  "maxdrawdown": 69932.63639399997,
  "maxdrawdownper": 0.0,
  "avgmonthlyprofitstr": "",
  "totalprofitstr": "3.45L",
  "maxprofitadaystr": "1.14L",
  "maxlossadaystr": "-61.72K",
  "avgprofit_lossdailystr": "18.18K",
  "avgprofitonprofitdaysstr": "76.26K",
  "avglossonlossdaysstr": "-28.05K",
  "maxdrawdownstr": "69.93K",
  "expectancyratio": 0.0
}