[
  {
    "pnl": 0.0,
    "pnlstr": null,
    "date": "2024-03-03T00:00:00",
    "weekday": "Mar 2024",
    "charges": 0.0,
    "color": null
  },
  {
    "pnl": 96635.516199,
    "pnlstr": null,
    "date": "2024-03-10T00:00:00",
    "weekday": "Mar 2024",
    "charges": 0.0,
    "color": null
  },
  {
    "pnl": 415302.288507,
    "pnlstr": null,
    "date": "2024-03-17T00:00:00",
    "weekday": "Mar 2024",
    "charges": 0.0,
    "color": null
  },
  {
    "pnl": 345369.65211300005,
    "pnlstr": null,
    "date": "2024-03-24T00:00:00",
    "weekday": "Mar 2024",
    "charges": 0.0,
    "color": null
  }
]