[
  {
    "pnl": 29696.25,
    "date": "2023-02-28T00:00:00",
    "weekday": "Feb 2023",
    "netpnl": 29465.389863
  },
  {
    "pnl": 37618.75,
    "date": "2023-03-01T00:00:00",
    "weekday": "Mar 2023",
    "netpnl": 37220.307071
  },
  {
    "pnl": 58131.25,
    "date": "2023-03-02T00:00:00",
    "weekday": "Mar 2023",
    "netpnl": 55672.654332
  },
  {
    "pnl": 58131.25,
    "date": "2023-03-03T00:00:00",
    "weekday": "Mar 2023",
    "netpnl": 55672.654332
  },
  {
    "pnl": 58131.25,
    "date": "2023-03-04T00:00:00",
    "weekday": "Mar 2023",
    "netpnl": 55672.654332
  },
  {
    "pnl": 58131.25,
    "date": "2023-03-05T00:00:00",
    "weekday": "Mar 2023",
    "netpnl": 55672.654332
  },
  {
    "pnl": 63695.0,
    "date": "2023-03-06T00:00:00",
    "weekday": "Mar 2023",
    "netpnl": 61016.600336999996
  },
  {
    "pnl": 63695.0,
    "date": "2023-03-07T00:00:00",
    "weekday": "Mar 2023",
    "netpnl": 61016.600336999996
  },
  {
    "pnl": 72293.75,
    "date": "2023-03-08T00:00:00",
    "weekday": "Mar 2023",
    "netpnl": 69434.974277
  },
  {
    "pnl": 25416.25,
    "date": "2023-03-09T00:00:00",
    "weekday": "Mar 2023",
    "netpnl": 20596.482010999996
  },
  {
    "pnl": 25416.25,
    "date": "2023-03-10T00:00:00",
    "weekday": "Mar 2023",
    "netpnl": 20596.482010999996
  },
  {
    "pnl": 25416.25,
    "date": "2023-03-11T00:00:00",
    "weekday": "Mar 2023",
    "netpnl": 20596.482010999996
  },
  {
    "pnl": 25416.25,
    "date": "2023-03-12T00:00:00",
    "weekday": "Mar 2023",
    "netpnl": 20596.482010999996
  },
  {
    "pnl": 54741.25,
    "date": "2023-03-13T00:00:00",
    "weekday": "Mar 2023",
    "netpnl": 49634.84422499999
  },
  {
    "pnl": 81183.75,
    "date": "2023-03-14T00:00:00",
    "weekday": "Mar 2023",
    "netpnl": 75746.72422999999
  },
  {
    "pnl": 62177.5,
    "date": "2023-03-15T00:00:00",
    "weekday": "Mar 2023",
    "netpnl": 56495.139381999994
  },
  {
    "pnl": -1040.0,
    "date": "2023-03-16T00:00:00",
    "weekday": "Mar 2023",
    "netpnl": -8574.656778
  },
  {
    "pnl": -1040.0,
    "date": "2023-03-17T00:00:00",
    "weekday": "Mar 2023",
    "netpnl": -8574.656778
  },
  {
    "pnl": -1040.0,
    "date": "2023-03-18T00:00:00",
    "weekday": "Mar 2023",
    "netpnl": -8574.656778
  },
  {
    "pnl": -1040.0,
    "date": "2023-03-19T00:00:00",
    "weekday": "Mar 2023",
    "netpnl": -8574.656778
  },
  {
    "pnl": -26103.75,
    "date": "2023-03-20T00:00:00",
    "weekday": "Mar 2023",
    "netpnl": -34098.15625099999
  },
  {
    "pnl": -29385.0,
    "date": "2023-03-21T00:00:00",
    "weekday": "Mar 2023",
    "netpnl": -37731.848888999986
  },
  {
    "pnl": -14117.5,
    "date": "2023-03-22T00:00:00",
    "weekday": "Mar 2023",
    "netpnl": -22681.055832999988
  },
  {
    "pnl": -79287.5,
    "date": "2023-03-23T00:00:00",
    "weekday": "Mar 2023",
    "netpnl": -89984.76599099998
  },
  {
    "pnl": -79287.5,
    "date": "2023-03-24T00:00:00",
    "weekday": "Mar 2023",
    "netpnl": -89984.76599099998
  },
  {
    "pnl": -79287.5,
    "date": "2023-03-25T00:00:00",
    "weekday": "Mar 2023",
    "netpnl": -89984.76599099998
  },
  {
    "pnl": -79287.5,
    "date": "2023-03-26T00:00:00",
    "weekday": "Mar 2023",
    "netpnl": -89984.76599099998
  },
  {
    "pnl": -28165.0,
    "date": "2023-03-27T00:00:00",
    "weekday": "Mar 2023",
    "netpnl": -39179.203650999974
  },
  {
    "pnl": 8631.25,
    "date": "2023-03-28T00:00:00",
    "weekday": "Mar 2023",
    "netpnl": -2570.9782209999757
  },
  {
    "pnl": 16818.75,
    "date": "2023-03-29T00:00:00",
    "weekday": "Mar 2023",
    "netpnl": 3566.3316340000247
  },
  {
    "pnl": 16818.75,
    "date": "2023-03-30T00:00:00",
    "weekday": "Mar 2023",
    "netpnl": 3566.3316340000247
  },
  {
    "pnl": 16818.75,
    "date": "2023-03-31T00:00:00",
    "weekday": "Mar 2023",
    "netpnl": 3566.3316340000247
  },
  {
    "pnl": 16818.75,
    "date": "2023-04-01T00:00:00",
    "weekday": "Apr 2023",
    "netpnl": 3566.3316340000247
  },
  {
    "pnl": 16818.75,
    "date": "2023-04-02T00:00:00",
    "weekday": "Apr 2023",
    "netpnl": 3566.3316340000247
  },
  {
    "pnl": 35593.75,
    "date": "2023-04-03T00:00:00",
    "weekday": "Apr 2023",
    "netpnl": 21507.73119599999
  },
  {
    "pnl": 35593.75,
    "date": "2023-04-04T00:00:00",
    "weekday": "Apr 2023",
    "netpnl": 21507.73119599999
  },
  {
    "pnl": 54497.5,
    "date": "2023-04-05T00:00:00",
    "weekday": "Apr 2023",
    "netpnl": 40251.535951
  },
  {
    "pnl": 107280.0,
    "date": "2023-04-06T00:00:00",
    "weekday": "Apr 2023",
    "netpnl": 90947.54646299998
  },
  {
    "pnl": 107280.0,
    "date": "2023-04-07T00:00:00",
    "weekday": "Apr 2023",
    "netpnl": 90947.54646299998
  },
  {
    "pnl": 107280.0,
    "date": "2023-04-08T00:00:00",
    "weekday": "Apr 2023",
    "netpnl": 90947.54646299998
  },
  {
    "pnl": 107280.0,
    "date": "2023-04-09T00:00:00",
    "weekday": "Apr 2023",
    "netpnl": 90947.54646299998
  },
  {
    "pnl": 91531.25,
    "date": "2023-04-10T00:00:00",
    "weekday": "Apr 2023",
    "netpnl": 74665.92461100001
  },
  {
    "pnl": 90932.5,
    "date": "2023-04-11T00:00:00",
    "weekday": "Apr 2023",
    "netpnl": 73890.436709
  },
  {
    "pnl": 98051.25,
    "date": "2023-04-12T00:00:00",
    "weekday": "Apr 2023",
    "netpnl": 80866.61263399999
  },
  {
    "pnl": 73278.75,
    "date": "2023-04-13T00:00:00",
    "weekday": "Apr 2023",
    "netpnl": 53927.56581300001
  },
  {
    "pnl": 73278.75,
    "date": "2023-04-14T00:00:00",
    "weekday": "Apr 2023",
    "netpnl": 53927.56581300001
  },
  {
    "pnl": 73278.75,
    "date": "2023-04-15T00:00:00",
    "weekday": "Apr 2023",
    "netpnl": 53927.56581300001
  },
  {
    "pnl": 73278.75,
    "date": "2023-04-16T00:00:00",
    "weekday": "Apr 2023",
    "netpnl": 53927.56581300001
  },
  {
    "pnl": 57988.75,
    "date": "2023-04-17T00:00:00",
    "weekday": "Apr 2023",
    "netpnl": 38308.91616600001
  },
  {
    "pnl": 34636.25,
    "date": "2023-04-18T00:00:00",
    "weekday": "Apr 2023",
    "netpnl": 14725.170226000013
  },
  {
    "pnl": 43990.0,
    "date": "2023-04-19T00:00:00",
    "weekday": "Apr 2023",
    "netpnl": 23927.65747100001
  },
  {
    "pnl": 62753.75,
    "date": "2023-04-20T00:00:00",
    "weekday": "Apr 2023",
    "netpnl": 40605.486686000004
  },
  {
    "pnl": 62753.75,
    "date": "2023-04-21T00:00:00",
    "weekday": "Apr 2023",
    "netpnl": 40605.486686000004
  },
  {
    "pnl": 62753.75,
    "date": "2023-04-22T00:00:00",
    "weekday": "Apr 2023",
    "netpnl": 40605.486686000004
  },
  {
    "pnl": 62753.75,
    "date": "2023-04-23T00:00:00",
    "weekday": "Apr 2023",
    "netpnl": 40605.486686000004
  },
  {
    "pnl": 46505.0,
    "date": "2023-04-24T00:00:00",
    "weekday": "Apr 2023",
    "netpnl": 24027.872836000006
  },
  {
    "pnl": 38683.75,
    "date": "2023-04-25T00:00:00",
    "weekday": "Apr 2023",
    "netpnl": 16010.316291000006
  },
  {
    "pnl": 44325.0,
    "date": "2023-04-26T00:00:00",
    "weekday": "Apr 2023",
    "netpnl": 21503.55441800001
  },
  {
    "pnl": 56235.0,
    "date": "2023-04-27T00:00:00",
    "weekday": "Apr 2023",
    "netpnl": 31228.120497000007
  },
  {
    "pnl": 56235.0,
    "date": "2023-04-28T00:00:00",
    "weekday": "Apr 2023",
    "netpnl": 31228.120497000007
  },
  {
    "pnl": 56235.0,
    "date": "2023-04-29T00:00:00",
    "weekday": "Apr 2023",
    "netpnl": 31228.120497000007
  },
  {
    "pnl": 56235.0,
    "date": "2023-04-30T00:00:00",
    "weekday": "Apr 2023",
    "netpnl": 31228.120497000007
  },
  {
    "pnl": 56235.0,
    "date": "2023-05-01T00:00:00",
    "weekday": "May 2023",
    "netpnl": 31228.120497000007
  },
  {
    "pnl": 83720.0,
    "date": "2023-05-02T00:00:00",
    "weekday": "May 2023",
    "netpnl": 58394.14409100001
  },
  {
    "pnl": 85131.25,
    "date": "2023-05-03T00:00:00",
    "weekday": "May 2023",
    "netpnl": 59646.26491600003
  },
  {
    "pnl": 52541.25,
    "date": "2023-05-04T00:00:00",
    "weekday": "May 2023",
    "netpnl": 24918.858561000012
  },
  {
    "pnl": 52541.25,
    "date": "2023-05-05T00:00:00",
    "weekday": "May 2023",
    "netpnl": 24918.858561000012
  },
  {
    "pnl": 52541.25,
    "date": "2023-05-06T00:00:00",
    "weekday": "May 2023",
    "netpnl": 24918.858561000012
  },
  {
    "pnl": 52541.25,
    "date": "2023-05-07T00:00:00",
    "weekday": "May 2023",
    "netpnl": 24918.858561000012
  },
  {
    "pnl": 68006.25,
    "date": "2023-05-08T00:00:00",
    "weekday": "May 2023",
    "netpnl": 39380.640420000025
  },
  {
    "pnl": 48431.25,
    "date": "2023-05-09T00:00:00",
    "weekday": "May 2023",
    "netpnl": 17984.446160000003
  },
  {
    "pnl": 33257.5,
    "date": "2023-05-10T00:00:00",
    "weekday": "May 2023",
    "netpnl": 1783.8920589999989
  },
  {
    "pnl": 31598.75,
    "date": "2023-05-11T00:00:00",
    "weekday": "May 2023",
    "netpnl": -2176.1442770000203
  },
  {
    "pnl": 31598.75,
    "date": "2023-05-12T00:00:00",
    "weekday": "May 2023",
    "netpnl": -2176.1442770000203
  },
  {
    "pnl": 31598.75,
    "date": "2023-05-13T00:00:00",
    "weekday": "May 2023",
    "netpnl": -2176.1442770000203
  },
  {
    "pnl": 31598.75,
    "date": "2023-05-14T00:00:00",
    "weekday": "May 2023",
    "netpnl": -2176.1442770000203
  },
  {
    "pnl": 46035.0,
    "date": "2023-05-15T00:00:00",
    "weekday": "May 2023",
    "netpnl": 11212.542261000006
  },
  {
    "pnl": 39707.0,
    "date": "2023-05-16T00:00:00",
    "weekday": "May 2023",
    "netpnl": 3667.3456349999988
  },
  {
    "pnl": 36738.25,
    "date": "2023-05-17T00:00:00",
    "weekday": "May 2023",
    "netpnl": -393.4957170000189
  },
  {
    "pnl": -2050.5,
    "date": "2023-05-18T00:00:00",
    "weekday": "May 2023",
    "netpnl": -41674.19739700002
  },
  {
    "pnl": -2050.5,
    "date": "2023-05-19T00:00:00",
    "weekday": "May 2023",
    "netpnl": -41674.19739700002
  },
  {
    "pnl": -2050.5,
    "date": "2023-05-20T00:00:00",
    "weekday": "May 2023",
    "netpnl": -41674.19739700002
  },
  {
    "pnl": -2050.5,
    "date": "2023-05-21T00:00:00",
    "weekday": "May 2023",
    "netpnl": -41674.19739700002
  },
  {
    "pnl": -25641.75,
    "date": "2023-05-22T00:00:00",
    "weekday": "May 2023",
    "netpnl": -66243.617952
  },
  {
    "pnl": -4723.75,
    "date": "2023-05-23T00:00:00",
    "weekday": "May 2023",
    "netpnl": -46536.744933000016
  },
  {
    "pnl": -29995.0,
    "date": "2023-05-24T00:00:00",
    "weekday": "May 2023",
    "netpnl": -72887.86236
  },
  {
    "pnl": -4685.0,
    "date": "2023-05-25T00:00:00",
    "weekday": "May 2023",
    "netpnl": -49816.96551300001
  },
  {
    "pnl": -4685.0,
    "date": "2023-05-26T00:00:00",
    "weekday": "May 2023",
    "netpnl": -49816.96551300001
  },
  {
    "pnl": -4685.0,
    "date": "2023-05-27T00:00:00",
    "weekday": "May 2023",
    "netpnl": -49816.96551300001
  },
  {
    "pnl": -4685.0,
    "date": "2023-05-28T00:00:00",
    "weekday": "May 2023",
    "netpnl": -49816.96551300001
  },
  {
    "pnl": -16100.0,
    "date": "2023-05-29T00:00:00",
    "weekday": "May 2023",
    "netpnl": -62103.73381700001
  },
  {
    "pnl": 20972.0,
    "date": "2023-05-30T00:00:00",
    "weekday": "May 2023",
    "netpnl": -26206.95588500001
  },
  {
    "pnl": 6070.75,
    "date": "2023-05-31T00:00:00",
    "weekday": "May 2023",
    "netpnl": -41271.57454600001
  },
  {
    "pnl": 61180.75,
    "date": "2023-06-01T00:00:00",
    "weekday": "Jun 2023",
    "netpnl": 11346.406632000064
  },
  {
    "pnl": 61180.75,
    "date": "2023-06-02T00:00:00",
    "weekday": "Jun 2023",
    "netpnl": 11346.406632000064
  },
  {
    "pnl": 61180.75,
    "date": "2023-06-03T00:00:00",
    "weekday": "Jun 2023",
    "netpnl": 11346.406632000064
  },
  {
    "pnl": 61180.75,
    "date": "2023-06-04T00:00:00",
    "weekday": "Jun 2023",
    "netpnl": 11346.406632000064
  },
  {
    "pnl": 89170.75,
    "date": "2023-06-05T00:00:00",
    "weekday": "Jun 2023",
    "netpnl": 38407.08317500003
  },
  {
    "pnl": 129798.75,
    "date": "2023-06-06T00:00:00",
    "weekday": "Jun 2023",
    "netpnl": 77821.07344000005
  },
  {
    "pnl": 138455.0,
    "date": "2023-06-07T00:00:00",
    "weekday": "Jun 2023",
    "netpnl": 86347.52185300003
  },
  {
    "pnl": 170958.75,
    "date": "2023-06-08T00:00:00",
    "weekday": "Jun 2023",
    "netpnl": 116867.52057000007
  },
  {
    "pnl": 170958.75,
    "date": "2023-06-09T00:00:00",
    "weekday": "Jun 2023",
    "netpnl": 116867.52057000007
  },
  {
    "pnl": 170958.75,
    "date": "2023-06-10T00:00:00",
    "weekday": "Jun 2023",
    "netpnl": 116867.52057000007
  },
  {
    "pnl": 170958.75,
    "date": "2023-06-11T00:00:00",
    "weekday": "Jun 2023",
    "netpnl": 116867.52057000007
  },
  {
    "pnl": 188442.5,
    "date": "2023-06-12T00:00:00",
    "weekday": "Jun 2023",
    "netpnl": 133416.37859600002
  },
  {
    "pnl": 201444.5,
    "date": "2023-06-13T00:00:00",
    "weekday": "Jun 2023",
    "netpnl": 145257.27726800006
  },
  {
    "pnl": 203788.25,
    "date": "2023-06-14T00:00:00",
    "weekday": "Jun 2023",
    "netpnl": 147464.22513600002
  },
  {
    "pnl": 245812.0,
    "date": "2023-06-15T00:00:00",
    "weekday": "Jun 2023",
    "netpnl": 186992.6852590001
  },
  {
    "pnl": 245812.0,
    "date": "2023-06-16T00:00:00",
    "weekday": "Jun 2023",
    "netpnl": 186992.6852590001
  },
  {
    "pnl": 245812.0,
    "date": "2023-06-17T00:00:00",
    "weekday": "Jun 2023",
    "netpnl": 186992.6852590001
  },
  {
    "pnl": 245812.0,
    "date": "2023-06-18T00:00:00",
    "weekday": "Jun 2023",
    "netpnl": 186992.6852590001
  },
  {
    "pnl": 268579.5,
    "date": "2023-06-19T00:00:00",
    "weekday": "Jun 2023",
    "netpnl": 208837.79645000008
  },
  {
    "pnl": 259455.5,
    "date": "2023-06-20T00:00:00",
    "weekday": "Jun 2023",
    "netpnl": 198518.80723400007
  },
  {
    "pnl": 245205.5,
    "date": "2023-06-21T00:00:00",
    "weekday": "Jun 2023",
    "netpnl": 184107.4693900001
  },
  {
    "pnl": 235639.25,
    "date": "2023-06-22T00:00:00",
    "weekday": "Jun 2023",
    "netpnl": 172167.40856900014
  },
  {
    "pnl": 235639.25,
    "date": "2023-06-23T00:00:00",
    "weekday": "Jun 2023",
    "netpnl": 172167.40856900014
  },
  {
    "pnl": 235639.25,
    "date": "2023-06-24T00:00:00",
    "weekday": "Jun 2023",
    "netpnl": 172167.40856900014
  },
  {
    "pnl": 235639.25,
    "date": "2023-06-25T00:00:00",
    "weekday": "Jun 2023",
    "netpnl": 172167.40856900014
  },
  {
    "pnl": 242684.25,
    "date": "2023-06-26T00:00:00",
    "weekday": "Jun 2023",
    "netpnl": 178262.29959100013
  },
  {
    "pnl": 260188.25,
    "date": "2023-06-27T00:00:00",
    "weekday": "Jun 2023",
    "netpnl": 194787.27179600007
  },
  {
    "pnl": 267372.0,
    "date": "2023-06-28T00:00:00",
    "weekday": "Jun 2023",
    "netpnl": 199486.9664310001
  },
  {
    "pnl": 267372.0,
    "date": "2023-06-29T00:00:00",
    "weekday": "Jun 2023",
    "netpnl": 199486.9664310001
  },
  {
    "pnl": 267372.0,
    "date": "2023-06-30T00:00:00",
    "weekday": "Jun 2023",
    "netpnl": 199486.9664310001
  },
  {
    "pnl": 267372.0,
    "date": "2023-07-01T00:00:00",
    "weekday": "Jul 2023",
    "netpnl": 199486.9664310001
  },
  {
    "pnl": 267372.0,
    "date": "2023-07-02T00:00:00",
    "weekday": "Jul 2023",
    "netpnl": 199486.9664310001
  },
  {
    "pnl": 252265.75,
    "date": "2023-07-03T00:00:00",
    "weekday": "Jul 2023",
    "netpnl": 183497.062333
  },
  {
    "pnl": 239433.75,
    "date": "2023-07-04T00:00:00",
    "weekday": "Jul 2023",
    "netpnl": 169239.815245
  },
  {
    "pnl": 269127.5,
    "date": "2023-07-05T00:00:00",
    "weekday": "Jul 2023",
    "netpnl": 198755.32769800007
  },
  {
    "pnl": 344771.25,
    "date": "2023-07-06T00:00:00",
    "weekday": "Jul 2023",
    "netpnl": 272011.8524859999
  },
  {
    "pnl": 344771.25,
    "date": "2023-07-07T00:00:00",
    "weekday": "Jul 2023",
    "netpnl": 272011.8524859999
  },
  {
    "pnl": 344771.25,
    "date": "2023-07-08T00:00:00",
    "weekday": "Jul 2023",
    "netpnl": 272011.8524859999
  },
  {
    "pnl": 344771.25,
    "date": "2023-07-09T00:00:00",
    "weekday": "Jul 2023",
    "netpnl": 272011.8524859999
  },
  {
    "pnl": 324967.5,
    "date": "2023-07-10T00:00:00",
    "weekday": "Jul 2023",
    "netpnl": 251439.40652899997
  },
  {
    "pnl": 338119.5,
    "date": "2023-07-11T00:00:00",
    "weekday": "Jul 2023",
    "netpnl": 263205.86276
  },
  {
    "pnl": 316343.25,
    "date": "2023-07-12T00:00:00",
    "weekday": "Jul 2023",
    "netpnl": 241262.24491499993
  },
  {
    "pnl": 300854.5,
    "date": "2023-07-13T00:00:00",
    "weekday": "Jul 2023",
    "netpnl": 223340.49344599998
  },
  {
    "pnl": 300854.5,
    "date": "2023-07-14T00:00:00",
    "weekday": "Jul 2023",
    "netpnl": 223340.49344599998
  },
  {
    "pnl": 300854.5,
    "date": "2023-07-15T00:00:00",
    "weekday": "Jul 2023",
    "netpnl": 223340.49344599998
  },
  {
    "pnl": 300854.5,
    "date": "2023-07-16T00:00:00",
    "weekday": "Jul 2023",
    "netpnl": 223340.49344599998
  },
  {
    "pnl": 305828.25,
    "date": "2023-07-17T00:00:00",
    "weekday": "Jul 2023",
    "netpnl": 227362.86248299998
  },
  {
    "pnl": 292284.25,
    "date": "2023-07-18T00:00:00",
    "weekday": "Jul 2023",
    "netpnl": 212293.88619099994
  },
  {
    "pnl": 325291.75,
    "date": "2023-07-19T00:00:00",
    "weekday": "Jul 2023",
    "netpnl": 245118.21712999995
  },
  {
    "pnl": 291551.75,
    "date": "2023-07-20T00:00:00",
    "weekday": "Jul 2023",
    "netpnl": 208872.90378799994
  },
  {
    "pnl": 291551.75,
    "date": "2023-07-21T00:00:00",
    "weekday": "Jul 2023",
    "netpnl": 208872.90378799994
  },
  {
    "pnl": 291551.75,
    "date": "2023-07-22T00:00:00",
    "weekday": "Jul 2023",
    "netpnl": 208872.90378799994
  },
  {
    "pnl": 291551.75,
    "date": "2023-07-23T00:00:00",
    "weekday": "Jul 2023",
    "netpnl": 208872.90378799994
  },
  {
    "pnl": 266040.5,
    "date": "2023-07-24T00:00:00",
    "weekday": "Jul 2023",
    "netpnl": 182408.97498399997
  },
  {
    "pnl": 255474.5,
    "date": "2023-07-25T00:00:00",
    "weekday": "Jul 2023",
    "netpnl": 170394.59246099996
  },
  {
    "pnl": 263707.25,
    "date": "2023-07-26T00:00:00",
    "weekday": "Jul 2023",
    "netpnl": 178487.13025
  },
  {
    "pnl": 288980.75,
    "date": "2023-07-27T00:00:00",
    "weekday": "Jul 2023",
    "netpnl": 201412.19532699994
  },
  {
    "pnl": 288980.75,
    "date": "2023-07-28T00:00:00",
    "weekday": "Jul 2023",
    "netpnl": 201412.19532699994
  },
  {
    "pnl": 288980.75,
    "date": "2023-07-29T00:00:00",
    "weekday": "Jul 2023",
    "netpnl": 201412.19532699994
  },
  {
    "pnl": 288980.75,
    "date": "2023-07-30T00:00:00",
    "weekday": "Jul 2023",
    "netpnl": 201412.19532699994
  },
  {
    "pnl": 319211.75,
    "date": "2023-07-31T00:00:00",
    "weekday": "Jul 2023",
    "netpnl": 230720.08542599995
  },
  {
    "pnl": 366289.75,
    "date": "2023-08-01T00:00:00",
    "weekday": "Aug 2023",
    "netpnl": 276581.4402209999
  },
  {
    "pnl": 347032.75,
    "date": "2023-08-02T00:00:00",
    "weekday": "Aug 2023",
    "netpnl": 257150.84881999984
  },
  {
    "pnl": 353962.0,
    "date": "2023-08-03T00:00:00",
    "weekday": "Aug 2023",
    "netpnl": 261691.29900899983
  },
  {
    "pnl": 353962.0,
    "date": "2023-08-04T00:00:00",
    "weekday": "Aug 2023",
    "netpnl": 261691.29900899983
  },
  {
    "pnl": 353962.0,
    "date": "2023-08-05T00:00:00",
    "weekday": "Aug 2023",
    "netpnl": 261691.29900899983
  },
  {
    "pnl": 353962.0,
    "date": "2023-08-06T00:00:00",
    "weekday": "Aug 2023",
    "netpnl": 261691.29900899983
  },
  {
    "pnl": 328406.5,
    "date": "2023-08-07T00:00:00",
    "weekday": "Aug 2023",
    "netpnl": 235173.4432699998
  },
  {
    "pnl": 379952.5,
    "date": "2023-08-08T00:00:00",
    "weekday": "Aug 2023",
    "netpnl": 285558.70897999976
  },
  {
    "pnl": 379952.5,
    "date": "2023-08-09T00:00:00",
    "weekday": "Aug 2023",
    "netpnl": 285558.70897999976
  },
  {
    "pnl": 397897.75,
    "date": "2023-08-10T00:00:00",
    "weekday": "Aug 2023",
    "netpnl": 302364.9968889998
  },
  {
    "pnl": 397897.75,
    "date": "2023-08-11T00:00:00",
    "weekday": "Aug 2023",
    "netpnl": 302364.9968889998
  },
  {
    "pnl": 397897.75,
    "date": "2023-08-12T00:00:00",
    "weekday": "Aug 2023",
    "netpnl": 302364.9968889998
  },
  {
    "pnl": 397897.75,
    "date": "2023-08-13T00:00:00",
    "weekday": "Aug 2023",
    "netpnl": 302364.9968889998
  },
  {
    "pnl": 464699.75,
    "date": "2023-08-14T00:00:00",
    "weekday": "Aug 2023",
    "netpnl": 367928.6087159998
  },
  {
    "pnl": 464699.75,
    "date": "2023-08-15T00:00:00",
    "weekday": "Aug 2023",
    "netpnl": 367928.6087159998
  },
  {
    "pnl": 478441.25,
    "date": "2023-08-16T00:00:00",
    "weekday": "Aug 2023",
    "netpnl": 381519.7164389998
  },
  {
    "pnl": 534359.75,
    "date": "2023-08-17T00:00:00",
    "weekday": "Aug 2023",
    "netpnl": 435171.14611499984
  },
  {
    "pnl": 534359.75,
    "date": "2023-08-18T00:00:00",
    "weekday": "Aug 2023",
    "netpnl": 435171.14611499984
  },
  {
    "pnl": 534359.75,
    "date": "2023-08-19T00:00:00",
    "weekday": "Aug 2023",
    "netpnl": 435171.14611499984
  },
  {
    "pnl": 534359.75,
    "date": "2023-08-20T00:00:00",
    "weekday": "Aug 2023",
    "netpnl": 435171.14611499984
  },
  {
    "pnl": 534359.75,
    "date": "2023-08-21T00:00:00",
    "weekday": "Aug 2023",
    "netpnl": 435171.14611499984
  },
  {
    "pnl": 529923.75,
    "date": "2023-08-22T00:00:00",
    "weekday": "Aug 2023",
    "netpnl": 429639.40739199985
  },
  {
    "pnl": 526958.25,
    "date": "2023-08-23T00:00:00",
    "weekday": "Aug 2023",
    "netpnl": 426537.05653999984
  },
  {
    "pnl": 524618.25,
    "date": "2023-08-24T00:00:00",
    "weekday": "Aug 2023",
    "netpnl": 422032.1052239998
  },
  {
    "pnl": 524618.25,
    "date": "2023-08-25T00:00:00",
    "weekday": "Aug 2023",
    "netpnl": 422032.1052239998
  },
  {
    "pnl": 524618.25,
    "date": "2023-08-26T00:00:00",
    "weekday": "Aug 2023",
    "netpnl": 422032.1052239998
  },
  {
    "pnl": 524618.25,
    "date": "2023-08-27T00:00:00",
    "weekday": "Aug 2023",
    "netpnl": 422032.1052239998
  },
  {
    "pnl": 535178.25,
    "date": "2023-08-28T00:00:00",
    "weekday": "Aug 2023",
    "netpnl": 432439.17767099984
  },
  {
    "pnl": 595220.25,
    "date": "2023-08-29T00:00:00",
    "weekday": "Aug 2023",
    "netpnl": 491403.95738699986
  },
  {
    "pnl": 583071.0,
    "date": "2023-08-30T00:00:00",
    "weekday": "Aug 2023",
    "netpnl": 479112.20027199987
  },
  {
    "pnl": 652374.75,
    "date": "2023-08-31T00:00:00",
    "weekday": "Aug 2023",
    "netpnl": 546009.0109169998
  },
  {
    "pnl": 652374.75,
    "date": "2023-09-01T00:00:00",
    "weekday": "Sep 2023",
    "netpnl": 546009.0109169998
  },
  {
    "pnl": 652374.75,
    "date": "2023-09-02T00:00:00",
    "weekday": "Sep 2023",
    "netpnl": 546009.0109169998
  },
  {
    "pnl": 652374.75,
    "date": "2023-09-03T00:00:00",
    "weekday": "Sep 2023",
    "netpnl": 546009.0109169998
  },
  {
    "pnl": 652374.75,
    "date": "2023-09-04T00:00:00",
    "weekday": "Sep 2023",
    "netpnl": 546009.0109169998
  },
  {
    "pnl": 707898.75,
    "date": "2023-09-05T00:00:00",
    "weekday": "Sep 2023",
    "netpnl": 600387.3205689996
  },
  {
    "pnl": 729252.0,
    "date": "2023-09-06T00:00:00",
    "weekday": "Sep 2023",
    "netpnl": 620731.2939069998
  },
  {
    "pnl": 693904.5,
    "date": "2023-09-07T00:00:00",
    "weekday": "Sep 2023",
    "netpnl": 584019.8520619996
  },
  {
    "pnl": 693904.5,
    "date": "2023-09-08T00:00:00",
    "weekday": "Sep 2023",
    "netpnl": 584019.8520619996
  },
  {
    "pnl": 693904.5,
    "date": "2023-09-09T00:00:00",
    "weekday": "Sep 2023",
    "netpnl": 584019.8520619996
  },
  {
    "pnl": 693904.5,
    "date": "2023-09-10T00:00:00",
    "weekday": "Sep 2023",
    "netpnl": 584019.8520619996
  },
  {
    "pnl": 693904.5,
    "date": "2023-09-11T00:00:00",
    "weekday": "Sep 2023",
    "netpnl": 584019.8520619996
  },
  {
    "pnl": 693006.5,
    "date": "2023-09-12T00:00:00",
    "weekday": "Sep 2023",
    "netpnl": 581953.9169229995
  },
  {
    "pnl": 696941.75,
    "date": "2023-09-13T00:00:00",
    "weekday": "Sep 2023",
    "netpnl": 584743.6837589996
  },
  {
    "pnl": 743481.75,
    "date": "2023-09-14T00:00:00",
    "weekday": "Sep 2023",
    "netpnl": 630074.4268509995
  },
  {
    "pnl": 743481.75,
    "date": "2023-09-15T00:00:00",
    "weekday": "Sep 2023",
    "netpnl": 630074.4268509995
  },
  {
    "pnl": 743481.75,
    "date": "2023-09-16T00:00:00",
    "weekday": "Sep 2023",
    "netpnl": 630074.4268509995
  },
  {
    "pnl": 743481.75,
    "date": "2023-09-17T00:00:00",
    "weekday": "Sep 2023",
    "netpnl": 630074.4268509995
  },
  {
    "pnl": 733933.75,
    "date": "2023-09-18T00:00:00",
    "weekday": "Sep 2023",
    "netpnl": 619288.5489969996
  },
  {
    "pnl": 733933.75,
    "date": "2023-09-19T00:00:00",
    "weekday": "Sep 2023",
    "netpnl": 619288.5489969996
  },
  {
    "pnl": 722757.25,
    "date": "2023-09-20T00:00:00",
    "weekday": "Sep 2023",
    "netpnl": 606895.5049279996
  },
  {
    "pnl": 787479.75,
    "date": "2023-09-21T00:00:00",
    "weekday": "Sep 2023",
    "netpnl": 670410.8546149995
  },
  {
    "pnl": 787479.75,
    "date": "2023-09-22T00:00:00",
    "weekday": "Sep 2023",
    "netpnl": 670410.8546149995
  },
  {
    "pnl": 787479.75,
    "date": "2023-09-23T00:00:00",
    "weekday": "Sep 2023",
    "netpnl": 670410.8546149995
  },
  {
    "pnl": 787479.75,
    "date": "2023-09-24T00:00:00",
    "weekday": "Sep 2023",
    "netpnl": 670410.8546149995
  },
  {
    "pnl": 787479.75,
    "date": "2023-09-25T00:00:00",
    "weekday": "Sep 2023",
    "netpnl": 670410.8546149995
  },
  {
    "pnl": 763587.75,
    "date": "2023-09-26T00:00:00",
    "weekday": "Sep 2023",
    "netpnl": 645353.6437639995
  },
  {
    "pnl": 763587.75,
    "date": "2023-09-27T00:00:00",
    "weekday": "Sep 2023",
    "netpnl": 645353.6437639995
  },
  {
    "pnl": 747858.0,
    "date": "2023-09-28T00:00:00",
    "weekday": "Sep 2023",
    "netpnl": 628448.9260649995
  },
  {
    "pnl": 747858.0,
    "date": "2023-09-29T00:00:00",
    "weekday": "Sep 2023",
    "netpnl": 628448.9260649995
  },
  {
    "pnl": 747858.0,
    "date": "2023-09-30T00:00:00",
    "weekday": "Sep 2023",
    "netpnl": 628448.9260649995
  },
  {
    "pnl": 747858.0,
    "date": "2023-10-01T00:00:00",
    "weekday": "Oct 2023",
    "netpnl": 628448.9260649995
  },
  {
    "pnl": 747858.0,
    "date": "2023-10-02T00:00:00",
    "weekday": "Oct 2023",
    "netpnl": 628448.9260649995
  },
  {
    "pnl": 763952.0,
    "date": "2023-10-03T00:00:00",
    "weekday": "Oct 2023",
    "netpnl": 643405.2082399995
  },
  {
    "pnl": 797085.5,
    "date": "2023-10-04T00:00:00",
    "weekday": "Oct 2023",
    "netpnl": 675325.6680339995
  },
  {
    "pnl": 843753.0,
    "date": "2023-10-05T00:00:00",
    "weekday": "Oct 2023",
    "netpnl": 720900.2937909992
  },
  {
    "pnl": 843753.0,
    "date": "2023-10-06T00:00:00",
    "weekday": "Oct 2023",
    "netpnl": 720900.2937909992
  },
  {
    "pnl": 843753.0,
    "date": "2023-10-07T00:00:00",
    "weekday": "Oct 2023",
    "netpnl": 720900.2937909992
  },
  {
    "pnl": 843753.0,
    "date": "2023-10-08T00:00:00",
    "weekday": "Oct 2023",
    "netpnl": 720900.2937909992
  },
  {
    "pnl": 843753.0,
    "date": "2023-10-09T00:00:00",
    "weekday": "Oct 2023",
    "netpnl": 720900.2937909992
  },
  {
    "pnl": 943141.0,
    "date": "2023-10-10T00:00:00",
    "weekday": "Oct 2023",
    "netpnl": 819050.9217129997
  },
  {
    "pnl": 934169.5,
    "date": "2023-10-11T00:00:00",
    "weekday": "Oct 2023",
    "netpnl": 808827.3595759997
  },
  {
    "pnl": 962657.0,
    "date": "2023-10-12T00:00:00",
    "weekday": "Oct 2023",
    "netpnl": 836199.1738119996
  },
  {
    "pnl": 962657.0,
    "date": "2023-10-13T00:00:00",
    "weekday": "Oct 2023",
    "netpnl": 836199.1738119996
  },
  {
    "pnl": 962657.0,
    "date": "2023-10-14T00:00:00",
    "weekday": "Oct 2023",
    "netpnl": 836199.1738119996
  },
  {
    "pnl": 962657.0,
    "date": "2023-10-15T00:00:00",
    "weekday": "Oct 2023",
    "netpnl": 836199.1738119996
  },
  {
    "pnl": 962657.0,
    "date": "2023-10-16T00:00:00",
    "weekday": "Oct 2023",
    "netpnl": 836199.1738119996
  },
  {
    "pnl": 1052093.0,
    "date": "2023-10-17T00:00:00",
    "weekday": "Oct 2023",
    "netpnl": 924646.2689049995
  },
  {
    "pnl": 1067188.25,
    "date": "2023-10-18T00:00:00",
    "weekday": "Oct 2023",
    "netpnl": 938593.3952759994
  },
  {
    "pnl": 1083315.75,
    "date": "2023-10-19T00:00:00",
    "weekday": "Oct 2023",
    "netpnl": 953522.1897859995
  },
  {
    "pnl": 1083315.75,
    "date": "2023-10-20T00:00:00",
    "weekday": "Oct 2023",
    "netpnl": 953522.1897859995
  },
  {
    "pnl": 1083315.75,
    "date": "2023-10-21T00:00:00",
    "weekday": "Oct 2023",
    "netpnl": 953522.1897859995
  },
  {
    "pnl": 1083315.75,
    "date": "2023-10-22T00:00:00",
    "weekday": "Oct 2023",
    "netpnl": 953522.1897859995
  },
  {
    "pnl": 1108869.75,
    "date": "2023-10-23T00:00:00",
    "weekday": "Oct 2023",
    "netpnl": 977980.2159509995
  },
  {
    "pnl": 1108869.75,
    "date": "2023-10-24T00:00:00",
    "weekday": "Oct 2023",
    "netpnl": 977980.2159509995
  },
  {
    "pnl": 1108869.75,
    "date": "2023-10-25T00:00:00",
    "weekday": "Oct 2023",
    "netpnl": 977980.2159509995
  },
  {
    "pnl": 1089230.25,
    "date": "2023-10-26T00:00:00",
    "weekday": "Oct 2023",
    "netpnl": 957052.1121749996
  },
  {
    "pnl": 1089230.25,
    "date": "2023-10-27T00:00:00",
    "weekday": "Oct 2023",
    "netpnl": 957052.1121749996
  },
  {
    "pnl": 1089230.25,
    "date": "2023-10-28T00:00:00",
    "weekday": "Oct 2023",
    "netpnl": 957052.1121749996
  },
  {
    "pnl": 1089230.25,
    "date": "2023-10-29T00:00:00",
    "weekday": "Oct 2023",
    "netpnl": 957052.1121749996
  },
  {
    "pnl": 1118532.75,
    "date": "2023-10-30T00:00:00",
    "weekday": "Oct 2023",
    "netpnl": 985253.5604359995
  },
  {
    "pnl": 1136424.75,
    "date": "2023-10-31T00:00:00",
    "weekday": "Oct 2023",
    "netpnl": 1001784.1096569996
  },
  {
    "pnl": 1271934.75,
    "date": "2023-11-01T00:00:00",
    "weekday": "Nov 2023",
    "netpnl": 1136149.4028429997
  },
  {
    "pnl": 1307079.75,
    "date": "2023-11-02T00:00:00",
    "weekday": "Nov 2023",
    "netpnl": 1169904.809866
  },
  {
    "pnl": 1307079.75,
    "date": "2023-11-03T00:00:00",
    "weekday": "Nov 2023",
    "netpnl": 1169904.809866
  },
  {
    "pnl": 1307079.75,
    "date": "2023-11-04T00:00:00",
    "weekday": "Nov 2023",
    "netpnl": 1169904.809866
  },
  {
    "pnl": 1307079.75,
    "date": "2023-11-05T00:00:00",
    "weekday": "Nov 2023",
    "netpnl": 1169904.809866
  },
  {
    "pnl": 1341561.0,
    "date": "2023-11-06T00:00:00",
    "weekday": "Nov 2023",
    "netpnl": 1203233.856482
  },
  {
    "pnl": 1254123.0,
    "date": "2023-11-07T00:00:00",
    "weekday": "Nov 2023",
    "netpnl": 1114282.6366219998
  },
  {
    "pnl": 1295208.0,
    "date": "2023-11-08T00:00:00",
    "weekday": "Nov 2023",
    "netpnl": 1154220.006092
  },
  {
    "pnl": 1400885.5,
    "date": "2023-11-09T00:00:00",
    "weekday": "Nov 2023",
    "netpnl": 1258571.346855
  },
  {
    "pnl": 1400885.5,
    "date": "2023-11-10T00:00:00",
    "weekday": "Nov 2023",
    "netpnl": 1258571.346855
  },
  {
    "pnl": 1400885.5,
    "date": "2023-11-11T00:00:00",
    "weekday": "Nov 2023",
    "netpnl": 1258571.346855
  },
  {
    "pnl": 1400885.5,
    "date": "2023-11-12T00:00:00",
    "weekday": "Nov 2023",
    "netpnl": 1258571.346855
  },
  {
    "pnl": 1425255.5,
    "date": "2023-11-13T00:00:00",
    "weekday": "Nov 2023",
    "netpnl": 1281633.4796350005
  },
  {
    "pnl": 1425255.5,
    "date": "2023-11-14T00:00:00",
    "weekday": "Nov 2023",
    "netpnl": 1281633.4796350005
  },
  {
    "pnl": 1527746.75,
    "date": "2023-11-15T00:00:00",
    "weekday": "Nov 2023",
    "netpnl": 1382920.0280740007
  },
  {
    "pnl": 1507264.25,
    "date": "2023-11-16T00:00:00",
    "weekday": "Nov 2023",
    "netpnl": 1361038.4021280005
  },
  {
    "pnl": 1507264.25,
    "date": "2023-11-17T00:00:00",
    "weekday": "Nov 2023",
    "netpnl": 1361038.4021280005
  },
  {
    "pnl": 1507264.25,
    "date": "2023-11-18T00:00:00",
    "weekday": "Nov 2023",
    "netpnl": 1361038.4021280005
  },
  {
    "pnl": 1507264.25,
    "date": "2023-11-19T00:00:00",
    "weekday": "Nov 2023",
    "netpnl": 1361038.4021280005
  },
  {
    "pnl": 1481426.75,
    "date": "2023-11-20T00:00:00",
    "weekday": "Nov 2023",
    "netpnl": 1333910.2590330008
  },
  {
    "pnl": 1569118.75,
    "date": "2023-11-21T00:00:00",
    "weekday": "Nov 2023",
    "netpnl": 1420648.4072680005
  },
  {
    "pnl": 1617231.25,
    "date": "2023-11-22T00:00:00",
    "weekday": "Nov 2023",
    "netpnl": 1467591.8062770006
  },
  {
    "pnl": 1667223.75,
    "date": "2023-11-23T00:00:00",
    "weekday": "Nov 2023",
    "netpnl": 1516271.397443001
  },
  {
    "pnl": 1719457.5,
    "date": "2023-11-24T00:00:00",
    "weekday": "Nov 2023",
    "netpnl": 1567366.4576700006
  },
  {
    "pnl": 1719457.5,
    "date": "2023-11-25T00:00:00",
    "weekday": "Nov 2023",
    "netpnl": 1567366.4576700006
  },
  {
    "pnl": 1719457.5,
    "date": "2023-11-26T00:00:00",
    "weekday": "Nov 2023",
    "netpnl": 1567366.4576700006
  },
  {
    "pnl": 1719457.5,
    "date": "2023-11-27T00:00:00",
    "weekday": "Nov 2023",
    "netpnl": 1567366.4576700006
  },
  {
    "pnl": 1718711.5,
    "date": "2023-11-28T00:00:00",
    "weekday": "Nov 2023",
    "netpnl": 1565397.8659290008
  },
  {
    "pnl": 1718711.5,
    "date": "2023-11-29T00:00:00",
    "weekday": "Nov 2023",
    "netpnl": 1565397.8659290008
  },
  {
    "pnl": 1712237.5,
    "date": "2023-11-30T00:00:00",
    "weekday": "Nov 2023",
    "netpnl": 1557581.3842990007
  },
  {
    "pnl": 1712237.5,
    "date": "2023-12-01T00:00:00",
    "weekday": "Dec 2023",
    "netpnl": 1557581.3842990007
  },
  {
    "pnl": 1712237.5,
    "date": "2023-12-02T00:00:00",
    "weekday": "Dec 2023",
    "netpnl": 1557581.3842990007
  },
  {
    "pnl": 1712237.5,
    "date": "2023-12-03T00:00:00",
    "weekday": "Dec 2023",
    "netpnl": 1557581.3842990007
  },
  {
    "pnl": 1669082.5,
    "date": "2023-12-04T00:00:00",
    "weekday": "Dec 2023",
    "netpnl": 1512440.028742001
  },
  {
    "pnl": 1683598.5,
    "date": "2023-12-05T00:00:00",
    "weekday": "Dec 2023",
    "netpnl": 1525522.1571800006
  },
  {
    "pnl": 1691365.5,
    "date": "2023-12-06T00:00:00",
    "weekday": "Dec 2023",
    "netpnl": 1531872.4308210006
  },
  {
    "pnl": 1775505.5,
    "date": "2023-12-07T00:00:00",
    "weekday": "Dec 2023",
    "netpnl": 1614694.5821760003
  },
  {
    "pnl": 1775505.5,
    "date": "2023-12-08T00:00:00",
    "weekday": "Dec 2023",
    "netpnl": 1614694.5821760003
  },
  {
    "pnl": 1775505.5,
    "date": "2023-12-09T00:00:00",
    "weekday": "Dec 2023",
    "netpnl": 1614694.5821760003
  },
  {
    "pnl": 1775505.5,
    "date": "2023-12-10T00:00:00",
    "weekday": "Dec 2023",
    "netpnl": 1614694.5821760003
  },
  {
    "pnl": 1729856.75,
    "date": "2023-12-11T00:00:00",
    "weekday": "Dec 2023",
    "netpnl": 1567817.6663900004
  },
  {
    "pnl": 1748198.75,
    "date": "2023-12-12T00:00:00",
    "weekday": "Dec 2023",
    "netpnl": 1584762.5338430004
  },
  {
    "pnl": 1786505.0,
    "date": "2023-12-13T00:00:00",
    "weekday": "Dec 2023",
    "netpnl": 1621674.0823690007
  },
  {
    "pnl": 1747075.0,
    "date": "2023-12-14T00:00:00",
    "weekday": "Dec 2023",
    "netpnl": 1580834.4165340005
  },
  {
    "pnl": 1747075.0,
    "date": "2023-12-15T00:00:00",
    "weekday": "Dec 2023",
    "netpnl": 1580834.4165340005
  },
  {
    "pnl": 1747075.0,
    "date": "2023-12-16T00:00:00",
    "weekday": "Dec 2023",
    "netpnl": 1580834.4165340005
  },
  {
    "pnl": 1747075.0,
    "date": "2023-12-17T00:00:00",
    "weekday": "Dec 2023",
    "netpnl": 1580834.4165340005
  },
  {
    "pnl": 1753146.25,
    "date": "2023-12-18T00:00:00",
    "weekday": "Dec 2023",
    "netpnl": 1585904.5557130007
  },
  {
    "pnl": 1778556.25,
    "date": "2023-12-19T00:00:00",
    "weekday": "Dec 2023",
    "netpnl": 1609957.6801610007
  },
  {
    "pnl": 1799242.75,
    "date": "2023-12-20T00:00:00",
    "weekday": "Dec 2023",
    "netpnl": 1629065.3013520008
  },
  {
    "pnl": 1800092.75,
    "date": "2023-12-21T00:00:00",
    "weekday": "Dec 2023",
    "netpnl": 1628394.4010070008
  },
  {
    "pnl": 1807795.25,
    "date": "2023-12-22T00:00:00",
    "weekday": "Dec 2023",
    "netpnl": 1634684.0576770008
  },
  {
    "pnl": 1807795.25,
    "date": "2023-12-23T00:00:00",
    "weekday": "Dec 2023",
    "netpnl": 1634684.0576770008
  },
  {
    "pnl": 1807795.25,
    "date": "2023-12-24T00:00:00",
    "weekday": "Dec 2023",
    "netpnl": 1634684.0576770008
  },
  {
    "pnl": 1807795.25,
    "date": "2023-12-25T00:00:00",
    "weekday": "Dec 2023",
    "netpnl": 1634684.0576770008
  },
  {
    "pnl": 1710761.25,
    "date": "2023-12-26T00:00:00",
    "weekday": "Dec 2023",
    "netpnl": 1535955.9974000007
  },
  {
    "pnl": 1710761.25,
    "date": "2023-12-27T00:00:00",
    "weekday": "Dec 2023",
    "netpnl": 1535955.9974000007
  },
  {
    "pnl": 1759180.5,
    "date": "2023-12-28T00:00:00",
    "weekday": "Dec 2023",
    "netpnl": 1582906.9969160007
  },
  {
    "pnl": 1759180.5,
    "date": "2023-12-29T00:00:00",
    "weekday": "Dec 2023",
    "netpnl": 1582906.9969160007
  },
  {
    "pnl": 1759180.5,
    "date": "2023-12-30T00:00:00",
    "weekday": "Dec 2023",
    "netpnl": 1582906.9969160007
  },
  {
    "pnl": 1759180.5,
    "date": "2023-12-31T00:00:00",
    "weekday": "Dec 2023",
    "netpnl": 1582906.9969160007
  },
  {
    "pnl": 1782558.0,
    "date": "2024-01-01T00:00:00",
    "weekday": "Jan 2024",
    "netpnl": 1605099.6836960004
  },
  {
    "pnl": 1833782.0,
    "date": "2024-01-02T00:00:00",
    "weekday": "Jan 2024",
    "netpnl": 1654970.2221700004
  },
  {
    "pnl": 1840991.0,
    "date": "2024-01-03T00:00:00",
    "weekday": "Jan 2024",
    "netpnl": 1660881.5165850003
  },
  {
    "pnl": 1916271.0,
    "date": "2024-01-04T00:00:00",
    "weekday": "Jan 2024",
    "netpnl": 1734910.412149
  },
  {
    "pnl": 1916271.0,
    "date": "2024-01-05T00:00:00",
    "weekday": "Jan 2024",
    "netpnl": 1734910.412149
  },
  {
    "pnl": 1916271.0,
    "date": "2024-01-06T00:00:00",
    "weekday": "Jan 2024",
    "netpnl": 1734910.412149
  },
  {
    "pnl": 1916271.0,
    "date": "2024-01-07T00:00:00",
    "weekday": "Jan 2024",
    "netpnl": 1734910.412149
  },
  {
    "pnl": 1908778.5,
    "date": "2024-01-08T00:00:00",
    "weekday": "Jan 2024",
    "netpnl": 1726131.8411420002
  },
  {
    "pnl": 1875902.5,
    "date": "2024-01-09T00:00:00",
    "weekday": "Jan 2024",
    "netpnl": 1691597.1826330004
  },
  {
    "pnl": 1822303.0,
    "date": "2024-01-10T00:00:00",
    "weekday": "Jan 2024",
    "netpnl": 1636555.7650480005
  },
  {
    "pnl": 1850968.0,
    "date": "2024-01-11T00:00:00",
    "weekday": "Jan 2024",
    "netpnl": 1663808.7063260004
  },
  {
    "pnl": 1850968.0,
    "date": "2024-01-12T00:00:00",
    "weekday": "Jan 2024",
    "netpnl": 1663808.7063260004
  },
  {
    "pnl": 1850968.0,
    "date": "2024-01-13T00:00:00",
    "weekday": "Jan 2024",
    "netpnl": 1663808.7063260004
  },
  {
    "pnl": 1850968.0,
    "date": "2024-01-14T00:00:00",
    "weekday": "Jan 2024",
    "netpnl": 1663808.7063260004
  },
  {
    "pnl": 1912014.25,
    "date": "2024-01-15T00:00:00",
    "weekday": "Jan 2024",
    "netpnl": 1723526.1619900004
  },
  {
    "pnl": 1844196.25,
    "date": "2024-01-16T00:00:00",
    "weekday": "Jan 2024",
    "netpnl": 1654289.6794220004
  },
  {
    "pnl": 1841489.5,
    "date": "2024-01-17T00:00:00",
    "weekday": "Jan 2024",
    "netpnl": 1650166.0274360003
  },
  {
    "pnl": 1794462.0,
    "date": "2024-01-18T00:00:00",
    "weekday": "Jan 2024",
    "netpnl": 1601699.8560820003
  },
  {
    "pnl": 1794462.0,
    "date": "2024-01-19T00:00:00",
    "weekday": "Jan 2024",
    "netpnl": 1601699.8560820003
  },
  {
    "pnl": 1794462.0,
    "date": "2024-01-20T00:00:00",
    "weekday": "Jan 2024",
    "netpnl": 1601699.8560820003
  },
  {
    "pnl": 1794462.0,
    "date": "2024-01-21T00:00:00",
    "weekday": "Jan 2024",
    "netpnl": 1601699.8560820003
  },
  {
    "pnl": 1794462.0,
    "date": "2024-01-22T00:00:00",
    "weekday": "Jan 2024",
    "netpnl": 1601699.8560820003
  },
  {
    "pnl": 1827054.0,
    "date": "2024-01-23T00:00:00",
    "weekday": "Jan 2024",
    "netpnl": 1632683.1846280005
  },
  {
    "pnl": 1827054.0,
    "date": "2024-01-24T00:00:00",
    "weekday": "Jan 2024",
    "netpnl": 1632683.1846280005
  },
  {
    "pnl": 1814836.5,
    "date": "2024-01-25T00:00:00",
    "weekday": "Jan 2024",
    "netpnl": 1618937.7634440004
  },
  {
    "pnl": 1814836.5,
    "date": "2024-01-26T00:00:00",
    "weekday": "Jan 2024",
    "netpnl": 1618937.7634440004
  },
  {
    "pnl": 1814836.5,
    "date": "2024-01-27T00:00:00",
    "weekday": "Jan 2024",
    "netpnl": 1618937.7634440004
  },
  {
    "pnl": 1814836.5,
    "date": "2024-01-28T00:00:00",
    "weekday": "Jan 2024",
    "netpnl": 1618937.7634440004
  },
  {
    "pnl": 1727255.25,
    "date": "2024-01-29T00:00:00",
    "weekday": "Jan 2024",
    "netpnl": 1529955.3079730002
  },
  {
    "pnl": 1765165.25,
    "date": "2024-01-30T00:00:00",
    "weekday": "Jan 2024",
    "netpnl": 1566190.3200740002
  },
  {
    "pnl": 1765807.25,
    "date": "2024-01-31T00:00:00",
    "weekday": "Jan 2024",
    "netpnl": 1565063.7596360003
  },
  {
    "pnl": 1874742.25,
    "date": "2024-02-01T00:00:00",
    "weekday": "Feb 2024",
    "netpnl": 1672687.0593200002
  },
  {
    "pnl": 1874742.25,
    "date": "2024-02-02T00:00:00",
    "weekday": "Feb 2024",
    "netpnl": 1672687.0593200002
  },
  {
    "pnl": 1874742.25,
    "date": "2024-02-03T00:00:00",
    "weekday": "Feb 2024",
    "netpnl": 1672687.0593200002
  },
  {
    "pnl": 1874742.25,
    "date": "2024-02-04T00:00:00",
    "weekday": "Feb 2024",
    "netpnl": 1672687.0593200002
  },
  {
    "pnl": 1824743.5,
    "date": "2024-02-05T00:00:00",
    "weekday": "Feb 2024",
    "netpnl": 1621119.7473300002
  },
  {
    "pnl": 1884131.5,
    "date": "2024-02-06T00:00:00",
    "weekday": "Feb 2024",
    "netpnl": 1678993.4566580001
  },
  {
    "pnl": 1886170.0,
    "date": "2024-02-07T00:00:00",
    "weekday": "Feb 2024",
    "netpnl": 1679589.234844
  },
  {
    "pnl": 1882930.0,
    "date": "2024-02-08T00:00:00",
    "weekday": "Feb 2024",
    "netpnl": 1674667.560121
  },
  {
    "pnl": 1882930.0,
    "date": "2024-02-09T00:00:00",
    "weekday": "Feb 2024",
    "netpnl": 1674667.560121
  },
  {
    "pnl": 1882930.0,
    "date": "2024-02-10T00:00:00",
    "weekday": "Feb 2024",
    "netpnl": 1674667.560121
  },
  {
    "pnl": 1882930.0,
    "date": "2024-02-11T00:00:00",
    "weekday": "Feb 2024",
    "netpnl": 1674667.560121
  },
  {
    "pnl": 1914816.25,
    "date": "2024-02-12T00:00:00",
    "weekday": "Feb 2024",
    "netpnl": 1705339.271378
  },
  {
    "pnl": 1956554.25,
    "date": "2024-02-13T00:00:00",
    "weekday": "Feb 2024",
    "netpnl": 1745621.0212980001
  },
  {
    "pnl": 1941526.5,
    "date": "2024-02-14T00:00:00",
    "weekday": "Feb 2024",
    "netpnl": 1729033.0069300001
  },
  {
    "pnl": 2039099.0,
    "date": "2024-02-15T00:00:00",
    "weekday": "Feb 2024",
    "netpnl": 1825277.3847410001
  },
  {
    "pnl": 2039099.0,
    "date": "2024-02-16T00:00:00",
    "weekday": "Feb 2024",
    "netpnl": 1825277.3847410001
  },
  {
    "pnl": 2039099.0,
    "date": "2024-02-17T00:00:00",
    "weekday": "Feb 2024",
    "netpnl": 1825277.3847410001
  },
  {
    "pnl": 2039099.0,
    "date": "2024-02-18T00:00:00",
    "weekday": "Feb 2024",
    "netpnl": 1825277.3847410001
  },
  {
    "pnl": 2065341.5,
    "date": "2024-02-19T00:00:00",
    "weekday": "Feb 2024",
    "netpnl": 1850457.9300550001
  },
  {
    "pnl": 2116187.5,
    "date": "2024-02-20T00:00:00",
    "weekday": "Feb 2024",
    "netpnl": 1899983.519549
  },
  {
    "pnl": 2151121.0,
    "date": "2024-02-21T00:00:00",
    "weekday": "Feb 2024",
    "netpnl": 1933708.050432
  },
  {
    "pnl": 2165601.0,
    "date": "2024-02-22T00:00:00",
    "weekday": "Feb 2024",
    "netpnl": 1946744.664636
  },
  {
    "pnl": 2165601.0,
    "date": "2024-02-23T00:00:00",
    "weekday": "Feb 2024",
    "netpnl": 1946744.664636
  },
  {
    "pnl": 2165601.0,
    "date": "2024-02-24T00:00:00",
    "weekday": "Feb 2024",
    "netpnl": 1946744.664636
  },
  {
    "pnl": 2165601.0,
    "date": "2024-02-25T00:00:00",
    "weekday": "Feb 2024",
    "netpnl": 1946744.664636
  },
  {
    "pnl": 2185367.25,
    "date": "2024-02-26T00:00:00",
    "weekday": "Feb 2024",
    "netpnl": 1965014.182164
  },
  {
    "pnl": 2317719.25,
    "date": "2024-02-27T00:00:00",
    "weekday": "Feb 2024",
    "netpnl": 2096057.8445080002
  },
  {
    "pnl": 2317719.25,
    "date": "2024-02-28T00:00:00",
    "weekday": "Feb 2024",
    "netpnl": 2096057.8445080002
  },
  {
    "pnl": 2182306.75,
    "date": "2024-02-29T00:00:00",
    "weekday": "Feb 2024",
    "netpnl": 1958858.978792
  },
  {
    "pnl": 2182306.75,
    "date": "2024-03-01T00:00:00",
    "weekday": "Mar 2024",
    "netpnl": 1958858.978792
  },
  {
    "pnl": 2182306.75,
    "date": "2024-03-02T00:00:00",
    "weekday": "Mar 2024",
    "netpnl": 1958858.978792
  },
  {
    "pnl": 2182306.75,
    "date": "2024-03-03T00:00:00",
    "weekday": "Mar 2024",
    "netpnl": 1958858.978792
  },
  {
    "pnl": 2218625.5,
    "date": "2024-03-04T00:00:00",
    "weekday": "Mar 2024",
    "netpnl": 1993874.2269010001
  },
  {
    "pnl": 2178415.5,
    "date": "2024-03-05T00:00:00",
    "weekday": "Mar 2024",
    "netpnl": 1952238.500098
  },
  {
    "pnl": 2179086.0,
    "date": "2024-03-06T00:00:00",
    "weekday": "Mar 2024",
    "netpnl": 1951618.750208
  },
  {
    "pnl": 2284138.5,
    "date": "2024-03-07T00:00:00",
    "weekday": "Mar 2024",
    "netpnl": 2055494.494991
  },
  {
    "pnl": 2284138.5,
    "date": "2024-03-08T00:00:00",
    "weekday": "Mar 2024",
    "netpnl": 2055494.494991
  },
  {
    "pnl": 2284138.5,
    "date": "2024-03-09T00:00:00",
    "weekday": "Mar 2024",
    "netpnl": 2055494.494991
  },
  {
    "pnl": 2284138.5,
    "date": "2024-03-10T00:00:00",
    "weekday": "Mar 2024",
    "netpnl": 2055494.494991
  },
  {
    "pnl": 2362059.75,
    "date": "2024-03-11T00:00:00",
    "weekday": "Mar 2024",
    "netpnl": 2132145.186194
  },
  {
    "pnl": 2477361.75,
    "date": "2024-03-12T00:00:00",
    "weekday": "Mar 2024",
    "netpnl": 2245959.2539
  },
  {
    "pnl": 2526010.5,
    "date": "2024-03-13T00:00:00",
    "weekday": "Mar 2024",
    "netpnl": 2293389.939725
  },
  {
    "pnl": 2608053.0,
    "date": "2024-03-14T00:00:00",
    "weekday": "Mar 2024",
    "netpnl": 2374161.267299
  },
  {
    "pnl": 2608053.0,
    "date": "2024-03-15T00:00:00",
    "weekday": "Mar 2024",
    "netpnl": 2374161.267299
  },
  {
    "pnl": 2608053.0,
    "date": "2024-03-16T00:00:00",
    "weekday": "Mar 2024",
    "netpnl": 2374161.267299
  },
  {
    "pnl": 2608053.0,
    "date": "2024-03-17T00:00:00",
    "weekday": "Mar 2024",
    "netpnl": 2374161.267299
  },
  {
    "pnl": 2601126.75,
    "date": "2024-03-18T00:00:00",
    "weekday": "Mar 2024",
    "netpnl": 2365946.618894
  },
  {
    "pnl": 2540638.75,
    "date": "2024-03-19T00:00:00",
    "weekday": "Mar 2024",
    "netpnl": 2304228.630905
  }
]