[
  {
    "pnl": 0.0,
    "date": "2023-02-28T00:00:00",
    "weekday": "Feb 2023",
    "netpnl": 29465.389863
  },
  {
    "pnl": 0.0,
    "date": "2023-03-01T00:00:00",
    "weekday": "Mar 2023",
    "netpnl": 37220.307071
  },
  {
    "pnl": 0.0,
    "date": "2023-03-02T00:00:00",
    "weekday": "Mar 2023",
    "netpnl": 55672.654332
  },
  {
    "pnl": 0.0,
    "date": "2023-03-03T00:00:00",
    "weekday": "Mar 2023",
    "netpnl": 55672.654332
  },
  {
    "pnl": 0.0,
    "date": "2023-03-04T00:00:00",
    "weekday": "Mar 2023",
    "netpnl": 55672.654332
  },
  {
    "pnl": 0.0,
    "date": "2023-03-05T00:00:00",
    "weekday": "Mar 2023",
    "netpnl": 55672.654332
  },
  {
    "pnl": 0.0,
    "date": "2023-03-06T00:00:00",
    "weekday": "Mar 2023",
    "netpnl": 61016.600336999996
  },
  {
    "pnl": 0.0,
    "date": "2023-03-07T00:00:00",
    "weekday": "Mar 2023",
    "netpnl": 61016.600336999996
  },
  {
    "pnl": 0.0,
    "date": "2023-03-08T00:00:00",
    "weekday": "Mar 2023",
    "netpnl": 69434.974277
  },
  {
    "pnl": -48838.492266,
    "date": "2023-03-09T00:00:00",
    "weekday": "Mar 2023",
    "netpnl": 20596.482010999996
  },
  {
    "pnl": -48838.492266,
    "date": "2023-03-10T00:00:00",
    "weekday": "Mar 2023",
    "netpnl": 20596.482010999996
  },
  {
    "pnl": -48838.492266,
    "date": "2023-03-11T00:00:00",
    "weekday": "Mar 2023",
    "netpnl": 20596.482010999996
  },
  {
    "pnl": -48838.492266,
    "date": "2023-03-12T00:00:00",
    "weekday": "Mar 2023",
    "netpnl": 20596.482010999996
  },
  {
    "pnl": -19800.130052000008,
    "date": "2023-03-13T00:00:00",
    "weekday": "Mar 2023",
    "netpnl": 49634.84422499999
  },
  {
    "pnl": 0.0,
    "date": "2023-03-14T00:00:00",
    "weekday": "Mar 2023",
    "netpnl": 75746.72422999999
  },
  {
    "pnl": -19251.584848,
    "date": "2023-03-15T00:00:00",
    "weekday": "Mar 2023",
    "netpnl": 56495.139381999994
  },
  {
    "pnl": -84321.381008,
    "date": "2023-03-16T00:00:00",
    "weekday": "Mar 2023",
    "netpnl": -8574.656778
  },
  {
    "pnl": -84321.381008,
    "date": "2023-03-17T00:00:00",
    "weekday": "Mar 2023",
    "netpnl": -8574.656778
  },
  {
    "pnl": -84321.381008,
    "date": "2023-03-18T00:00:00",
    "weekday": "Mar 2023",
    "netpnl": -8574.656778
  },
  {
    "pnl": -84321.381008,
    "date": "2023-03-19T00:00:00",
    "weekday": "Mar 2023",
    "netpnl": -8574.656778
  },
  {
    "pnl": -109844.88048099999,
    "date": "2023-03-20T00:00:00",
    "weekday": "Mar 2023",
    "netpnl": -34098.15625099999
  },
  {
    "pnl": -113478.57311899998,
    "date": "2023-03-21T00:00:00",
    "weekday": "Mar 2023",
    "netpnl": -37731.848888999986
  },
  {
    "pnl": -98427.78006299998,
    "date": "2023-03-22T00:00:00",
    "weekday": "Mar 2023",
    "netpnl": -22681.055832999988
  },
  {
    "pnl": -165731.490221,
    "date": "2023-03-23T00:00:00",
    "weekday": "Mar 2023",
    "netpnl": -89984.76599099998
  },
  {
    "pnl": -165731.490221,
    "date": "2023-03-24T00:00:00",
    "weekday": "Mar 2023",
    "netpnl": -89984.76599099998
  },
  {
    "pnl": -165731.490221,
    "date": "2023-03-25T00:00:00",
    "weekday": "Mar 2023",
    "netpnl": -89984.76599099998
  },
  {
    "pnl": -165731.490221,
    "date": "2023-03-26T00:00:00",
    "weekday": "Mar 2023",
    "netpnl": -89984.76599099998
  },
  {
    "pnl": -114925.92788099997,
    "date": "2023-03-27T00:00:00",
    "weekday": "Mar 2023",
    "netpnl": -39179.203650999974
  },
  {
    "pnl": -78317.70245099996,
    "date": "2023-03-28T00:00:00",
    "weekday": "Mar 2023",
    "netpnl": -2570.9782209999757
  },
  {
    "pnl": -72180.39259599996,
    "date": "2023-03-29T00:00:00",
    "weekday": "Mar 2023",
    "netpnl": 3566.3316340000247
  },
  {
    "pnl": -72180.39259599996,
    "date": "2023-03-30T00:00:00",
    "weekday": "Mar 2023",
    "netpnl": 3566.3316340000247
  },
  {
    "pnl": -72180.39259599996,
    "date": "2023-03-31T00:00:00",
    "weekday": "Mar 2023",
    "netpnl": 3566.3316340000247
  },
  {
    "pnl": -72180.39259599996,
    "date": "2023-04-01T00:00:00",
    "weekday": "Apr 2023",
    "netpnl": 3566.3316340000247
  },
  {
    "pnl": -72180.39259599996,
    "date": "2023-04-02T00:00:00",
    "weekday": "Apr 2023",
    "netpnl": 3566.3316340000247
  },
  {
    "pnl": -54238.993034,
    "date": "2023-04-03T00:00:00",
    "weekday": "Apr 2023",
    "netpnl": 21507.73119599999
  },
  {
    "pnl": -54238.993034,
    "date": "2023-04-04T00:00:00",
    "weekday": "Apr 2023",
    "netpnl": 21507.73119599999
  },
  {
    "pnl": -35495.188278999995,
    "date": "2023-04-05T00:00:00",
    "weekday": "Apr 2023",
    "netpnl": 40251.535951
  },
  {
    "pnl": 0.0,
    "date": "2023-04-06T00:00:00",
    "weekday": "Apr 2023",
    "netpnl": 90947.54646299998
  },
  {
    "pnl": 0.0,
    "date": "2023-04-07T00:00:00",
    "weekday": "Apr 2023",
    "netpnl": 90947.54646299998
  },
  {
    "pnl": 0.0,
    "date": "2023-04-08T00:00:00",
    "weekday": "Apr 2023",
    "netpnl": 90947.54646299998
  },
  {
    "pnl": 0.0,
    "date": "2023-04-09T00:00:00",
    "weekday": "Apr 2023",
    "netpnl": 90947.54646299998
  },
  {
    "pnl": -16281.621851999967,
    "date": "2023-04-10T00:00:00",
    "weekday": "Apr 2023",
    "netpnl": 74665.92461100001
  },
  {
    "pnl": -17057.109753999976,
    "date": "2023-04-11T00:00:00",
    "weekday": "Apr 2023",
    "netpnl": 73890.436709
  },
  {
    "pnl": -10080.933828999987,
    "date": "2023-04-12T00:00:00",
    "weekday": "Apr 2023",
    "netpnl": 80866.61263399999
  },
  {
    "pnl": -37019.98064999997,
    "date": "2023-04-13T00:00:00",
    "weekday": "Apr 2023",
    "netpnl": 53927.56581300001
  },
  {
    "pnl": -37019.98064999997,
    "date": "2023-04-14T00:00:00",
    "weekday": "Apr 2023",
    "netpnl": 53927.56581300001
  },
  {
    "pnl": -37019.98064999997,
    "date": "2023-04-15T00:00:00",
    "weekday": "Apr 2023",
    "netpnl": 53927.56581300001
  },
  {
    "pnl": -37019.98064999997,
    "date": "2023-04-16T00:00:00",
    "weekday": "Apr 2023",
    "netpnl": 53927.56581300001
  },
  {
    "pnl": -52638.63029699997,
    "date": "2023-04-17T00:00:00",
    "weekday": "Apr 2023",
    "netpnl": 38308.91616600001
  },
  {
    "pnl": -76222.37623699996,
    "date": "2023-04-18T00:00:00",
    "weekday": "Apr 2023",
    "netpnl": 14725.170226000013
  },
  {
    "pnl": -67019.88899199996,
    "date": "2023-04-19T00:00:00",
    "weekday": "Apr 2023",
    "netpnl": 23927.65747100001
  },
  {
    "pnl": -50342.05977699997,
    "date": "2023-04-20T00:00:00",
    "weekday": "Apr 2023",
    "netpnl": 40605.486686000004
  },
  {
    "pnl": -50342.05977699997,
    "date": "2023-04-21T00:00:00",
    "weekday": "Apr 2023",
    "netpnl": 40605.486686000004
  },
  {
    "pnl": -50342.05977699997,
    "date": "2023-04-22T00:00:00",
    "weekday": "Apr 2023",
    "netpnl": 40605.486686000004
  },
  {
    "pnl": -50342.05977699997,
    "date": "2023-04-23T00:00:00",
    "weekday": "Apr 2023",
    "netpnl": 40605.486686000004
  },
  {
    "pnl": -66919.67362699997,
    "date": "2023-04-24T00:00:00",
    "weekday": "Apr 2023",
    "netpnl": 24027.872836000006
  },
  {
    "pnl": -74937.23017199997,
    "date": "2023-04-25T00:00:00",
    "weekday": "Apr 2023",
    "netpnl": 16010.316291000006
  },
  {
    "pnl": -69443.99204499996,
    "date": "2023-04-26T00:00:00",
    "weekday": "Apr 2023",
    "netpnl": 21503.55441800001
  },
  {
    "pnl": -59719.425965999966,
    "date": "2023-04-27T00:00:00",
    "weekday": "Apr 2023",
    "netpnl": 31228.120497000007
  },
  {
    "pnl": -59719.425965999966,
    "date": "2023-04-28T00:00:00",
    "weekday": "Apr 2023",
    "netpnl": 31228.120497000007
  },
  {
    "pnl": -59719.425965999966,
    "date": "2023-04-29T00:00:00",
    "weekday": "Apr 2023",
    "netpnl": 31228.120497000007
  },
  {
    "pnl": -59719.425965999966,
    "date": "2023-04-30T00:00:00",
    "weekday": "Apr 2023",
    "netpnl": 31228.120497000007
  },
  {
    "pnl": -59719.425965999966,
    "date": "2023-05-01T00:00:00",
    "weekday": "May 2023",
    "netpnl": 31228.120497000007
  },
  {
    "pnl": -32553.402371999968,
    "date": "2023-05-02T00:00:00",
    "weekday": "May 2023",
    "netpnl": 58394.14409100001
  },
  {
    "pnl": -31301.281546999948,
    "date": "2023-05-03T00:00:00",
    "weekday": "May 2023",
    "netpnl": 59646.26491600003
  },
  {
    "pnl": -66028.68790199996,
    "date": "2023-05-04T00:00:00",
    "weekday": "May 2023",
    "netpnl": 24918.858561000012
  },
  {
    "pnl": -66028.68790199996,
    "date": "2023-05-05T00:00:00",
    "weekday": "May 2023",
    "netpnl": 24918.858561000012
  },
  {
    "pnl": -66028.68790199996,
    "date": "2023-05-06T00:00:00",
    "weekday": "May 2023",
    "netpnl": 24918.858561000012
  },
  {
    "pnl": -66028.68790199996,
    "date": "2023-05-07T00:00:00",
    "weekday": "May 2023",
    "netpnl": 24918.858561000012
  },
  {
    "pnl": -51566.90604299995,
    "date": "2023-05-08T00:00:00",
    "weekday": "May 2023",
    "netpnl": 39380.640420000025
  },
  {
    "pnl": -72963.10030299997,
    "date": "2023-05-09T00:00:00",
    "weekday": "May 2023",
    "netpnl": 17984.446160000003
  },
  {
    "pnl": -89163.65440399997,
    "date": "2023-05-10T00:00:00",
    "weekday": "May 2023",
    "netpnl": 1783.8920589999989
  },
  {
    "pnl": -93123.69073999999,
    "date": "2023-05-11T00:00:00",
    "weekday": "May 2023",
    "netpnl": -2176.1442770000203
  },
  {
    "pnl": -93123.69073999999,
    "date": "2023-05-12T00:00:00",
    "weekday": "May 2023",
    "netpnl": -2176.1442770000203
  },
  {
    "pnl": -93123.69073999999,
    "date": "2023-05-13T00:00:00",
    "weekday": "May 2023",
    "netpnl": -2176.1442770000203
  },
  {
    "pnl": -93123.69073999999,
    "date": "2023-05-14T00:00:00",
    "weekday": "May 2023",
    "netpnl": -2176.1442770000203
  },
  {
    "pnl": -79735.00420199997,
    "date": "2023-05-15T00:00:00",
    "weekday": "May 2023",
    "netpnl": 11212.542261000006
  },
  {
    "pnl": -87280.20082799997,
    "date": "2023-05-16T00:00:00",
    "weekday": "May 2023",
    "netpnl": 3667.3456349999988
  },
  {
    "pnl": -91341.04217999999,
    "date": "2023-05-17T00:00:00",
    "weekday": "May 2023",
    "netpnl": -393.4957170000189
  },
  {
    "pnl": -132621.74386,
    "date": "2023-05-18T00:00:00",
    "weekday": "May 2023",
    "netpnl": -41674.19739700002
  },
  {
    "pnl": -132621.74386,
    "date": "2023-05-19T00:00:00",
    "weekday": "May 2023",
    "netpnl": -41674.19739700002
  },
  {
    "pnl": -132621.74386,
    "date": "2023-05-20T00:00:00",
    "weekday": "May 2023",
    "netpnl": -41674.19739700002
  },
  {
    "pnl": -132621.74386,
    "date": "2023-05-21T00:00:00",
    "weekday": "May 2023",
    "netpnl": -41674.19739700002
  },
  {
    "pnl": -157191.16441499998,
    "date": "2023-05-22T00:00:00",
    "weekday": "May 2023",
    "netpnl": -66243.617952
  },
  {
    "pnl": -137484.291396,
    "date": "2023-05-23T00:00:00",
    "weekday": "May 2023",
    "netpnl": -46536.744933000016
  },
  {
    "pnl": -163835.40882299998,
    "date": "2023-05-24T00:00:00",
    "weekday": "May 2023",
    "netpnl": -72887.86236
  },
  {
    "pnl": -140764.51197599998,
    "date": "2023-05-25T00:00:00",
    "weekday": "May 2023",
    "netpnl": -49816.96551300001
  },
  {
    "pnl": -140764.51197599998,
    "date": "2023-05-26T00:00:00",
    "weekday": "May 2023",
    "netpnl": -49816.96551300001
  },
  {
    "pnl": -140764.51197599998,
    "date": "2023-05-27T00:00:00",
    "weekday": "May 2023",
    "netpnl": -49816.96551300001
  },
  {
    "pnl": -140764.51197599998,
    "date": "2023-05-28T00:00:00",
    "weekday": "May 2023",
    "netpnl": -49816.96551300001
  },
  {
    "pnl": -153051.28027999998,
    "date": "2023-05-29T00:00:00",
    "weekday": "May 2023",
    "netpnl": -62103.73381700001
  },
  {
    "pnl": -117154.50234799998,
    "date": "2023-05-30T00:00:00",
    "weekday": "May 2023",
    "netpnl": -26206.95588500001
  },
  {
    "pnl": -132219.121009,
    "date": "2023-05-31T00:00:00",
    "weekday": "May 2023",
    "netpnl": -41271.57454600001
  },
  {
    "pnl": -79601.13983099992,
    "date": "2023-06-01T00:00:00",
    "weekday": "Jun 2023",
    "netpnl": 11346.406632000064
  },
  {
    "pnl": -79601.13983099992,
    "date": "2023-06-02T00:00:00",
    "weekday": "Jun 2023",
    "netpnl": 11346.406632000064
  },
  {
    "pnl": -79601.13983099992,
    "date": "2023-06-03T00:00:00",
    "weekday": "Jun 2023",
    "netpnl": 11346.406632000064
  },
  {
    "pnl": -79601.13983099992,
    "date": "2023-06-04T00:00:00",
    "weekday": "Jun 2023",
    "netpnl": 11346.406632000064
  },
  {
    "pnl": -52540.46328799995,
    "date": "2023-06-05T00:00:00",
    "weekday": "Jun 2023",
    "netpnl": 38407.08317500003
  },
  {
    "pnl": -13126.473022999926,
    "date": "2023-06-06T00:00:00",
    "weekday": "Jun 2023",
    "netpnl": 77821.07344000005
  },
  {
    "pnl": -4600.0246099999495,
    "date": "2023-06-07T00:00:00",
    "weekday": "Jun 2023",
    "netpnl": 86347.52185300003
  },
  {
    "pnl": 0.0,
    "date": "2023-06-08T00:00:00",
    "weekday": "Jun 2023",
    "netpnl": 116867.52057000007
  },
  {
    "pnl": 0.0,
    "date": "2023-06-09T00:00:00",
    "weekday": "Jun 2023",
    "netpnl": 116867.52057000007
  },
  {
    "pnl": 0.0,
    "date": "2023-06-10T00:00:00",
    "weekday": "Jun 2023",
    "netpnl": 116867.52057000007
  },
  {
    "pnl": 0.0,
    "date": "2023-06-11T00:00:00",
    "weekday": "Jun 2023",
    "netpnl": 116867.52057000007
  },
  {
    "pnl": 0.0,
    "date": "2023-06-12T00:00:00",
    "weekday": "Jun 2023",
    "netpnl": 133416.37859600002
  },
  {
    "pnl": 0.0,
    "date": "2023-06-13T00:00:00",
    "weekday": "Jun 2023",
    "netpnl": 145257.27726800006
  },
  {
    "pnl": 0.0,
    "date": "2023-06-14T00:00:00",
    "weekday": "Jun 2023",
    "netpnl": 147464.22513600002
  },
  {
    "pnl": 0.0,
    "date": "2023-06-15T00:00:00",
    "weekday": "Jun 2023",
    "netpnl": 186992.6852590001
  },
  {
    "pnl": 0.0,
    "date": "2023-06-16T00:00:00",
    "weekday": "Jun 2023",
    "netpnl": 186992.6852590001
  },
  {
    "pnl": 0.0,
    "date": "2023-06-17T00:00:00",
    "weekday": "Jun 2023",
    "netpnl": 186992.6852590001
  },
  {
    "pnl": 0.0,
    "date": "2023-06-18T00:00:00",
    "weekday": "Jun 2023",
    "netpnl": 186992.6852590001
  },
  {
    "pnl": 0.0,
    "date": "2023-06-19T00:00:00",
    "weekday": "Jun 2023",
    "netpnl": 208837.79645000008
  },
  {
    "pnl": -10318.989216000016,
    "date": "2023-06-20T00:00:00",
    "weekday": "Jun 2023",
    "netpnl": 198518.80723400007
  },
  {
    "pnl": -24730.32705999998,
    "date": "2023-06-21T00:00:00",
    "weekday": "Jun 2023",
    "netpnl": 184107.4693900001
  },
  {
    "pnl": -36670.387880999944,
    "date": "2023-06-22T00:00:00",
    "weekday": "Jun 2023",
    "netpnl": 172167.40856900014
  },
  {
    "pnl": -36670.387880999944,
    "date": "2023-06-23T00:00:00",
    "weekday": "Jun 2023",
    "netpnl": 172167.40856900014
  },
  {
    "pnl": -36670.387880999944,
    "date": "2023-06-24T00:00:00",
    "weekday": "Jun 2023",
    "netpnl": 172167.40856900014
  },
  {
    "pnl": -36670.387880999944,
    "date": "2023-06-25T00:00:00",
    "weekday": "Jun 2023",
    "netpnl": 172167.40856900014
  },
  {
    "pnl": -30575.496858999948,
    "date": "2023-06-26T00:00:00",
    "weekday": "Jun 2023",
    "netpnl": 178262.29959100013
  },
  {
    "pnl": -14050.524654000008,
    "date": "2023-06-27T00:00:00",
    "weekday": "Jun 2023",
    "netpnl": 194787.27179600007
  },
  {
    "pnl": -9350.830018999986,
    "date": "2023-06-28T00:00:00",
    "weekday": "Jun 2023",
    "netpnl": 199486.9664310001
  },
  {
    "pnl": -9350.830018999986,
    "date": "2023-06-29T00:00:00",
    "weekday": "Jun 2023",
    "netpnl": 199486.9664310001
  },
  {
    "pnl": -9350.830018999986,
    "date": "2023-06-30T00:00:00",
    "weekday": "Jun 2023",
    "netpnl": 199486.9664310001
  },
  {
    "pnl": -9350.830018999986,
    "date": "2023-07-01T00:00:00",
    "weekday": "Jul 2023",
    "netpnl": 199486.9664310001
  },
  {
    "pnl": -9350.830018999986,
    "date": "2023-07-02T00:00:00",
    "weekday": "Jul 2023",
    "netpnl": 199486.9664310001
  },
  {
    "pnl": -25340.734117000073,
    "date": "2023-07-03T00:00:00",
    "weekday": "Jul 2023",
    "netpnl": 183497.062333
  },
  {
    "pnl": -39597.98120500008,
    "date": "2023-07-04T00:00:00",
    "weekday": "Jul 2023",
    "netpnl": 169239.815245
  },
  {
    "pnl": -10082.468752000015,
    "date": "2023-07-05T00:00:00",
    "weekday": "Jul 2023",
    "netpnl": 198755.32769800007
  },
  {
    "pnl": 0.0,
    "date": "2023-07-06T00:00:00",
    "weekday": "Jul 2023",
    "netpnl": 272011.8524859999
  },
  {
    "pnl": 0.0,
    "date": "2023-07-07T00:00:00",
    "weekday": "Jul 2023",
    "netpnl": 272011.8524859999
  },
  {
    "pnl": 0.0,
    "date": "2023-07-08T00:00:00",
    "weekday": "Jul 2023",
    "netpnl": 272011.8524859999
  },
  {
    "pnl": 0.0,
    "date": "2023-07-09T00:00:00",
    "weekday": "Jul 2023",
    "netpnl": 272011.8524859999
  },
  {
    "pnl": -20572.4459569999,
    "date": "2023-07-10T00:00:00",
    "weekday": "Jul 2023",
    "netpnl": 251439.40652899997
  },
  {
    "pnl": -8805.989725999883,
    "date": "2023-07-11T00:00:00",
    "weekday": "Jul 2023",
    "netpnl": 263205.86276
  },
  {
    "pnl": -30749.607570999942,
    "date": "2023-07-12T00:00:00",
    "weekday": "Jul 2023",
    "netpnl": 241262.24491499993
  },
  {
    "pnl": -48671.359039999894,
    "date": "2023-07-13T00:00:00",
    "weekday": "Jul 2023",
    "netpnl": 223340.49344599998
  },
  {
    "pnl": -48671.359039999894,
    "date": "2023-07-14T00:00:00",
    "weekday": "Jul 2023",
    "netpnl": 223340.49344599998
  },
  {
    "pnl": -48671.359039999894,
    "date": "2023-07-15T00:00:00",
    "weekday": "Jul 2023",
    "netpnl": 223340.49344599998
  },
  {
    "pnl": -48671.359039999894,
    "date": "2023-07-16T00:00:00",
    "weekday": "Jul 2023",
    "netpnl": 223340.49344599998
  },
  {
    "pnl": -44648.9900029999,
    "date": "2023-07-17T00:00:00",
    "weekday": "Jul 2023",
    "netpnl": 227362.86248299998
  },
  {
    "pnl": -59717.96629499993,
    "date": "2023-07-18T00:00:00",
    "weekday": "Jul 2023",
    "netpnl": 212293.88619099994
  },
  {
    "pnl": -26893.635355999926,
    "date": "2023-07-19T00:00:00",
    "weekday": "Jul 2023",
    "netpnl": 245118.21712999995
  },
  {
    "pnl": -63138.948697999935,
    "date": "2023-07-20T00:00:00",
    "weekday": "Jul 2023",
    "netpnl": 208872.90378799994
  },
  {
    "pnl": -63138.948697999935,
    "date": "2023-07-21T00:00:00",
    "weekday": "Jul 2023",
    "netpnl": 208872.90378799994
  },
  {
    "pnl": -63138.948697999935,
    "date": "2023-07-22T00:00:00",
    "weekday": "Jul 2023",
    "netpnl": 208872.90378799994
  },
  {
    "pnl": -63138.948697999935,
    "date": "2023-07-23T00:00:00",
    "weekday": "Jul 2023",
    "netpnl": 208872.90378799994
  },
  {
    "pnl": -89602.8775019999,
    "date": "2023-07-24T00:00:00",
    "weekday": "Jul 2023",
    "netpnl": 182408.97498399997
  },
  {
    "pnl": -101617.26002499991,
    "date": "2023-07-25T00:00:00",
    "weekday": "Jul 2023",
    "netpnl": 170394.59246099996
  },
  {
    "pnl": -93524.72223599989,
    "date": "2023-07-26T00:00:00",
    "weekday": "Jul 2023",
    "netpnl": 178487.13025
  },
  {
    "pnl": -70599.65715899994,
    "date": "2023-07-27T00:00:00",
    "weekday": "Jul 2023",
    "netpnl": 201412.19532699994
  },
  {
    "pnl": -70599.65715899994,
    "date": "2023-07-28T00:00:00",
    "weekday": "Jul 2023",
    "netpnl": 201412.19532699994
  },
  {
    "pnl": -70599.65715899994,
    "date": "2023-07-29T00:00:00",
    "weekday": "Jul 2023",
    "netpnl": 201412.19532699994
  },
  {
    "pnl": -70599.65715899994,
    "date": "2023-07-30T00:00:00",
    "weekday": "Jul 2023",
    "netpnl": 201412.19532699994
  },
  {
    "pnl": -41291.767059999926,
    "date": "2023-07-31T00:00:00",
    "weekday": "Jul 2023",
    "netpnl": 230720.08542599995
  },
  {
    "pnl": 0.0,
    "date": "2023-08-01T00:00:00",
    "weekday": "Aug 2023",
    "netpnl": 276581.4402209999
  },
  {
    "pnl": -19430.59140100004,
    "date": "2023-08-02T00:00:00",
    "weekday": "Aug 2023",
    "netpnl": 257150.84881999984
  },
  {
    "pnl": -14890.141212000046,
    "date": "2023-08-03T00:00:00",
    "weekday": "Aug 2023",
    "netpnl": 261691.29900899983
  },
  {
    "pnl": -14890.141212000046,
    "date": "2023-08-04T00:00:00",
    "weekday": "Aug 2023",
    "netpnl": 261691.29900899983
  },
  {
    "pnl": -14890.141212000046,
    "date": "2023-08-05T00:00:00",
    "weekday": "Aug 2023",
    "netpnl": 261691.29900899983
  },
  {
    "pnl": -14890.141212000046,
    "date": "2023-08-06T00:00:00",
    "weekday": "Aug 2023",
    "netpnl": 261691.29900899983
  },
  {
    "pnl": -41407.99695100007,
    "date": "2023-08-07T00:00:00",
    "weekday": "Aug 2023",
    "netpnl": 235173.4432699998
  },
  {
    "pnl": 0.0,
    "date": "2023-08-08T00:00:00",
    "weekday": "Aug 2023",
    "netpnl": 285558.70897999976
  },
  {
    "pnl": 0.0,
    "date": "2023-08-09T00:00:00",
    "weekday": "Aug 2023",
    "netpnl": 285558.70897999976
  },
  {
    "pnl": 0.0,
    "date": "2023-08-10T00:00:00",
    "weekday": "Aug 2023",
    "netpnl": 302364.9968889998
  },
  {
    "pnl": 0.0,
    "date": "2023-08-11T00:00:00",
    "weekday": "Aug 2023",
    "netpnl": 302364.9968889998
  },
  {
    "pnl": 0.0,
    "date": "2023-08-12T00:00:00",
    "weekday": "Aug 2023",
    "netpnl": 302364.9968889998
  },
  {
    "pnl": 0.0,
    "date": "2023-08-13T00:00:00",
    "weekday": "Aug 2023",
    "netpnl": 302364.9968889998
  },
  {
    "pnl": 0.0,
    "date": "2023-08-14T00:00:00",
    "weekday": "Aug 2023",
    "netpnl": 367928.6087159998
  },
  {
    "pnl": 0.0,
    "date": "2023-08-15T00:00:00",
    "weekday": "Aug 2023",
    "netpnl": 367928.6087159998
  },
  {
    "pnl": 0.0,
    "date": "2023-08-16T00:00:00",
    "weekday": "Aug 2023",
    "netpnl": 381519.7164389998
  },
  {
    "pnl": 0.0,
    "date": "2023-08-17T00:00:00",
    "weekday": "Aug 2023",
    "netpnl": 435171.14611499984
  },
  {
    "pnl": 0.0,
    "date": "2023-08-18T00:00:00",
    "weekday": "Aug 2023",
    "netpnl": 435171.14611499984
  },
  {
    "pnl": 0.0,
    "date": "2023-08-19T00:00:00",
    "weekday": "Aug 2023",
    "netpnl": 435171.14611499984
  },
  {
    "pnl": 0.0,
    "date": "2023-08-20T00:00:00",
    "weekday": "Aug 2023",
    "netpnl": 435171.14611499984
  },
  {
    "pnl": 0.0,
    "date": "2023-08-21T00:00:00",
    "weekday": "Aug 2023",
    "netpnl": 435171.14611499984
  },
  {
    "pnl": -5531.738722999988,
    "date": "2023-08-22T00:00:00",
    "weekday": "Aug 2023",
    "netpnl": 429639.40739199985
  },
  {
    "pnl": -8634.08957499999,
    "date": "2023-08-23T00:00:00",
    "weekday": "Aug 2023",
    "netpnl": 426537.05653999984
  },
  {
    "pnl": -13139.040891000011,
    "date": "2023-08-24T00:00:00",
    "weekday": "Aug 2023",
    "netpnl": 422032.1052239998
  },
  {
    "pnl": -13139.040891000011,
    "date": "2023-08-25T00:00:00",
    "weekday": "Aug 2023",
    "netpnl": 422032.1052239998
  },
  {
    "pnl": -13139.040891000011,
    "date": "2023-08-26T00:00:00",
    "weekday": "Aug 2023",
    "netpnl": 422032.1052239998
  },
  {
    "pnl": -13139.040891000011,
    "date": "2023-08-27T00:00:00",
    "weekday": "Aug 2023",
    "netpnl": 422032.1052239998
  },
  {
    "pnl": -2731.9684439999983,
    "date": "2023-08-28T00:00:00",
    "weekday": "Aug 2023",
    "netpnl": 432439.17767099984
  },
  {
    "pnl": 0.0,
    "date": "2023-08-29T00:00:00",
    "weekday": "Aug 2023",
    "netpnl": 491403.95738699986
  },
  {
    "pnl": -12291.757114999986,
    "date": "2023-08-30T00:00:00",
    "weekday": "Aug 2023",
    "netpnl": 479112.20027199987
  },
  {
    "pnl": 0.0,
    "date": "2023-08-31T00:00:00",
    "weekday": "Aug 2023",
    "netpnl": 546009.0109169998
  },
  {
    "pnl": 0.0,
    "date": "2023-09-01T00:00:00",
    "weekday": "Sep 2023",
    "netpnl": 546009.0109169998
  },
  {
    "pnl": 0.0,
    "date": "2023-09-02T00:00:00",
    "weekday": "Sep 2023",
    "netpnl": 546009.0109169998
  },
  {
    "pnl": 0.0,
    "date": "2023-09-03T00:00:00",
    "weekday": "Sep 2023",
    "netpnl": 546009.0109169998
  },
  {
    "pnl": 0.0,
    "date": "2023-09-04T00:00:00",
    "weekday": "Sep 2023",
    "netpnl": 546009.0109169998
  },
  {
    "pnl": 0.0,
    "date": "2023-09-05T00:00:00",
    "weekday": "Sep 2023",
    "netpnl": 600387.3205689996
  },
  {
    "pnl": 0.0,
    "date": "2023-09-06T00:00:00",
    "weekday": "Sep 2023",
    "netpnl": 620731.2939069998
  },
  {
    "pnl": -36711.44184500014,
    "date": "2023-09-07T00:00:00",
    "weekday": "Sep 2023",
    "netpnl": 584019.8520619996
  },
  {
    "pnl": -36711.44184500014,
    "date": "2023-09-08T00:00:00",
    "weekday": "Sep 2023",
    "netpnl": 584019.8520619996
  },
  {
    "pnl": -36711.44184500014,
    "date": "2023-09-09T00:00:00",
    "weekday": "Sep 2023",
    "netpnl": 584019.8520619996
  },
  {
    "pnl": -36711.44184500014,
    "date": "2023-09-10T00:00:00",
    "weekday": "Sep 2023",
    "netpnl": 584019.8520619996
  },
  {
    "pnl": -36711.44184500014,
    "date": "2023-09-11T00:00:00",
    "weekday": "Sep 2023",
    "netpnl": 584019.8520619996
  },
  {
    "pnl": -38777.376984000206,
    "date": "2023-09-12T00:00:00",
    "weekday": "Sep 2023",
    "netpnl": 581953.9169229995
  },
  {
    "pnl": -35987.61014800018,
    "date": "2023-09-13T00:00:00",
    "weekday": "Sep 2023",
    "netpnl": 584743.6837589996
  },
  {
    "pnl": 0.0,
    "date": "2023-09-14T00:00:00",
    "weekday": "Sep 2023",
    "netpnl": 630074.4268509995
  },
  {
    "pnl": 0.0,
    "date": "2023-09-15T00:00:00",
    "weekday": "Sep 2023",
    "netpnl": 630074.4268509995
  },
  {
    "pnl": 0.0,
    "date": "2023-09-16T00:00:00",
    "weekday": "Sep 2023",
    "netpnl": 630074.4268509995
  },
  {
    "pnl": 0.0,
    "date": "2023-09-17T00:00:00",
    "weekday": "Sep 2023",
    "netpnl": 630074.4268509995
  },
  {
    "pnl": -10785.877853999846,
    "date": "2023-09-18T00:00:00",
    "weekday": "Sep 2023",
    "netpnl": 619288.5489969996
  },
  {
    "pnl": -10785.877853999846,
    "date": "2023-09-19T00:00:00",
    "weekday": "Sep 2023",
    "netpnl": 619288.5489969996
  },
  {
    "pnl": -23178.9219229999,
    "date": "2023-09-20T00:00:00",
    "weekday": "Sep 2023",
    "netpnl": 606895.5049279996
  },
  {
    "pnl": 0.0,
    "date": "2023-09-21T00:00:00",
    "weekday": "Sep 2023",
    "netpnl": 670410.8546149995
  },
  {
    "pnl": 0.0,
    "date": "2023-09-22T00:00:00",
    "weekday": "Sep 2023",
    "netpnl": 670410.8546149995
  },
  {
    "pnl": 0.0,
    "date": "2023-09-23T00:00:00",
    "weekday": "Sep 2023",
    "netpnl": 670410.8546149995
  },
  {
    "pnl": 0.0,
    "date": "2023-09-24T00:00:00",
    "weekday": "Sep 2023",
    "netpnl": 670410.8546149995
  },
  {
    "pnl": 0.0,
    "date": "2023-09-25T00:00:00",
    "weekday": "Sep 2023",
    "netpnl": 670410.8546149995
  },
  {
    "pnl": -25057.21085100004,
    "date": "2023-09-26T00:00:00",
    "weekday": "Sep 2023",
    "netpnl": 645353.6437639995
  },
  {
    "pnl": -25057.21085100004,
    "date": "2023-09-27T00:00:00",
    "weekday": "Sep 2023",
    "netpnl": 645353.6437639995
  },
  {
    "pnl": -41961.92854999995,
    "date": "2023-09-28T00:00:00",
    "weekday": "Sep 2023",
    "netpnl": 628448.9260649995
  },
  {
    "pnl": -41961.92854999995,
    "date": "2023-09-29T00:00:00",
    "weekday": "Sep 2023",
    "netpnl": 628448.9260649995
  },
  {
    "pnl": -41961.92854999995,
    "date": "2023-09-30T00:00:00",
    "weekday": "Sep 2023",
    "netpnl": 628448.9260649995
  },
  {
    "pnl": -41961.92854999995,
    "date": "2023-10-01T00:00:00",
    "weekday": "Oct 2023",
    "netpnl": 628448.9260649995
  },
  {
    "pnl": -41961.92854999995,
    "date": "2023-10-02T00:00:00",
    "weekday": "Oct 2023",
    "netpnl": 628448.9260649995
  },
  {
    "pnl": -27005.64637500001,
    "date": "2023-10-03T00:00:00",
    "weekday": "Oct 2023",
    "netpnl": 643405.2082399995
  },
  {
    "pnl": 0.0,
    "date": "2023-10-04T00:00:00",
    "weekday": "Oct 2023",
    "netpnl": 675325.6680339995
  },
  {
    "pnl": 0.0,
    "date": "2023-10-05T00:00:00",
    "weekday": "Oct 2023",
    "netpnl": 720900.2937909992
  },
  {
    "pnl": 0.0,
    "date": "2023-10-06T00:00:00",
    "weekday": "Oct 2023",
    "netpnl": 720900.2937909992
  },
  {
    "pnl": 0.0,
    "date": "2023-10-07T00:00:00",
    "weekday": "Oct 2023",
    "netpnl": 720900.2937909992
  },
  {
    "pnl": 0.0,
    "date": "2023-10-08T00:00:00",
    "weekday": "Oct 2023",
    "netpnl": 720900.2937909992
  },
  {
    "pnl": 0.0,
    "date": "2023-10-09T00:00:00",
    "weekday": "Oct 2023",
    "netpnl": 720900.2937909992
  },
  {
    "pnl": 0.0,
    "date": "2023-10-10T00:00:00",
    "weekday": "Oct 2023",
    "netpnl": 819050.9217129997
  },
  {
    "pnl": -10223.56213700003,
    "date": "2023-10-11T00:00:00",
    "weekday": "Oct 2023",
    "netpnl": 808827.3595759997
  },
  {
    "pnl": 0.0,
    "date": "2023-10-12T00:00:00",
    "weekday": "Oct 2023",
    "netpnl": 836199.1738119996
  },
  {
    "pnl": 0.0,
    "date": "2023-10-13T00:00:00",
    "weekday": "Oct 2023",
    "netpnl": 836199.1738119996
  },
  {
    "pnl": 0.0,
    "date": "2023-10-14T00:00:00",
    "weekday": "Oct 2023",
    "netpnl": 836199.1738119996
  },
  {
    "pnl": 0.0,
    "date": "2023-10-15T00:00:00",
    "weekday": "Oct 2023",
    "netpnl": 836199.1738119996
  },
  {
    "pnl": 0.0,
    "date": "2023-10-16T00:00:00",
    "weekday": "Oct 2023",
    "netpnl": 836199.1738119996
  },
  {
    "pnl": 0.0,
    "date": "2023-10-17T00:00:00",
    "weekday": "Oct 2023",
    "netpnl": 924646.2689049995
  },
  {
    "pnl": 0.0,
    "date": "2023-10-18T00:00:00",
    "weekday": "Oct 2023",
    "netpnl": 938593.3952759994
  },
  {
    "pnl": 0.0,
    "date": "2023-10-19T00:00:00",
    "weekday": "Oct 2023",
    "netpnl": 953522.1897859995
  },
  {
    "pnl": 0.0,
    "date": "2023-10-20T00:00:00",
    "weekday": "Oct 2023",
    "netpnl": 953522.1897859995
  },
  {
    "pnl": 0.0,
    "date": "2023-10-21T00:00:00",
    "weekday": "Oct 2023",
    "netpnl": 953522.1897859995
  },
  {
    "pnl": 0.0,
    "date": "2023-10-22T00:00:00",
    "weekday": "Oct 2023",
    "netpnl": 953522.1897859995
  },
  {
    "pnl": 0.0,
    "date": "2023-10-23T00:00:00",
    "weekday": "Oct 2023",
    "netpnl": 977980.2159509995
  },
  {
    "pnl": 0.0,
    "date": "2023-10-24T00:00:00",
    "weekday": "Oct 2023",
    "netpnl": 977980.2159509995
  },
  {
    "pnl": 0.0,
    "date": "2023-10-25T00:00:00",
    "weekday": "Oct 2023",
    "netpnl": 977980.2159509995
  },
  {
    "pnl": -20928.103775999974,
    "date": "2023-10-26T00:00:00",
    "weekday": "Oct 2023",
    "netpnl": 957052.1121749996
  },
  {
    "pnl": -20928.103775999974,
    "date": "2023-10-27T00:00:00",
    "weekday": "Oct 2023",
    "netpnl": 957052.1121749996
  },
  {
    "pnl": -20928.103775999974,
    "date": "2023-10-28T00:00:00",
    "weekday": "Oct 2023",
    "netpnl": 957052.1121749996
  },
  {
    "pnl": -20928.103775999974,
    "date": "2023-10-29T00:00:00",
    "weekday": "Oct 2023",
    "netpnl": 957052.1121749996
  },
  {
    "pnl": 0.0,
    "date": "2023-10-30T00:00:00",
    "weekday": "Oct 2023",
    "netpnl": 985253.5604359995
  },
  {
    "pnl": 0.0,
    "date": "2023-10-31T00:00:00",
    "weekday": "Oct 2023",
    "netpnl": 1001784.1096569996
  },
  {
    "pnl": 0.0,
    "date": "2023-11-01T00:00:00",
    "weekday": "Nov 2023",
    "netpnl": 1136149.4028429997
  },
  {
    "pnl": 0.0,
    "date": "2023-11-02T00:00:00",
    "weekday": "Nov 2023",
    "netpnl": 1169904.809866
  },
  {
    "pnl": 0.0,
    "date": "2023-11-03T00:00:00",
    "weekday": "Nov 2023",
    "netpnl": 1169904.809866
  },
  {
    "pnl": 0.0,
    "date": "2023-11-04T00:00:00",
    "weekday": "Nov 2023",
    "netpnl": 1169904.809866
  },
  {
    "pnl": 0.0,
    "date": "2023-11-05T00:00:00",
    "weekday": "Nov 2023",
    "netpnl": 1169904.809866
  },
  {
    "pnl": 0.0,
    "date": "2023-11-06T00:00:00",
    "weekday": "Nov 2023",
    "netpnl": 1203233.856482
  },
  {
    "pnl": -88951.2198600003,
    "date": "2023-11-07T00:00:00",
    "weekday": "Nov 2023",
    "netpnl": 1114282.6366219998
  },
  {
    "pnl": -49013.850390000036,
    "date": "2023-11-08T00:00:00",
    "weekday": "Nov 2023",
    "netpnl": 1154220.006092
  },
  {
    "pnl": 0.0,
    "date": "2023-11-09T00:00:00",
    "weekday": "Nov 2023",
    "netpnl": 1258571.346855
  },
  {
    "pnl": 0.0,
    "date": "2023-11-10T00:00:00",
    "weekday": "Nov 2023",
    "netpnl": 1258571.346855
  },
  {
    "pnl": 0.0,
    "date": "2023-11-11T00:00:00",
    "weekday": "Nov 2023",
    "netpnl": 1258571.346855
  },
  {
    "pnl": 0.0,
    "date": "2023-11-12T00:00:00",
    "weekday": "Nov 2023",
    "netpnl": 1258571.346855
  },
  {
    "pnl": 0.0,
    "date": "2023-11-13T00:00:00",
    "weekday": "Nov 2023",
    "netpnl": 1281633.4796350005
  },
  {
    "pnl": 0.0,
    "date": "2023-11-14T00:00:00",
    "weekday": "Nov 2023",
    "netpnl": 1281633.4796350005
  },
  {
    "pnl": 0.0,
    "date": "2023-11-15T00:00:00",
    "weekday": "Nov 2023",
    "netpnl": 1382920.0280740007
  },
  {
    "pnl": -21881.62594600022,
    "date": "2023-11-16T00:00:00",
    "weekday": "Nov 2023",
    "netpnl": 1361038.4021280005
  },
  {
    "pnl": -21881.62594600022,
    "date": "2023-11-17T00:00:00",
    "weekday": "Nov 2023",
    "netpnl": 1361038.4021280005
  },
  {
    "pnl": -21881.62594600022,
    "date": "2023-11-18T00:00:00",
    "weekday": "Nov 2023",
    "netpnl": 1361038.4021280005
  },
  {
    "pnl": -21881.62594600022,
    "date": "2023-11-19T00:00:00",
    "weekday": "Nov 2023",
    "netpnl": 1361038.4021280005
  },
  {
    "pnl": -49009.769040999934,
    "date": "2023-11-20T00:00:00",
    "weekday": "Nov 2023",
    "netpnl": 1333910.2590330008
  },
  {
    "pnl": 0.0,
    "date": "2023-11-21T00:00:00",
    "weekday": "Nov 2023",
    "netpnl": 1420648.4072680005
  },
  {
    "pnl": 0.0,
    "date": "2023-11-22T00:00:00",
    "weekday": "Nov 2023",
    "netpnl": 1467591.8062770006
  },
  {
    "pnl": 0.0,
    "date": "2023-11-23T00:00:00",
    "weekday": "Nov 2023",
    "netpnl": 1516271.397443001
  },
  {
    "pnl": 0.0,
    "date": "2023-11-24T00:00:00",
    "weekday": "Nov 2023",
    "netpnl": 1567366.4576700006
  },
  {
    "pnl": 0.0,
    "date": "2023-11-25T00:00:00",
    "weekday": "Nov 2023",
    "netpnl": 1567366.4576700006
  },
  {
    "pnl": 0.0,
    "date": "2023-11-26T00:00:00",
    "weekday": "Nov 2023",
    "netpnl": 1567366.4576700006
  },
  {
    "pnl": 0.0,
    "date": "2023-11-27T00:00:00",
    "weekday": "Nov 2023",
    "netpnl": 1567366.4576700006
  },
  {
    "pnl": -1968.5917409998365,
    "date": "2023-11-28T00:00:00",
    "weekday": "Nov 2023",
    "netpnl": 1565397.8659290008
  },
  {
    "pnl": -1968.5917409998365,
    "date": "2023-11-29T00:00:00",
    "weekday": "Nov 2023",
    "netpnl": 1565397.8659290008
  },
  {
    "pnl": -9785.07337099989,
    "date": "2023-11-30T00:00:00",
    "weekday": "Nov 2023",
    "netpnl": 1557581.3842990007
  },
  {
    "pnl": -9785.07337099989,
    "date": "2023-12-01T00:00:00",
    "weekday": "Dec 2023",
    "netpnl": 1557581.3842990007
  },
  {
    "pnl": -9785.07337099989,
    "date": "2023-12-02T00:00:00",
    "weekday": "Dec 2023",
    "netpnl": 1557581.3842990007
  },
  {
    "pnl": -9785.07337099989,
    "date": "2023-12-03T00:00:00",
    "weekday": "Dec 2023",
    "netpnl": 1557581.3842990007
  },
  {
    "pnl": -54926.42892799969,
    "date": "2023-12-04T00:00:00",
    "weekday": "Dec 2023",
    "netpnl": 1512440.028742001
  },
  {
    "pnl": -41844.30049000005,
    "date": "2023-12-05T00:00:00",
    "weekday": "Dec 2023",
    "netpnl": 1525522.1571800006
  },
  {
    "pnl": -35494.026849000016,
    "date": "2023-12-06T00:00:00",
    "weekday": "Dec 2023",
    "netpnl": 1531872.4308210006
  },
  {
    "pnl": 0.0,
    "date": "2023-12-07T00:00:00",
    "weekday": "Dec 2023",
    "netpnl": 1614694.5821760003
  },
  {
    "pnl": 0.0,
    "date": "2023-12-08T00:00:00",
    "weekday": "Dec 2023",
    "netpnl": 1614694.5821760003
  },
  {
    "pnl": 0.0,
    "date": "2023-12-09T00:00:00",
    "weekday": "Dec 2023",
    "netpnl": 1614694.5821760003
  },
  {
    "pnl": 0.0,
    "date": "2023-12-10T00:00:00",
    "weekday": "Dec 2023",
    "netpnl": 1614694.5821760003
  },
  {
    "pnl": -46876.91578599997,
    "date": "2023-12-11T00:00:00",
    "weekday": "Dec 2023",
    "netpnl": 1567817.6663900004
  },
  {
    "pnl": -29932.048332999926,
    "date": "2023-12-12T00:00:00",
    "weekday": "Dec 2023",
    "netpnl": 1584762.5338430004
  },
  {
    "pnl": 0.0,
    "date": "2023-12-13T00:00:00",
    "weekday": "Dec 2023",
    "netpnl": 1621674.0823690007
  },
  {
    "pnl": -40839.66583500011,
    "date": "2023-12-14T00:00:00",
    "weekday": "Dec 2023",
    "netpnl": 1580834.4165340005
  },
  {
    "pnl": -40839.66583500011,
    "date": "2023-12-15T00:00:00",
    "weekday": "Dec 2023",
    "netpnl": 1580834.4165340005
  },
  {
    "pnl": -40839.66583500011,
    "date": "2023-12-16T00:00:00",
    "weekday": "Dec 2023",
    "netpnl": 1580834.4165340005
  },
  {
    "pnl": -40839.66583500011,
    "date": "2023-12-17T00:00:00",
    "weekday": "Dec 2023",
    "netpnl": 1580834.4165340005
  },
  {
    "pnl": -35769.52665599994,
    "date": "2023-12-18T00:00:00",
    "weekday": "Dec 2023",
    "netpnl": 1585904.5557130007
  },
  {
    "pnl": -11716.402207999956,
    "date": "2023-12-19T00:00:00",
    "weekday": "Dec 2023",
    "netpnl": 1609957.6801610007
  },
  {
    "pnl": 0.0,
    "date": "2023-12-20T00:00:00",
    "weekday": "Dec 2023",
    "netpnl": 1629065.3013520008
  },
  {
    "pnl": -670.9003449999727,
    "date": "2023-12-21T00:00:00",
    "weekday": "Dec 2023",
    "netpnl": 1628394.4010070008
  },
  {
    "pnl": 0.0,
    "date": "2023-12-22T00:00:00",
    "weekday": "Dec 2023",
    "netpnl": 1634684.0576770008
  },
  {
    "pnl": 0.0,
    "date": "2023-12-23T00:00:00",
    "weekday": "Dec 2023",
    "netpnl": 1634684.0576770008
  },
  {
    "pnl": 0.0,
    "date": "2023-12-24T00:00:00",
    "weekday": "Dec 2023",
    "netpnl": 1634684.0576770008
  },
  {
    "pnl": 0.0,
    "date": "2023-12-25T00:00:00",
    "weekday": "Dec 2023",
    "netpnl": 1634684.0576770008
  },
  {
    "pnl": -98728.06027700007,
    "date": "2023-12-26T00:00:00",
    "weekday": "Dec 2023",
    "netpnl": 1535955.9974000007
  },
  {
    "pnl": -98728.06027700007,
    "date": "2023-12-27T00:00:00",
    "weekday": "Dec 2023",
    "netpnl": 1535955.9974000007
  },
  {
    "pnl": -51777.06076100003,
    "date": "2023-12-28T00:00:00",
    "weekday": "Dec 2023",
    "netpnl": 1582906.9969160007
  },
  {
    "pnl": -51777.06076100003,
    "date": "2023-12-29T00:00:00",
    "weekday": "Dec 2023",
    "netpnl": 1582906.9969160007
  },
  {
    "pnl": -51777.06076100003,
    "date": "2023-12-30T00:00:00",
    "weekday": "Dec 2023",
    "netpnl": 1582906.9969160007
  },
  {
    "pnl": -51777.06076100003,
    "date": "2023-12-31T00:00:00",
    "weekday": "Dec 2023",
    "netpnl": 1582906.9969160007
  },
  {
    "pnl": -29584.37398100039,
    "date": "2024-01-01T00:00:00",
    "weekday": "Jan 2024",
    "netpnl": 1605099.6836960004
  },
  {
    "pnl": 0.0,
    "date": "2024-01-02T00:00:00",
    "weekday": "Jan 2024",
    "netpnl": 1654970.2221700004
  },
  {
    "pnl": 0.0,
    "date": "2024-01-03T00:00:00",
    "weekday": "Jan 2024",
    "netpnl": 1660881.5165850003
  },
  {
    "pnl": 0.0,
    "date": "2024-01-04T00:00:00",
    "weekday": "Jan 2024",
    "netpnl": 1734910.412149
  },
  {
    "pnl": 0.0,
    "date": "2024-01-05T00:00:00",
    "weekday": "Jan 2024",
    "netpnl": 1734910.412149
  },
  {
    "pnl": 0.0,
    "date": "2024-01-06T00:00:00",
    "weekday": "Jan 2024",
    "netpnl": 1734910.412149
  },
  {
    "pnl": 0.0,
    "date": "2024-01-07T00:00:00",
    "weekday": "Jan 2024",
    "netpnl": 1734910.412149
  },
  {
    "pnl": -8778.571006999817,
    "date": "2024-01-08T00:00:00",
    "weekday": "Jan 2024",
    "netpnl": 1726131.8411420002
  },
  {
    "pnl": -43313.229515999556,
    "date": "2024-01-09T00:00:00",
    "weekday": "Jan 2024",
    "netpnl": 1691597.1826330004
  },
  {
    "pnl": -98354.64710099949,
    "date": "2024-01-10T00:00:00",
    "weekday": "Jan 2024",
    "netpnl": 1636555.7650480005
  },
  {
    "pnl": -71101.70582299959,
    "date": "2024-01-11T00:00:00",
    "weekday": "Jan 2024",
    "netpnl": 1663808.7063260004
  },
  {
    "pnl": -71101.70582299959,
    "date": "2024-01-12T00:00:00",
    "weekday": "Jan 2024",
    "netpnl": 1663808.7063260004
  },
  {
    "pnl": -71101.70582299959,
    "date": "2024-01-13T00:00:00",
    "weekday": "Jan 2024",
    "netpnl": 1663808.7063260004
  },
  {
    "pnl": -71101.70582299959,
    "date": "2024-01-14T00:00:00",
    "weekday": "Jan 2024",
    "netpnl": 1663808.7063260004
  },
  {
    "pnl": -11384.25015899958,
    "date": "2024-01-15T00:00:00",
    "weekday": "Jan 2024",
    "netpnl": 1723526.1619900004
  },
  {
    "pnl": -80620.73272699956,
    "date": "2024-01-16T00:00:00",
    "weekday": "Jan 2024",
    "netpnl": 1654289.6794220004
  },
  {
    "pnl": -84744.38471299969,
    "date": "2024-01-17T00:00:00",
    "weekday": "Jan 2024",
    "netpnl": 1650166.0274360003
  },
  {
    "pnl": -133210.55606699968,
    "date": "2024-01-18T00:00:00",
    "weekday": "Jan 2024",
    "netpnl": 1601699.8560820003
  },
  {
    "pnl": -133210.55606699968,
    "date": "2024-01-19T00:00:00",
    "weekday": "Jan 2024",
    "netpnl": 1601699.8560820003
  },
  {
    "pnl": -133210.55606699968,
    "date": "2024-01-20T00:00:00",
    "weekday": "Jan 2024",
    "netpnl": 1601699.8560820003
  },
  {
    "pnl": -133210.55606699968,
    "date": "2024-01-21T00:00:00",
    "weekday": "Jan 2024",
    "netpnl": 1601699.8560820003
  },
  {
    "pnl": -133210.55606699968,
    "date": "2024-01-22T00:00:00",
    "weekday": "Jan 2024",
    "netpnl": 1601699.8560820003
  },
  {
    "pnl": -102227.2275209995,
    "date": "2024-01-23T00:00:00",
    "weekday": "Jan 2024",
    "netpnl": 1632683.1846280005
  },
  {
    "pnl": -102227.2275209995,
    "date": "2024-01-24T00:00:00",
    "weekday": "Jan 2024",
    "netpnl": 1632683.1846280005
  },
  {
    "pnl": -115972.64870499959,
    "date": "2024-01-25T00:00:00",
    "weekday": "Jan 2024",
    "netpnl": 1618937.7634440004
  },
  {
    "pnl": -115972.64870499959,
    "date": "2024-01-26T00:00:00",
    "weekday": "Jan 2024",
    "netpnl": 1618937.7634440004
  },
  {
    "pnl": -115972.64870499959,
    "date": "2024-01-27T00:00:00",
    "weekday": "Jan 2024",
    "netpnl": 1618937.7634440004
  },
  {
    "pnl": -115972.64870499959,
    "date": "2024-01-28T00:00:00",
    "weekday": "Jan 2024",
    "netpnl": 1618937.7634440004
  },
  {
    "pnl": -204955.10417599976,
    "date": "2024-01-29T00:00:00",
    "weekday": "Jan 2024",
    "netpnl": 1529955.3079730002
  },
  {
    "pnl": -168720.09207499982,
    "date": "2024-01-30T00:00:00",
    "weekday": "Jan 2024",
    "netpnl": 1566190.3200740002
  },
  {
    "pnl": -169846.65251299972,
    "date": "2024-01-31T00:00:00",
    "weekday": "Jan 2024",
    "netpnl": 1565063.7596360003
  },
  {
    "pnl": -62223.35282899975,
    "date": "2024-02-01T00:00:00",
    "weekday": "Feb 2024",
    "netpnl": 1672687.0593200002
  },
  {
    "pnl": -62223.35282899975,
    "date": "2024-02-02T00:00:00",
    "weekday": "Feb 2024",
    "netpnl": 1672687.0593200002
  },
  {
    "pnl": -62223.35282899975,
    "date": "2024-02-03T00:00:00",
    "weekday": "Feb 2024",
    "netpnl": 1672687.0593200002
  },
  {
    "pnl": -62223.35282899975,
    "date": "2024-02-04T00:00:00",
    "weekday": "Feb 2024",
    "netpnl": 1672687.0593200002
  },
  {
    "pnl": -113790.66481899982,
    "date": "2024-02-05T00:00:00",
    "weekday": "Feb 2024",
    "netpnl": 1621119.7473300002
  },
  {
    "pnl": -55916.955490999855,
    "date": "2024-02-06T00:00:00",
    "weekday": "Feb 2024",
    "netpnl": 1678993.4566580001
  },
  {
    "pnl": -55321.1773049999,
    "date": "2024-02-07T00:00:00",
    "weekday": "Feb 2024",
    "netpnl": 1679589.234844
  },
  {
    "pnl": -60242.852027999936,
    "date": "2024-02-08T00:00:00",
    "weekday": "Feb 2024",
    "netpnl": 1674667.560121
  },
  {
    "pnl": -60242.852027999936,
    "date": "2024-02-09T00:00:00",
    "weekday": "Feb 2024",
    "netpnl": 1674667.560121
  },
  {
    "pnl": -60242.852027999936,
    "date": "2024-02-10T00:00:00",
    "weekday": "Feb 2024",
    "netpnl": 1674667.560121
  },
  {
    "pnl": -60242.852027999936,
    "date": "2024-02-11T00:00:00",
    "weekday": "Feb 2024",
    "netpnl": 1674667.560121
  },
  {
    "pnl": -29571.140770999948,
    "date": "2024-02-12T00:00:00",
    "weekday": "Feb 2024",
    "netpnl": 1705339.271378
  },
  {
    "pnl": 0.0,
    "date": "2024-02-13T00:00:00",
    "weekday": "Feb 2024",
    "netpnl": 1745621.0212980001
  },
  {
    "pnl": -16588.014367999975,
    "date": "2024-02-14T00:00:00",
    "weekday": "Feb 2024",
    "netpnl": 1729033.0069300001
  },
  {
    "pnl": 0.0,
    "date": "2024-02-15T00:00:00",
    "weekday": "Feb 2024",
    "netpnl": 1825277.3847410001
  },
  {
    "pnl": 0.0,
    "date": "2024-02-16T00:00:00",
    "weekday": "Feb 2024",
    "netpnl": 1825277.3847410001
  },
  {
    "pnl": 0.0,
    "date": "2024-02-17T00:00:00",
    "weekday": "Feb 2024",
    "netpnl": 1825277.3847410001
  },
  {
    "pnl": 0.0,
    "date": "2024-02-18T00:00:00",
    "weekday": "Feb 2024",
    "netpnl": 1825277.3847410001
  },
  {
    "pnl": 0.0,
    "date": "2024-02-19T00:00:00",
    "weekday": "Feb 2024",
    "netpnl": 1850457.9300550001
  },
  {
    "pnl": 0.0,
    "date": "2024-02-20T00:00:00",
    "weekday": "Feb 2024",
    "netpnl": 1899983.519549
  },
  {
    "pnl": 0.0,
    "date": "2024-02-21T00:00:00",
    "weekday": "Feb 2024",
    "netpnl": 1933708.050432
  },
  {
    "pnl": 0.0,
    "date": "2024-02-22T00:00:00",
    "weekday": "Feb 2024",
    "netpnl": 1946744.664636
  },
  {
    "pnl": 0.0,
    "date": "2024-02-23T00:00:00",
    "weekday": "Feb 2024",
    "netpnl": 1946744.664636
  },
  {
    "pnl": 0.0,
    "date": "2024-02-24T00:00:00",
    "weekday": "Feb 2024",
    "netpnl": 1946744.664636
  },
  {
    "pnl": 0.0,
    "date": "2024-02-25T00:00:00",
    "weekday": "Feb 2024",
    "netpnl": 1946744.664636
  },
  {
    "pnl": 0.0,
    "date": "2024-02-26T00:00:00",
    "weekday": "Feb 2024",
    "netpnl": 1965014.182164
  },
  {
    "pnl": 0.0,
    "date": "2024-02-27T00:00:00",
    "weekday": "Feb 2024",
    "netpnl": 2096057.8445080002
  },
  {
    "pnl": 0.0,
    "date": "2024-02-28T00:00:00",
    "weekday": "Feb 2024",
    "netpnl": 2096057.8445080002
  },
  {
    "pnl": -137198.8657160001,
    "date": "2024-02-29T00:00:00",
    "weekday": "Feb 2024",
    "netpnl": 1958858.978792
  },
  {
    "pnl": -137198.8657160001,
    "date": "2024-03-01T00:00:00",
    "weekday": "Mar 2024",
    "netpnl": 1958858.978792
  },
  {
    "pnl": -137198.8657160001,
    "date": "2024-03-02T00:00:00",
    "weekday": "Mar 2024",
    "netpnl": 1958858.978792
  },
  {
    "pnl": -137198.8657160001,
    "date": "2024-03-03T00:00:00",
    "weekday": "Mar 2024",
    "netpnl": 1958858.978792
  },
  {
    "pnl": -102183.61760700005,
    "date": "2024-03-04T00:00:00",
    "weekday": "Mar 2024",
    "netpnl": 1993874.2269010001
  },
  {
    "pnl": -143819.34441000014,
    "date": "2024-03-05T00:00:00",
    "weekday": "Mar 2024",
    "netpnl": 1952238.500098
  },
  {
    "pnl": -144439.09430000023,
    "date": "2024-03-06T00:00:00",
    "weekday": "Mar 2024",
    "netpnl": 1951618.750208
  },
  {
    "pnl": -40563.34951700014,
    "date": "2024-03-07T00:00:00",
    "weekday": "Mar 2024",
    "netpnl": 2055494.494991
  },
  {
    "pnl": -40563.34951700014,
    "date": "2024-03-08T00:00:00",
    "weekday": "Mar 2024",
    "netpnl": 2055494.494991
  },
  {
    "pnl": -40563.34951700014,
    "date": "2024-03-09T00:00:00",
    "weekday": "Mar 2024",
    "netpnl": 2055494.494991
  },
  {
    "pnl": -40563.34951700014,
    "date": "2024-03-10T00:00:00",
    "weekday": "Mar 2024",
    "netpnl": 2055494.494991
  },
  {
    "pnl": 0.0,
    "date": "2024-03-11T00:00:00",
    "weekday": "Mar 2024",
    "netpnl": 2132145.186194
  },
  {
    "pnl": 0.0,
    "date": "2024-03-12T00:00:00",
    "weekday": "Mar 2024",
    "netpnl": 2245959.2539
  },
  {
    "pnl": 0.0,
    "date": "2024-03-13T00:00:00",
    "weekday": "Mar 2024",
    "netpnl": 2293389.939725
  },
  {
    "pnl": 0.0,
    "date": "2024-03-14T00:00:00",
    "weekday": "Mar 2024",
    "netpnl": 2374161.267299
  },
  {
    "pnl": 0.0,
    "date": "2024-03-15T00:00:00",
    "weekday": "Mar 2024",
    "netpnl": 2374161.267299
  },
  {
    "pnl": 0.0,
    "date": "2024-03-16T00:00:00",
    "weekday": "Mar 2024",
    "netpnl": 2374161.267299
  },
  {
    "pnl": 0.0,
    "date": "2024-03-17T00:00:00",
    "weekday": "Mar 2024",
    "netpnl": 2374161.267299
  },
  {
    "pnl": -8214.648405000102,
    "date": "2024-03-18T00:00:00",
    "weekday": "Mar 2024",
    "netpnl": 2365946.618894
  },
  {
    "pnl": -69932.63639400015,
    "date": "2024-03-19T00:00:00",
    "weekday": "Mar 2024",
    "netpnl": 2304228.630905
  }
]