[
  {
    "pnl": 29465.389863,
    "pnlstr": null,
    "date": "2023-02-28T00:00:00",
    "weekday": "Feb 2023",
    "charges": 0.0,
    "color": null
  },
  {
    "pnl": 3566.3316340000247,
    "pnlstr": null,
    "date": "2023-03-31T00:00:00",
    "weekday": "Mar 2023",
    "charges": 0.0,
    "color": null
  },
  {
    "pnl": 31228.120497000007,
    "pnlstr": null,
    "date": "2023-04-30T00:00:00",
    "weekday": "Apr 2023",
    "charges": 0.0,
    "color": null
  },
  {
    "pnl": -41271.57454600001,
    "pnlstr": null,
    "date": "2023-05-31T00:00:00",
    "weekday": "May 2023",
    "charges": 0.0,
    "color": null
  },
  {
    "pnl": 199486.9664310001,
    "pnlstr": null,
    "date": "2023-06-30T00:00:00",
    "weekday": "Jun 2023",
    "charges": 0.0,
    "color": null
  },
  {
    "pnl": 230720.08542599995,
    "pnlstr": null,
    "date": "2023-07-31T00:00:00",
    "weekday": "Jul 2023",
    "charges": 0.0,
    "color": null
  },
  {
    "pnl": 546009.0109169998,
    "pnlstr": null,
    "date": "2023-08-31T00:00:00",
    "weekday": "Aug 2023",
    "charges": 0.0,
    "color": null
  },
  {
    "pnl": 628448.9260649995,
    "pnlstr": null,
    "date": "2023-09-30T00:00:00",
    "weekday": "Sep 2023",
    "charges": 0.0,
    "color": null
  },
  {
    "pnl": 1001784.1096569996,
    "pnlstr": null,
    "date": "2023-10-31T00:00:00",
    "weekday": "Oct 2023",
    "charges": 0.0,
    "color": null
  },
  {
    "pnl": 1557581.3842990007,
    "pnlstr": null,
    "date": "2023-11-30T00:00:00",
    "weekday": "Nov 2023",
    "charges": 0.0,
    "color": null
  },
  {
    "pnl": 1582906.9969160007,
    "pnlstr": null,
    "date": "2023-12-31T00:00:00",
    "weekday": "Dec 2023",
    "charges": 0.0,
    "color": null
  },
  {
    "pnl": 1565063.7596360003,
    "pnlstr": null,
    "date": "2024-01-31T00:00:00",
    "weekday": "Jan 2024",
    "charges": 0.0,
    "color": null
  },
  {
    "pnl": 1958858.978792,
    "pnlstr": null,
    "date": "2024-02-29T00:00:00",
    "weekday": "Feb 2024",
    "charges": 0.0,
    "color": null
  },
  {
    "pnl": 2304228.630905,
    "pnlstr": null,
    "date": "2024-03-31T00:00:00",
    "weekday": "Mar 2024",
    "charges": 0.0,
    "color": null
  }
]