[
  {
    "pnl": 29696.25,
    "date": "2023-02-28T00:00:00",
    "weekday": "Feb 2023",
    "netpnl": 29465.389863
  },
  {
    "pnl": 16818.75,
    "date": "2023-03-31T00:00:00",
    "weekday": "Mar 2023",
    "netpnl": 3566.3316340000247
  },
  {
    "pnl": 56235.0,
    "date": "2023-04-30T00:00:00",
    "weekday": "Apr 2023",
    "netpnl": 31228.120497000007
  },
  {
    "pnl": 6070.75,
    "date": "2023-05-31T00:00:00",
    "weekday": "May 2023",
    "netpnl": -41271.57454600001
  },
  {
    "pnl": 267372.0,
    "date": "2023-06-30T00:00:00",
    "weekday": "Jun 2023",
    "netpnl": 199486.9664310001
  },
  {
    "pnl": 319211.75,
    "date": "2023-07-31T00:00:00",
    "weekday": "Jul 2023",
    "netpnl": 230720.08542599995
  },
  {
    "pnl": 652374.75,
    "date": "2023-08-31T00:00:00",
    "weekday": "Aug 2023",
    "netpnl": 546009.0109169998
  },
  {
    "pnl": 747858.0,
    "date": "2023-09-30T00:00:00",
    "weekday": "Sep 2023",
    "netpnl": 628448.9260649995
  },
  {
    "pnl": 1136424.75,
    "date": "2023-10-31T00:00:00",
    "weekday": "Oct 2023",
    "netpnl": 1001784.1096569996
  },
  {
    "pnl": 1712237.5,
    "date": "2023-11-30T00:00:00",
    "weekday": "Nov 2023",
    "netpnl": 1557581.3842990007
  },
  {
    "pnl": 1759180.5,
    "date": "2023-12-31T00:00:00",
    "weekday": "Dec 2023",
    "netpnl": 1582906.9969160007
  },
  {
    "pnl": 1765807.25,
    "date": "2024-01-31T00:00:00",
    "weekday": "Jan 2024",
    "netpnl": 1565063.7596360003
  },
  {
    "pnl": 2182306.75,
    "date": "2024-02-29T00:00:00",
    "weekday": "Feb 2024",
    "netpnl": 1958858.978792
  },
  {
    "pnl": 2540638.75,
    "date": "2024-03-31T00:00:00",
    "weekday": "Mar 2024",
    "netpnl": 2304228.630905
  }
]