{
  "capital": 0.0,
  "totaltradingdays": 197,
  "windays": 120,
  "lossdays": 77,
  "maxwinningstreakdays": 10,
  "maxlosingstreakdays": 4,
  "maxdddays": 59,
  "maxdddaysstr": "09/04/2023 to 07/06/2023",
  "rewardtorisk": 0.0,
  "winrate": 60.913705583756354,
  "lossrate": 39.08629441624365,
  "avgmonthlyprofit": 135542.8606414706,
  "totalprofit": 2304228.630905,
  "maxprofitaday": 134365.29,
  "maxlossaday": -137198.87,
  "avgprofit_lossdaily": 5969.504274611401,
  "avgprofitonprofitdays": 35826.54541666665,
  "avglossonlossdays": -25908.52987012986,
  "maxdrawdown": 204955.10417599976,
  "maxdrawdownper": 0.0,
  "avgmonthlyprofitstr": "1.36L",
  "totalprofitstr": "23.04L",
  "maxprofitadaystr": "1.34L",
  "maxlossadaystr": "-1.37L",
  "avgprofit_lossdailystr": "5.97K",
  "avgprofitonprofitdaysstr": "35.83K",
  "avglossonlossdaysstr": "-25.91K",
  "maxdrawdownstr": "2.05L",
  "expectancyratio": 0.0
}