[
  {
    "pnl": 0.0,
    "date": "2023-03-05T00:00:00",
    "weekday": "Mar 2023",
    "netpnl": 55672.654332
  },
  {
    "pnl": -35076.172321000005,
    "date": "2023-03-12T00:00:00",
    "weekday": "Mar 2023",
    "netpnl": 20596.482010999996
  },
  {
    "pnl": -64247.311109999995,
    "date": "2023-03-19T00:00:00",
    "weekday": "Mar 2023",
    "netpnl": -8574.656778
  },
  {
    "pnl": -145657.42032299997,
    "date": "2023-03-26T00:00:00",
    "weekday": "Mar 2023",
    "netpnl": -89984.76599099998
  },
  {
    "pnl": -52106.322697999974,
    "date": "2023-04-02T00:00:00",
    "weekday": "Apr 2023",
    "netpnl": 3566.3316340000247
  },
  {
    "pnl": 0.0,
    "date": "2023-04-09T00:00:00",
    "weekday": "Apr 2023",
    "netpnl": 90947.54646299998
  },
  {
    "pnl": -37019.98064999997,
    "date": "2023-04-16T00:00:00",
    "weekday": "Apr 2023",
    "netpnl": 53927.56581300001
  },
  {
    "pnl": -50342.05977699997,
    "date": "2023-04-23T00:00:00",
    "weekday": "Apr 2023",
    "netpnl": 40605.486686000004
  },
  {
    "pnl": -59719.425965999966,
    "date": "2023-04-30T00:00:00",
    "weekday": "Apr 2023",
    "netpnl": 31228.120497000007
  },
  {
    "pnl": -66028.68790199996,
    "date": "2023-05-07T00:00:00",
    "weekday": "May 2023",
    "netpnl": 24918.858561000012
  },
  {
    "pnl": -93123.69073999999,
    "date": "2023-05-14T00:00:00",
    "weekday": "May 2023",
    "netpnl": -2176.1442770000203
  },
  {
    "pnl": -132621.74386,
    "date": "2023-05-21T00:00:00",
    "weekday": "May 2023",
    "netpnl": -41674.19739700002
  },
  {
    "pnl": -140764.51197599998,
    "date": "2023-05-28T00:00:00",
    "weekday": "May 2023",
    "netpnl": -49816.96551300001
  },
  {
    "pnl": -79601.13983099992,
    "date": "2023-06-04T00:00:00",
    "weekday": "Jun 2023",
    "netpnl": 11346.406632000064
  },
  {
    "pnl": 0.0,
    "date": "2023-06-11T00:00:00",
    "weekday": "Jun 2023",
    "netpnl": 116867.52057000007
  },
  {
    "pnl": 0.0,
    "date": "2023-06-18T00:00:00",
    "weekday": "Jun 2023",
    "netpnl": 186992.6852590001
  },
  {
    "pnl": -14825.27668999997,
    "date": "2023-06-25T00:00:00",
    "weekday": "Jun 2023",
    "netpnl": 172167.40856900014
  },
  {
    "pnl": 0.0,
    "date": "2023-07-02T00:00:00",
    "weekday": "Jul 2023",
    "netpnl": 199486.9664310001
  },
  {
    "pnl": 0.0,
    "date": "2023-07-09T00:00:00",
    "weekday": "Jul 2023",
    "netpnl": 272011.8524859999
  },
  {
    "pnl": -48671.359039999894,
    "date": "2023-07-16T00:00:00",
    "weekday": "Jul 2023",
    "netpnl": 223340.49344599998
  },
  {
    "pnl": -63138.948697999935,
    "date": "2023-07-23T00:00:00",
    "weekday": "Jul 2023",
    "netpnl": 208872.90378799994
  },
  {
    "pnl": -70599.65715899994,
    "date": "2023-07-30T00:00:00",
    "weekday": "Jul 2023",
    "netpnl": 201412.19532699994
  },
  {
    "pnl": -10320.553477000038,
    "date": "2023-08-06T00:00:00",
    "weekday": "Aug 2023",
    "netpnl": 261691.29900899983
  },
  {
    "pnl": 0.0,
    "date": "2023-08-13T00:00:00",
    "weekday": "Aug 2023",
    "netpnl": 302364.9968889998
  },
  {
    "pnl": 0.0,
    "date": "2023-08-20T00:00:00",
    "weekday": "Aug 2023",
    "netpnl": 435171.14611499984
  },
  {
    "pnl": -13139.040891000011,
    "date": "2023-08-27T00:00:00",
    "weekday": "Aug 2023",
    "netpnl": 422032.1052239998
  },
  {
    "pnl": 0.0,
    "date": "2023-09-03T00:00:00",
    "weekday": "Sep 2023",
    "netpnl": 546009.0109169998
  },
  {
    "pnl": 0.0,
    "date": "2023-09-10T00:00:00",
    "weekday": "Sep 2023",
    "netpnl": 584019.8520619996
  },
  {
    "pnl": 0.0,
    "date": "2023-09-17T00:00:00",
    "weekday": "Sep 2023",
    "netpnl": 630074.4268509995
  },
  {
    "pnl": 0.0,
    "date": "2023-09-24T00:00:00",
    "weekday": "Sep 2023",
    "netpnl": 670410.8546149995
  },
  {
    "pnl": -41961.92854999995,
    "date": "2023-10-01T00:00:00",
    "weekday": "Oct 2023",
    "netpnl": 628448.9260649995
  },
  {
    "pnl": 0.0,
    "date": "2023-10-08T00:00:00",
    "weekday": "Oct 2023",
    "netpnl": 720900.2937909992
  },
  {
    "pnl": 0.0,
    "date": "2023-10-15T00:00:00",
    "weekday": "Oct 2023",
    "netpnl": 836199.1738119996
  },
  {
    "pnl": 0.0,
    "date": "2023-10-22T00:00:00",
    "weekday": "Oct 2023",
    "netpnl": 953522.1897859995
  },
  {
    "pnl": 0.0,
    "date": "2023-10-29T00:00:00",
    "weekday": "Oct 2023",
    "netpnl": 957052.1121749996
  },
  {
    "pnl": 0.0,
    "date": "2023-11-05T00:00:00",
    "weekday": "Nov 2023",
    "netpnl": 1169904.809866
  },
  {
    "pnl": 0.0,
    "date": "2023-11-12T00:00:00",
    "weekday": "Nov 2023",
    "netpnl": 1258571.346855
  },
  {
    "pnl": 0.0,
    "date": "2023-11-19T00:00:00",
    "weekday": "Nov 2023",
    "netpnl": 1361038.4021280005
  },
  {
    "pnl": 0.0,
    "date": "2023-11-26T00:00:00",
    "weekday": "Nov 2023",
    "netpnl": 1567366.4576700006
  },
  {
    "pnl": -9785.07337099989,
    "date": "2023-12-03T00:00:00",
    "weekday": "Dec 2023",
    "netpnl": 1557581.3842990007
  },
  {
    "pnl": 0.0,
    "date": "2023-12-10T00:00:00",
    "weekday": "Dec 2023",
    "netpnl": 1614694.5821760003
  },
  {
    "pnl": -33860.1656419998,
    "date": "2023-12-17T00:00:00",
    "weekday": "Dec 2023",
    "netpnl": 1580834.4165340005
  },
  {
    "pnl": 0.0,
    "date": "2023-12-24T00:00:00",
    "weekday": "Dec 2023",
    "netpnl": 1634684.0576770008
  },
  {
    "pnl": -51777.06076100003,
    "date": "2023-12-31T00:00:00",
    "weekday": "Dec 2023",
    "netpnl": 1582906.9969160007
  },
  {
    "pnl": 0.0,
    "date": "2024-01-07T00:00:00",
    "weekday": "Jan 2024",
    "netpnl": 1734910.412149
  },
  {
    "pnl": -71101.70582299959,
    "date": "2024-01-14T00:00:00",
    "weekday": "Jan 2024",
    "netpnl": 1663808.7063260004
  },
  {
    "pnl": -133210.55606699968,
    "date": "2024-01-21T00:00:00",
    "weekday": "Jan 2024",
    "netpnl": 1601699.8560820003
  },
  {
    "pnl": -115972.64870499959,
    "date": "2024-01-28T00:00:00",
    "weekday": "Jan 2024",
    "netpnl": 1618937.7634440004
  },
  {
    "pnl": -62223.35282899975,
    "date": "2024-02-04T00:00:00",
    "weekday": "Feb 2024",
    "netpnl": 1672687.0593200002
  },
  {
    "pnl": -60242.852027999936,
    "date": "2024-02-11T00:00:00",
    "weekday": "Feb 2024",
    "netpnl": 1674667.560121
  },
  {
    "pnl": 0.0,
    "date": "2024-02-18T00:00:00",
    "weekday": "Feb 2024",
    "netpnl": 1825277.3847410001
  },
  {
    "pnl": 0.0,
    "date": "2024-02-25T00:00:00",
    "weekday": "Feb 2024",
    "netpnl": 1946744.664636
  },
  {
    "pnl": 0.0,
    "date": "2024-03-03T00:00:00",
    "weekday": "Mar 2024",
    "netpnl": 1958858.978792
  },
  {
    "pnl": 0.0,
    "date": "2024-03-10T00:00:00",
    "weekday": "Mar 2024",
    "netpnl": 2055494.494991
  },
  {
    "pnl": 0.0,
    "date": "2024-03-17T00:00:00",
    "weekday": "Mar 2024",
    "netpnl": 2374161.267299
  },
  {
    "pnl": -69932.63639400015,
    "date": "2024-03-24T00:00:00",
    "weekday": "Mar 2024",
    "netpnl": 2304228.630905
  }
]