[
  {
    "pnl": 55672.654332,
    "pnlstr": null,
    "date": "2023-03-05T00:00:00",
    "weekday": "Mar 2023",
    "charges": 0.0,
    "color": null
  },
  {
    "pnl": 20596.482010999996,
    "pnlstr": null,
    "date": "2023-03-12T00:00:00",
    "weekday": "Mar 2023",
    "charges": 0.0,
    "color": null
  },
  {
    "pnl": -8574.656778,
    "pnlstr": null,
    "date": "2023-03-19T00:00:00",
    "weekday": "Mar 2023",
    "charges": 0.0,
    "color": null
  },
  {
    "pnl": -89984.76599099998,
    "pnlstr": null,
    "date": "2023-03-26T00:00:00",
    "weekday": "Mar 2023",
    "charges": 0.0,
    "color": null
  },
  {
    "pnl": 3566.3316340000247,
    "pnlstr": null,
    "date": "2023-04-02T00:00:00",
    "weekday": "Apr 2023",
    "charges": 0.0,
    "color": null
  },
  {
    "pnl": 90947.54646299998,
    "pnlstr": null,
    "date": "2023-04-09T00:00:00",
    "weekday": "Apr 2023",
    "charges": 0.0,
    "color": null
  },
  {
    "pnl": 53927.56581300001,
    "pnlstr": null,
    "date": "2023-04-16T00:00:00",
    "weekday": "Apr 2023",
    "charges": 0.0,
    "color": null
  },
  {
    "pnl": 40605.486686000004,
    "pnlstr": null,
    "date": "2023-04-23T00:00:00",
    "weekday": "Apr 2023",
    "charges": 0.0,
    "color": null
  },
  {
    "pnl": 31228.120497000007,
    "pnlstr": null,
    "date": "2023-04-30T00:00:00",
    "weekday": "Apr 2023",
    "charges": 0.0,
    "color": null
  },
  {
    "pnl": 24918.858561000012,
    "pnlstr": null,
    "date": "2023-05-07T00:00:00",
    "weekday": "May 2023",
    "charges": 0.0,
    "color": null
  },
  {
    "pnl": -2176.1442770000203,
    "pnlstr": null,
    "date": "2023-05-14T00:00:00",
    "weekday": "May 2023",
    "charges": 0.0,
    "color": null
  },
  {
    "pnl": -41674.19739700002,
    "pnlstr": null,
    "date": "2023-05-21T00:00:00",
    "weekday": "May 2023",
    "charges": 0.0,
    "color": null
  },
  {
    "pnl": -49816.96551300001,
    "pnlstr": null,
    "date": "2023-05-28T00:00:00",
    "weekday": "May 2023",
    "charges": 0.0,
    "color": null
  },
  {
    "pnl": 11346.406632000064,
    "pnlstr": null,
    "date": "2023-06-04T00:00:00",
    "weekday": "Jun 2023",
    "charges": 0.0,
    "color": null
  },
  {
    "pnl": 116867.52057000007,
    "pnlstr": null,
    "date": "2023-06-11T00:00:00",
    "weekday": "Jun 2023",
    "charges": 0.0,
    "color": null
  },
  {
    "pnl": 186992.6852590001,
    "pnlstr": null,
    "date": "2023-06-18T00:00:00",
    "weekday": "Jun 2023",
    "charges": 0.0,
    "color": null
  },
  {
    "pnl": 172167.40856900014,
    "pnlstr": null,
    "date": "2023-06-25T00:00:00",
    "weekday": "Jun 2023",
    "charges": 0.0,
    "color": null
  },
  {
    "pnl": 199486.9664310001,
    "pnlstr": null,
    "date": "2023-07-02T00:00:00",
    "weekday": "Jul 2023",
    "charges": 0.0,
    "color": null
  },
  {
    "pnl": 272011.8524859999,
    "pnlstr": null,
    "date": "2023-07-09T00:00:00",
    "weekday": "Jul 2023",
    "charges": 0.0,
    "color": null
  },
  {
    "pnl": 223340.49344599998,
    "pnlstr": null,
    "date": "2023-07-16T00:00:00",
    "weekday": "Jul 2023",
    "charges": 0.0,
    "color": null
  },
  {
    "pnl": 208872.90378799994,
    "pnlstr": null,
    "date": "2023-07-23T00:00:00",
    "weekday": "Jul 2023",
    "charges": 0.0,
    "color": null
  },
  {
    "pnl": 201412.19532699994,
    "pnlstr": null,
    "date": "2023-07-30T00:00:00",
    "weekday": "Jul 2023",
    "charges": 0.0,
    "color": null
  },
  {
    "pnl": 261691.29900899983,
    "pnlstr": null,
    "date": "2023-08-06T00:00:00",
    "weekday": "Aug 2023",
    "charges": 0.0,
    "color": null
  },
  {
    "pnl": 302364.9968889998,
    "pnlstr": null,
    "date": "2023-08-13T00:00:00",
    "weekday": "Aug 2023",
    "charges": 0.0,
    "color": null
  },
  {
    "pnl": 435171.14611499984,
    "pnlstr": null,
    "date": "2023-08-20T00:00:00",
    "weekday": "Aug 2023",
    "charges": 0.0,
    "color": null
  },
  {
    "pnl": 422032.1052239998,
    "pnlstr": null,
    "date": "2023-08-27T00:00:00",
    "weekday": "Aug 2023",
    "charges": 0.0,
    "color": null
  },
  {
    "pnl": 546009.0109169998,
    "pnlstr": null,
    "date": "2023-09-03T00:00:00",
    "weekday": "Sep 2023",
    "charges": 0.0,
    "color": null
  },
  {
    "pnl": 584019.8520619996,
    "pnlstr": null,
    "date": "2023-09-10T00:00:00",
    "weekday": "Sep 2023",
    "charges": 0.0,
    "color": null
  },
  {
    "pnl": 630074.4268509995,
    "pnlstr": null,
    "date": "2023-09-17T00:00:00",
    "weekday": "Sep 2023",
    "charges": 0.0,
    "color": null
  },
  {
    "pnl": 670410.8546149995,
    "pnlstr": null,
    "date": "2023-09-24T00:00:00",
    "weekday": "Sep 2023",
    "charges": 0.0,
    "color": null
  },
  {
    "pnl": 628448.9260649995,
    "pnlstr": null,
    "date": "2023-10-01T00:00:00",
    "weekday": "Oct 2023",
    "charges": 0.0,
    "color": null
  },
  {
    "pnl": 720900.2937909992,
    "pnlstr": null,
    "date": "2023-10-08T00:00:00",
    "weekday": "Oct 2023",
    "charges": 0.0,
    "color": null
  },
  {
    "pnl": 836199.1738119996,
    "pnlstr": null,
    "date": "2023-10-15T00:00:00",
    "weekday": "Oct 2023",
    "charges": 0.0,
    "color": null
  },
  {
    "pnl": 953522.1897859995,
    "pnlstr": null,
    "date": "2023-10-22T00:00:00",
    "weekday": "Oct 2023",
    "charges": 0.0,
    "color": null
  },
  {
    "pnl": 957052.1121749996,
    "pnlstr": null,
    "date": "2023-10-29T00:00:00",
    "weekday": "Oct 2023",
    "charges": 0.0,
    "color": null
  },
  {
    "pnl": 1169904.809866,
    "pnlstr": null,
    "date": "2023-11-05T00:00:00",
    "weekday": "Nov 2023",
    "charges": 0.0,
    "color": null
  },
  {
    "pnl": 1258571.346855,
    "pnlstr": null,
    "date": "2023-11-12T00:00:00",
    "weekday": "Nov 2023",
    "charges": 0.0,
    "color": null
  },
  {
    "pnl": 1361038.4021280005,
    "pnlstr": null,
    "date": "2023-11-19T00:00:00",
    "weekday": "Nov 2023",
    "charges": 0.0,
    "color": null
  },
  {
    "pnl": 1567366.4576700006,
    "pnlstr": null,
    "date": "2023-11-26T00:00:00",
    "weekday": "Nov 2023",
    "charges": 0.0,
    "color": null
  },
  {
    "pnl": 1557581.3842990007,
    "pnlstr": null,
    "date": "2023-12-03T00:00:00",
    "weekday": "Dec 2023",
    "charges": 0.0,
    "color": null
  },
  {
    "pnl": 1614694.5821760003,
    "pnlstr": null,
    "date": "2023-12-10T00:00:00",
    "weekday": "Dec 2023",
    "charges": 0.0,
    "color": null
  },
  {
    "pnl": 1580834.4165340005,
    "pnlstr": null,
    "date": "2023-12-17T00:00:00",
    "weekday": "Dec 2023",
    "charges": 0.0,
    "color": null
  },
  {
    "pnl": 1634684.0576770008,
    "pnlstr": null,
    "date": "2023-12-24T00:00:00",
    "weekday": "Dec 2023",
    "charges": 0.0,
    "color": null
  },
  {
    "pnl": 1582906.9969160007,
    "pnlstr": null,
    "date": "2023-12-31T00:00:00",
    "weekday": "Dec 2023",
    "charges": 0.0,
    "color": null
  },
  {
    "pnl": 1734910.412149,
    "pnlstr": null,
    "date": "2024-01-07T00:00:00",
    "weekday": "Jan 2024",
    "charges": 0.0,
    "color": null
  },
  {
    "pnl": 1663808.7063260004,
    "pnlstr": null,
    "date": "2024-01-14T00:00:00",
    "weekday": "Jan 2024",
    "charges": 0.0,
    "color": null
  },
  {
    "pnl": 1601699.8560820003,
    "pnlstr": null,
    "date": "2024-01-21T00:00:00",
    "weekday": "Jan 2024",
    "charges": 0.0,
    "color": null
  },
  {
    "pnl": 1618937.7634440004,
    "pnlstr": null,
    "date": "2024-01-28T00:00:00",
    "weekday": "Jan 2024",
    "charges": 0.0,
    "color": null
  },
  {
    "pnl": 1672687.0593200002,
    "pnlstr": null,
    "date": "2024-02-04T00:00:00",
    "weekday": "Feb 2024",
    "charges": 0.0,
    "color": null
  },
  {
    "pnl": 1674667.560121,
    "pnlstr": null,
    "date": "2024-02-11T00:00:00",
    "weekday": "Feb 2024",
    "charges": 0.0,
    "color": null
  },
  {
    "pnl": 1825277.3847410001,
    "pnlstr": null,
    "date": "2024-02-18T00:00:00",
    "weekday": "Feb 2024",
    "charges": 0.0,
    "color": null
  },
  {
    "pnl": 1946744.664636,
    "pnlstr": null,
    "date": "2024-02-25T00:00:00",
    "weekday": "Feb 2024",
    "charges": 0.0,
    "color": null
  },
  {
    "pnl": 1958858.978792,
    "pnlstr": null,
    "date": "2024-03-03T00:00:00",
    "weekday": "Mar 2024",
    "charges": 0.0,
    "color": null
  },
  {
    "pnl": 2055494.494991,
    "pnlstr": null,
    "date": "2024-03-10T00:00:00",
    "weekday": "Mar 2024",
    "charges": 0.0,
    "color": null
  },
  {
    "pnl": 2374161.267299,
    "pnlstr": null,
    "date": "2024-03-17T00:00:00",
    "weekday": "Mar 2024",
    "charges": 0.0,
    "color": null
  },
  {
    "pnl": 2304228.630905,
    "pnlstr": null,
    "date": "2024-03-24T00:00:00",
    "weekday": "Mar 2024",
    "charges": 0.0,
    "color": null
  }
]