[
  {
    "pnl": 0.0,
    "date": "2024-02-20T00:00:00",
    "weekday": "Feb 2024",
    "netpnl": 7585.174863
  },
  {
    "pnl": 0.0,
    "date": "2024-02-21T00:00:00",
    "weekday": "Feb 2024",
    "netpnl": 23104.680967
  },
  {
    "pnl": 0.0,
    "date": "2024-02-22T00:00:00",
    "weekday": "Feb 2024",
    "netpnl": 55014.963172
  },
  {
    "pnl": -66556.857165,
    "date": "2024-02-23T00:00:00",
    "weekday": "Feb 2024",
    "netpnl": -11541.89399299999
  },
  {
    "pnl": -66556.857165,
    "date": "2024-02-24T00:00:00",
    "weekday": "Feb 2024",
    "netpnl": -11541.89399299999
  },
  {
    "pnl": -66556.857165,
    "date": "2024-02-25T00:00:00",
    "weekday": "Feb 2024",
    "netpnl": -11541.89399299999
  },
  {
    "pnl": -64203.673601999995,
    "date": "2024-02-26T00:00:00",
    "weekday": "Feb 2024",
    "netpnl": -9188.71042999999
  },
  {
    "pnl": -68863.94173399999,
    "date": "2024-02-27T00:00:00",
    "weekday": "Feb 2024",
    "netpnl": -13848.97856199999
  },
  {
    "pnl": -42470.268638999994,
    "date": "2024-02-28T00:00:00",
    "weekday": "Feb 2024",
    "netpnl": 12544.694533000009
  },
  {
    "pnl": -80966.32024199999,
    "date": "2024-02-29T00:00:00",
    "weekday": "Feb 2024",
    "netpnl": -25951.35706999999
  },
  {
    "pnl": -51852.78894099999,
    "date": "2024-03-01T00:00:00",
    "weekday": "Mar 2024",
    "netpnl": 3162.174231000008
  },
  {
    "pnl": -51852.78894099999,
    "date": "2024-03-02T00:00:00",
    "weekday": "Mar 2024",
    "netpnl": 3162.174231000008
  },
  {
    "pnl": -51852.78894099999,
    "date": "2024-03-03T00:00:00",
    "weekday": "Mar 2024",
    "netpnl": 3162.174231000008
  },
  {
    "pnl": -18747.53825299999,
    "date": "2024-03-04T00:00:00",
    "weekday": "Mar 2024",
    "netpnl": 36267.42491900001
  },
  {
    "pnl": -5059.536028999995,
    "date": "2024-03-05T00:00:00",
    "weekday": "Mar 2024",
    "netpnl": 49955.42714300001
  },
  {
    "pnl": 0.0,
    "date": "2024-03-06T00:00:00",
    "weekday": "Mar 2024",
    "netpnl": 81758.14860300001
  },
  {
    "pnl": 0.0,
    "date": "2024-03-07T00:00:00",
    "weekday": "Mar 2024",
    "netpnl": 116863.21249
  },
  {
    "pnl": 0.0,
    "date": "2024-03-08T00:00:00",
    "weekday": "Mar 2024",
    "netpnl": 116863.21249
  },
  {
    "pnl": 0.0,
    "date": "2024-03-09T00:00:00",
    "weekday": "Mar 2024",
    "netpnl": 116863.21249
  },
  {
    "pnl": 0.0,
    "date": "2024-03-10T00:00:00",
    "weekday": "Mar 2024",
    "netpnl": 116863.21249
  },
  {
    "pnl": 0.0,
    "date": "2024-03-11T00:00:00",
    "weekday": "Mar 2024",
    "netpnl": 165583.951246
  },
  {
    "pnl": -70326.857631,
    "date": "2024-03-12T00:00:00",
    "weekday": "Mar 2024",
    "netpnl": 95257.093615
  },
  {
    "pnl": -20197.056023000012,
    "date": "2024-03-13T00:00:00",
    "weekday": "Mar 2024",
    "netpnl": 145386.895223
  },
  {
    "pnl": -29234.377078999998,
    "date": "2024-03-14T00:00:00",
    "weekday": "Mar 2024",
    "netpnl": 136349.574167
  },
  {
    "pnl": -14709.611430999998,
    "date": "2024-03-15T00:00:00",
    "weekday": "Mar 2024",
    "netpnl": 150874.339815
  },
  {
    "pnl": -14709.611430999998,
    "date": "2024-03-16T00:00:00",
    "weekday": "Mar 2024",
    "netpnl": 150874.339815
  },
  {
    "pnl": -14709.611430999998,
    "date": "2024-03-17T00:00:00",
    "weekday": "Mar 2024",
    "netpnl": 150874.339815
  },
  {
    "pnl": 0.0,
    "date": "2024-03-18T00:00:00",
    "weekday": "Mar 2024",
    "netpnl": 173661.70538600002
  },
  {
    "pnl": 0.0,
    "date": "2024-03-19T00:00:00",
    "weekday": "Mar 2024",
    "netpnl": 215789.80239000003
  },
  {
    "pnl": -1858.61211799999,
    "date": "2024-03-20T00:00:00",
    "weekday": "Mar 2024",
    "netpnl": 213931.19027200004
  }
]