[
  {
    "pnl": -11585.851672000004,
    "pnlstr": null,
    "date": "0001-01-01T00:00:00",
    "weekday": "Tuesday",
    "charges": 0.0,
    "color": null
  },
  {
    "pnl": 121987.090149,
    "pnlstr": null,
    "date": "0001-01-01T00:00:00",
    "weekday": "Wednesday",
    "charges": 0.0,
    "color": null
  },
  {
    "pnl": -22918.560215999994,
    "pnlstr": null,
    "date": "0001-01-01T00:00:00",
    "weekday": "Friday",
    "charges": 0.0,
    "color": null
  },
  {
    "pnl": 106966.53857799999,
    "pnlstr": null,
    "date": "0001-01-01T00:00:00",
    "weekday": "Monday",
    "charges": 0.0,
    "color": null
  },
  {
    "pnl": 0.0,
    "pnlstr": null,
    "date": "0001-01-01T00:00:00",
    "weekday": "Saturday",
    "charges": 0.0,
    "color": null
  },
  {
    "pnl": 0.0,
    "pnlstr": null,
    "date": "0001-01-01T00:00:00",
    "weekday": "Sunday",
    "charges": 0.0,
    "color": null
  },
  {
    "pnl": 19481.973432999996,
    "pnlstr": null,
    "date": "0001-01-01T00:00:00",
    "weekday": "Thursday",
    "charges": 0.0,
    "color": null
  }
]