{
  "capital": 0.0,
  "totaltradingdays": 21,
  "windays": 15,
  "lossdays": 6,
  "maxwinningstreakdays": 6,
  "maxlosingstreakdays": 1,
  "maxdddays": 12,
  "maxdddaysstr": "22/02/2024 to 05/03/2024",
  "rewardtorisk": 0.0,
  "winrate": 71.42857142857143,
  "lossrate": 28.57142857142857,
  "avgmonthlyprofit": 213931.19027200004,
  "totalprofit": 213931.19027200004,
  "maxprofitaday": 50129.8,
  "maxlossaday": -70326.86,
  "avgprofit_lossdaily": 7131.039333333333,
  "avgprofitonprofitdays": 26991.14333333333,
  "avglossonlossdays": -31822.661666666667,
  "maxdrawdown": 80966.32024199999,
  "maxdrawdownper": 0.0,
  "avgmonthlyprofitstr": "2.14L",
  "totalprofitstr": "2.14L",
  "maxprofitadaystr": "50.13K",
  "maxlossadaystr": "-70.33K",
  "avgprofit_lossdailystr": "7.13K",
  "avgprofitonprofitdaysstr": "26.99K",
  "avglossonlossdaysstr": "-31.82K",
  "maxdrawdownstr": "80.97K",
  "expectancyratio": 0.0
}