[
  {
    "pnl": -9974.25,
    "netpnl": -11541.89399299999,
    "date": "2024-02-19T00:00:00",
    "weekday": "Feb 2024",
    "charges": 1567.643993,
    "color": null
  },
  {
    "pnl": 15978.0,
    "netpnl": 14704.068223999999,
    "date": "2024-02-26T00:00:00",
    "weekday": "Feb 2024",
    "charges": 1273.9317760000001,
    "color": null
  },
  {
    "pnl": 114835.5,
    "netpnl": 113701.038259,
    "date": "2024-03-04T00:00:00",
    "weekday": "Mar 2024",
    "charges": 1134.461741,
    "color": null
  },
  {
    "pnl": 36558.75,
    "netpnl": 34011.127324999994,
    "date": "2024-03-11T00:00:00",
    "weekday": "Mar 2024",
    "charges": 2547.622675,
    "color": null
  },
  {
    "pnl": 64595.25,
    "netpnl": 63056.850457,
    "date": "2024-03-18T00:00:00",
    "weekday": "Mar 2024",
    "charges": 1538.399543,
    "color": null
  }
]