{
  "realisedpnl": {
    "endvalue": 73.014,
    "actualvalue": 73014.0,
    "decimalplaces": 2,
    "suffix": "K",
    "color": "#f5803e",
    "name": "Realised PNL",
    "prefix": "+"
  },
  "totalpnl": {
    "endvalue": 75.625092833,
    "actualvalue": 75625.092833,
    "decimalplaces": 2,
    "suffix": "K",
    "color": "#f5803e",
    "name": "Total PNL",
    "prefix": ""
  },
  "chargestaxes": {
    "endvalue": 2.6110928330000003,
    "actualvalue": 2611.092833,
    "decimalplaces": 2,
    "suffix": "K",
    "color": "#27bcfd",
    "name": "Charges Taxes",
    "prefix": ""
  },
  "netrealisedpnl": {
    "endvalue": 70.402907167,
    "actualvalue": 70402.907167,
    "decimalplaces": 2,
    "suffix": "K",
    "color": "#00d27a",
    "name": "NetRealised PNL",
    "prefix": "+"
  },
  "unrealisedpnl": {
    "endvalue": 0.0,
    "actualvalue": 0.0,
    "decimalplaces": 2,
    "suffix": "",
    "color": "#2c7be5",
    "name": "Unrealised PNL",
    "prefix": ""
  },
  "name": null,
  "total": 0,
  "totaltradingdays": 0,
  "barchart": null,
  "winrate": 75.0,
  "pnlddratio": 7.790240794893366,
  "maxdrawdownint": 0.0,
  "maxdrawdown": null,
  "maxdate": null,
  "mindate": null
}