{
  "items": [
    {
      "data": [
        {
          "date": 1710374400,
          "value": -9037.32
        },
        {
          "date": 1710460800,
          "value": 14524.77
        },
        {
          "date": 1710547200,
          "value": 0.0
        },
        {
          "date": 1710633600,
          "value": 0.0
        },
        {
          "date": 1710720000,
          "value": 22787.37
        },
        {
          "date": 1710806400,
          "value": 42128.1
        }
      ],
      "calstartdate": "2024-01-01T00:00:00",
      "range": 12
    }
  ],
  "min": -9037.32,
  "max": 40194.027,
  "startyear": 2024,
  "endyear": 2024
}