{
  "realisedpnl": {
    "endvalue": 4.164995,
    "actualvalue": 416499.5,
    "decimalplaces": 2,
    "suffix": "L",
    "color": "#f5803e",
    "name": "Realised PNL",
    "prefix": "+"
  },
  "totalpnl": {
    "endvalue": 4.39203780844,
    "actualvalue": 439203.780844,
    "decimalplaces": 2,
    "suffix": "L",
    "color": "#f5803e",
    "name": "Total PNL",
    "prefix": ""
  },
  "chargestaxes": {
    "endvalue": 22.704280844,
    "actualvalue": 22704.280844,
    "decimalplaces": 2,
    "suffix": "K",
    "color": "#27bcfd",
    "name": "Charges Taxes",
    "prefix": ""
  },
  "netrealisedpnl": {
    "endvalue": 3.93795219156,
    "actualvalue": 393795.219156,
    "decimalplaces": 2,
    "suffix": "L",
    "color": "#00d27a",
    "name": "NetRealised PNL",
    "prefix": "+"
  },
  "unrealisedpnl": {
    "endvalue": 0.0,
    "actualvalue": 0.0,
    "decimalplaces": 2,
    "suffix": "",
    "color": "#2c7be5",
    "name": "Unrealised PNL",
    "prefix": ""
  },
  "name": null,
  "total": 0,
  "totaltradingdays": 0,
  "barchart": null,
  "winrate": 75.0,
  "pnlddratio": 2.870251274315572,
  "maxdrawdownint": 0.0,
  "maxdrawdown": null,
  "maxdate": null,
  "mindate": null
}