[
  {
    "pnl": 108935.0,
    "netpnl": 107623.299684,
    "date": "2024-02-01T00:00:00",
    "weekday": "Feb 2024",
    "charges": 1311.700316,
    "color": null
  },
  {
    "pnl": 0.0,
    "netpnl": 0.0,
    "date": "2024-02-02T00:00:00",
    "weekday": "Feb 2024",
    "charges": 0.0,
    "color": null
  },
  {
    "pnl": 0.0,
    "netpnl": 0.0,
    "date": "2024-02-03T00:00:00",
    "weekday": "Feb 2024",
    "charges": 0.0,
    "color": null
  },
  {
    "pnl": 0.0,
    "netpnl": 0.0,
    "date": "2024-02-04T00:00:00",
    "weekday": "Feb 2024",
    "charges": 0.0,
    "color": null
  },
  {
    "pnl": -49998.75,
    "netpnl": -51567.31199,
    "date": "2024-02-05T00:00:00",
    "weekday": "Feb 2024",
    "charges": 1568.56199,
    "color": null
  },
  {
    "pnl": 59388.0,
    "netpnl": 57873.709328,
    "date": "2024-02-06T00:00:00",
    "weekday": "Feb 2024",
    "charges": 1514.290672,
    "color": null
  },
  {
    "pnl": 2038.5,
    "netpnl": 595.778186,
    "date": "2024-02-07T00:00:00",
    "weekday": "Feb 2024",
    "charges": 1442.721814,
    "color": null
  },
  {
    "pnl": -3240.0,
    "netpnl": -4921.674723,
    "date": "2024-02-08T00:00:00",
    "weekday": "Feb 2024",
    "charges": 1681.6747229999999,
    "color": null
  },
  {
    "pnl": 0.0,
    "netpnl": 0.0,
    "date": "2024-02-09T00:00:00",
    "weekday": "Feb 2024",
    "charges": 0.0,
    "color": null
  },
  {
    "pnl": 0.0,
    "netpnl": 0.0,
    "date": "2024-02-10T00:00:00",
    "weekday": "Feb 2024",
    "charges": 0.0,
    "color": null
  },
  {
    "pnl": 0.0,
    "netpnl": 0.0,
    "date": "2024-02-11T00:00:00",
    "weekday": "Feb 2024",
    "charges": 0.0,
    "color": null
  },
  {
    "pnl": 31886.25,
    "netpnl": 30671.711257,
    "date": "2024-02-12T00:00:00",
    "weekday": "Feb 2024",
    "charges": 1214.5387429999998,
    "color": null
  },
  {
    "pnl": 41738.0,
    "netpnl": 40281.74992,
    "date": "2024-02-13T00:00:00",
    "weekday": "Feb 2024",
    "charges": 1456.25008,
    "color": null
  },
  {
    "pnl": -15027.75,
    "netpnl": -16588.014368,
    "date": "2024-02-14T00:00:00",
    "weekday": "Feb 2024",
    "charges": 1560.2643679999999,
    "color": null
  },
  {
    "pnl": 97572.5,
    "netpnl": 96244.377811,
    "date": "2024-02-15T00:00:00",
    "weekday": "Feb 2024",
    "charges": 1328.122189,
    "color": null
  },
  {
    "pnl": 0.0,
    "netpnl": 0.0,
    "date": "2024-02-16T00:00:00",
    "weekday": "Feb 2024",
    "charges": 0.0,
    "color": null
  },
  {
    "pnl": 0.0,
    "netpnl": 0.0,
    "date": "2024-02-17T00:00:00",
    "weekday": "Feb 2024",
    "charges": 0.0,
    "color": null
  },
  {
    "pnl": 0.0,
    "netpnl": 0.0,
    "date": "2024-02-18T00:00:00",
    "weekday": "Feb 2024",
    "charges": 0.0,
    "color": null
  },
  {
    "pnl": 26242.5,
    "netpnl": 25180.545314,
    "date": "2024-02-19T00:00:00",
    "weekday": "Feb 2024",
    "charges": 1061.954686,
    "color": null
  },
  {
    "pnl": 50846.0,
    "netpnl": 49525.589494,
    "date": "2024-02-20T00:00:00",
    "weekday": "Feb 2024",
    "charges": 1320.410506,
    "color": null
  },
  {
    "pnl": 34933.5,
    "netpnl": 33724.530883,
    "date": "2024-02-21T00:00:00",
    "weekday": "Feb 2024",
    "charges": 1208.969117,
    "color": null
  },
  {
    "pnl": 14480.0,
    "netpnl": 13036.614204,
    "date": "2024-02-22T00:00:00",
    "weekday": "Feb 2024",
    "charges": 1443.385796,
    "color": null
  },
  {
    "pnl": 0.0,
    "netpnl": 0.0,
    "date": "2024-02-23T00:00:00",
    "weekday": "Feb 2024",
    "charges": 0.0,
    "color": null
  },
  {
    "pnl": 0.0,
    "netpnl": 0.0,
    "date": "2024-02-24T00:00:00",
    "weekday": "Feb 2024",
    "charges": 0.0,
    "color": null
  },
  {
    "pnl": 0.0,
    "netpnl": 0.0,
    "date": "2024-02-25T00:00:00",
    "weekday": "Feb 2024",
    "charges": 0.0,
    "color": null
  },
  {
    "pnl": 19766.25,
    "netpnl": 18269.517528,
    "date": "2024-02-26T00:00:00",
    "weekday": "Feb 2024",
    "charges": 1496.732472,
    "color": null
  },
  {
    "pnl": 132352.0,
    "netpnl": 131043.662344,
    "date": "2024-02-27T00:00:00",
    "weekday": "Feb 2024",
    "charges": 1308.337656,
    "color": null
  },
  {
    "pnl": 0.0,
    "netpnl": 0.0,
    "date": "2024-02-28T00:00:00",
    "weekday": "Feb 2024",
    "charges": 0.0,
    "color": null
  },
  {
    "pnl": -135412.5,
    "netpnl": -137198.865716,
    "date": "2024-02-29T00:00:00",
    "weekday": "Feb 2024",
    "charges": 1786.365716,
    "color": null
  }
]