[
  {
    "pnl": 108935.0,
    "date": "2024-02-01T00:00:00",
    "weekday": "Feb 2024",
    "netpnl": 107623.299684
  },
  {
    "pnl": 108935.0,
    "date": "2024-02-02T00:00:00",
    "weekday": "Feb 2024",
    "netpnl": 107623.299684
  },
  {
    "pnl": 108935.0,
    "date": "2024-02-03T00:00:00",
    "weekday": "Feb 2024",
    "netpnl": 107623.299684
  },
  {
    "pnl": 108935.0,
    "date": "2024-02-04T00:00:00",
    "weekday": "Feb 2024",
    "netpnl": 107623.299684
  },
  {
    "pnl": 58936.25,
    "date": "2024-02-05T00:00:00",
    "weekday": "Feb 2024",
    "netpnl": 56055.987693999996
  },
  {
    "pnl": 118324.25,
    "date": "2024-02-06T00:00:00",
    "weekday": "Feb 2024",
    "netpnl": 113929.697022
  },
  {
    "pnl": 120362.75,
    "date": "2024-02-07T00:00:00",
    "weekday": "Feb 2024",
    "netpnl": 114525.47520799999
  },
  {
    "pnl": 117122.75,
    "date": "2024-02-08T00:00:00",
    "weekday": "Feb 2024",
    "netpnl": 109603.80048499999
  },
  {
    "pnl": 117122.75,
    "date": "2024-02-09T00:00:00",
    "weekday": "Feb 2024",
    "netpnl": 109603.80048499999
  },
  {
    "pnl": 117122.75,
    "date": "2024-02-10T00:00:00",
    "weekday": "Feb 2024",
    "netpnl": 109603.80048499999
  },
  {
    "pnl": 117122.75,
    "date": "2024-02-11T00:00:00",
    "weekday": "Feb 2024",
    "netpnl": 109603.80048499999
  },
  {
    "pnl": 149009.0,
    "date": "2024-02-12T00:00:00",
    "weekday": "Feb 2024",
    "netpnl": 140275.51174199997
  },
  {
    "pnl": 190747.0,
    "date": "2024-02-13T00:00:00",
    "weekday": "Feb 2024",
    "netpnl": 180557.26166199998
  },
  {
    "pnl": 175719.25,
    "date": "2024-02-14T00:00:00",
    "weekday": "Feb 2024",
    "netpnl": 163969.24729399997
  },
  {
    "pnl": 273291.75,
    "date": "2024-02-15T00:00:00",
    "weekday": "Feb 2024",
    "netpnl": 260213.62510499998
  },
  {
    "pnl": 273291.75,
    "date": "2024-02-16T00:00:00",
    "weekday": "Feb 2024",
    "netpnl": 260213.62510499998
  },
  {
    "pnl": 273291.75,
    "date": "2024-02-17T00:00:00",
    "weekday": "Feb 2024",
    "netpnl": 260213.62510499998
  },
  {
    "pnl": 273291.75,
    "date": "2024-02-18T00:00:00",
    "weekday": "Feb 2024",
    "netpnl": 260213.62510499998
  },
  {
    "pnl": 299534.25,
    "date": "2024-02-19T00:00:00",
    "weekday": "Feb 2024",
    "netpnl": 285394.170419
  },
  {
    "pnl": 350380.25,
    "date": "2024-02-20T00:00:00",
    "weekday": "Feb 2024",
    "netpnl": 334919.759913
  },
  {
    "pnl": 385313.75,
    "date": "2024-02-21T00:00:00",
    "weekday": "Feb 2024",
    "netpnl": 368644.290796
  },
  {
    "pnl": 399793.75,
    "date": "2024-02-22T00:00:00",
    "weekday": "Feb 2024",
    "netpnl": 381680.90499999997
  },
  {
    "pnl": 399793.75,
    "date": "2024-02-23T00:00:00",
    "weekday": "Feb 2024",
    "netpnl": 381680.90499999997
  },
  {
    "pnl": 399793.75,
    "date": "2024-02-24T00:00:00",
    "weekday": "Feb 2024",
    "netpnl": 381680.90499999997
  },
  {
    "pnl": 399793.75,
    "date": "2024-02-25T00:00:00",
    "weekday": "Feb 2024",
    "netpnl": 381680.90499999997
  },
  {
    "pnl": 419560.0,
    "date": "2024-02-26T00:00:00",
    "weekday": "Feb 2024",
    "netpnl": 399950.42252799997
  },
  {
    "pnl": 551912.0,
    "date": "2024-02-27T00:00:00",
    "weekday": "Feb 2024",
    "netpnl": 530994.0848719999
  },
  {
    "pnl": 551912.0,
    "date": "2024-02-28T00:00:00",
    "weekday": "Feb 2024",
    "netpnl": 530994.0848719999
  },
  {
    "pnl": 416499.5,
    "date": "2024-02-29T00:00:00",
    "weekday": "Feb 2024",
    "netpnl": 393795.21915599995
  }
]