{
  "items": [
    {
      "data": [
        {
          "date": 1706745600,
          "value": 107623.3
        },
        {
          "date": 1706832000,
          "value": 0.0
        },
        {
          "date": 1706918400,
          "value": 0.0
        },
        {
          "date": 1707004800,
          "value": 0.0
        },
        {
          "date": 1707091200,
          "value": -51567.31
        },
        {
          "date": 1707177600,
          "value": 57873.71
        },
        {
          "date": 1707264000,
          "value": 595.78
        },
        {
          "date": 1707350400,
          "value": -4921.67
        },
        {
          "date": 1707436800,
          "value": 0.0
        },
        {
          "date": 1707523200,
          "value": 0.0
        },
        {
          "date": 1707609600,
          "value": 0.0
        },
        {
          "date": 1707696000,
          "value": 30671.71
        },
        {
          "date": 1707782400,
          "value": 40281.75
        },
        {
          "date": 1707868800,
          "value": -16588.01
        },
        {
          "date": 1707955200,
          "value": 96244.38
        },
        {
          "date": 1708041600,
          "value": 0.0
        },
        {
          "date": 1708128000,
          "value": 0.0
        },
        {
          "date": 1708214400,
          "value": 0.0
        },
        {
          "date": 1708300800,
          "value": 25180.55
        },
        {
          "date": 1708387200,
          "value": 49525.59
        },
        {
          "date": 1708473600,
          "value": 33724.53
        },
        {
          "date": 1708560000,
          "value": 13036.61
        },
        {
          "date": 1708646400,
          "value": 0.0
        },
        {
          "date": 1708732800,
          "value": 0.0
        },
        {
          "date": 1708819200,
          "value": 0.0
        },
        {
          "date": 1708905600,
          "value": 18269.52
        },
        {
          "date": 1708992000,
          "value": 131043.66
        },
        {
          "date": 1709078400,
          "value": 0.0
        },
        {
          "date": 1709164800,
          "value": -137198.87
        }
      ],
      "calstartdate": "2024-01-01T00:00:00",
      "range": 12
    }
  ],
  "min": -124354.13599999997,
  "max": 118162.46199999998,
  "startyear": 2024,
  "endyear": 2024
}