{
  "capital": 0.0,
  "totaltradingdays": 16,
  "windays": 12,
  "lossdays": 4,
  "maxwinningstreakdays": 7,
  "maxlosingstreakdays": 1,
  "maxdddays": 4,
  "maxdddaysstr": "07/02/2024 to 11/02/2024",
  "rewardtorisk": 0.0,
  "winrate": 75.0,
  "lossrate": 25.0,
  "avgmonthlyprofit": 393795.21915599995,
  "totalprofit": 393795.21915599995,
  "maxprofitaday": 131043.66,
  "maxlossaday": -137198.87,
  "avgprofit_lossdaily": 13579.145862068968,
  "avgprofitonprofitdays": 50339.25750000001,
  "avglossonlossdays": -52568.965,
  "maxdrawdown": 137198.86571599997,
  "maxdrawdownper": 0.0,
  "avgmonthlyprofitstr": "3.94L",
  "totalprofitstr": "3.94L",
  "maxprofitadaystr": "1.31L",
  "maxlossadaystr": "-1.37L",
  "avgprofit_lossdailystr": "13.58K",
  "avgprofitonprofitdaysstr": "50.34K",
  "avglossonlossdaysstr": "-52.57K",
  "maxdrawdownstr": "1.37L",
  "expectancyratio": 0.0
}