[
  {
    "pnl": 0.0,
    "date": "2024-01-29T00:00:00",
    "weekday": "Jan 2024",
    "netpnl": 107623.299684
  },
  {
    "pnl": 0.0,
    "date": "2024-02-05T00:00:00",
    "weekday": "Feb 2024",
    "netpnl": 109603.80048499999
  },
  {
    "pnl": 0.0,
    "date": "2024-02-12T00:00:00",
    "weekday": "Feb 2024",
    "netpnl": 260213.62510499998
  },
  {
    "pnl": 0.0,
    "date": "2024-02-19T00:00:00",
    "weekday": "Feb 2024",
    "netpnl": 381680.90499999997
  },
  {
    "pnl": 0.0,
    "date": "2024-02-26T00:00:00",
    "weekday": "Feb 2024",
    "netpnl": 393795.21915599995
  }
]