[
  {
    "pnl": 29696.25,
    "date": "2023-02-28T00:00:00",
    "weekday": "Feb 2023",
    "netpnl": 29465.389863
  },
  {
    "pnl": 37618.75,
    "date": "2023-03-01T00:00:00",
    "weekday": "Mar 2023",
    "netpnl": 37220.307071
  },
  {
    "pnl": 58131.25,
    "date": "2023-03-02T00:00:00",
    "weekday": "Mar 2023",
    "netpnl": 55672.654332
  },
  {
    "pnl": 58131.25,
    "date": "2023-03-03T00:00:00",
    "weekday": "Mar 2023",
    "netpnl": 55672.654332
  },
  {
    "pnl": 58131.25,
    "date": "2023-03-04T00:00:00",
    "weekday": "Mar 2023",
    "netpnl": 55672.654332
  },
  {
    "pnl": 58131.25,
    "date": "2023-03-05T00:00:00",
    "weekday": "Mar 2023",
    "netpnl": 55672.654332
  },
  {
    "pnl": 63695.0,
    "date": "2023-03-06T00:00:00",
    "weekday": "Mar 2023",
    "netpnl": 61016.600336999996
  },
  {
    "pnl": 63695.0,
    "date": "2023-03-07T00:00:00",
    "weekday": "Mar 2023",
    "netpnl": 61016.600336999996
  },
  {
    "pnl": 72293.75,
    "date": "2023-03-08T00:00:00",
    "weekday": "Mar 2023",
    "netpnl": 69434.974277
  },
  {
    "pnl": 25416.25,
    "date": "2023-03-09T00:00:00",
    "weekday": "Mar 2023",
    "netpnl": 20596.482010999996
  },
  {
    "pnl": 25416.25,
    "date": "2023-03-10T00:00:00",
    "weekday": "Mar 2023",
    "netpnl": 20596.482010999996
  },
  {
    "pnl": 25416.25,
    "date": "2023-03-11T00:00:00",
    "weekday": "Mar 2023",
    "netpnl": 20596.482010999996
  },
  {
    "pnl": 25416.25,
    "date": "2023-03-12T00:00:00",
    "weekday": "Mar 2023",
    "netpnl": 20596.482010999996
  },
  {
    "pnl": 54741.25,
    "date": "2023-03-13T00:00:00",
    "weekday": "Mar 2023",
    "netpnl": 49634.84422499999
  },
  {
    "pnl": 81183.75,
    "date": "2023-03-14T00:00:00",
    "weekday": "Mar 2023",
    "netpnl": 75746.72422999999
  },
  {
    "pnl": 62177.5,
    "date": "2023-03-15T00:00:00",
    "weekday": "Mar 2023",
    "netpnl": 56495.139381999994
  },
  {
    "pnl": -1040.0,
    "date": "2023-03-16T00:00:00",
    "weekday": "Mar 2023",
    "netpnl": -8574.656778
  },
  {
    "pnl": -1040.0,
    "date": "2023-03-17T00:00:00",
    "weekday": "Mar 2023",
    "netpnl": -8574.656778
  },
  {
    "pnl": -1040.0,
    "date": "2023-03-18T00:00:00",
    "weekday": "Mar 2023",
    "netpnl": -8574.656778
  },
  {
    "pnl": -1040.0,
    "date": "2023-03-19T00:00:00",
    "weekday": "Mar 2023",
    "netpnl": -8574.656778
  },
  {
    "pnl": -26103.75,
    "date": "2023-03-20T00:00:00",
    "weekday": "Mar 2023",
    "netpnl": -34098.15625099999
  },
  {
    "pnl": -29385.0,
    "date": "2023-03-21T00:00:00",
    "weekday": "Mar 2023",
    "netpnl": -37731.848888999986
  },
  {
    "pnl": -14117.5,
    "date": "2023-03-22T00:00:00",
    "weekday": "Mar 2023",
    "netpnl": -22681.055832999988
  },
  {
    "pnl": -79287.5,
    "date": "2023-03-23T00:00:00",
    "weekday": "Mar 2023",
    "netpnl": -89984.76599099998
  },
  {
    "pnl": -79287.5,
    "date": "2023-03-24T00:00:00",
    "weekday": "Mar 2023",
    "netpnl": -89984.76599099998
  },
  {
    "pnl": -79287.5,
    "date": "2023-03-25T00:00:00",
    "weekday": "Mar 2023",
    "netpnl": -89984.76599099998
  },
  {
    "pnl": -79287.5,
    "date": "2023-03-26T00:00:00",
    "weekday": "Mar 2023",
    "netpnl": -89984.76599099998
  },
  {
    "pnl": -28165.0,
    "date": "2023-03-27T00:00:00",
    "weekday": "Mar 2023",
    "netpnl": -39179.203650999974
  },
  {
    "pnl": 8631.25,
    "date": "2023-03-28T00:00:00",
    "weekday": "Mar 2023",
    "netpnl": -2570.9782209999757
  },
  {
    "pnl": 16818.75,
    "date": "2023-03-29T00:00:00",
    "weekday": "Mar 2023",
    "netpnl": 3566.3316340000247
  },
  {
    "pnl": 16818.75,
    "date": "2023-03-30T00:00:00",
    "weekday": "Mar 2023",
    "netpnl": 3566.3316340000247
  },
  {
    "pnl": 16818.75,
    "date": "2023-03-31T00:00:00",
    "weekday": "Mar 2023",
    "netpnl": 3566.3316340000247
  }
]