[
  {
    "pnl": 29696.25,
    "netpnl": 29465.389863,
    "date": "2023-02-28T00:00:00",
    "weekday": "Feb 2023",
    "charges": 230.860137,
    "color": null
  },
  {
    "pnl": 7922.5,
    "netpnl": 7754.917208,
    "date": "2023-03-01T00:00:00",
    "weekday": "Mar 2023",
    "charges": 167.582792,
    "color": null
  },
  {
    "pnl": 20512.5,
    "netpnl": 18452.347261,
    "date": "2023-03-02T00:00:00",
    "weekday": "Mar 2023",
    "charges": 2060.152739,
    "color": null
  },
  {
    "pnl": 0.0,
    "netpnl": 0.0,
    "date": "2023-03-03T00:00:00",
    "weekday": "Mar 2023",
    "charges": 0.0,
    "color": null
  },
  {
    "pnl": 0.0,
    "netpnl": 0.0,
    "date": "2023-03-04T00:00:00",
    "weekday": "Mar 2023",
    "charges": 0.0,
    "color": null
  },
  {
    "pnl": 0.0,
    "netpnl": 0.0,
    "date": "2023-03-05T00:00:00",
    "weekday": "Mar 2023",
    "charges": 0.0,
    "color": null
  },
  {
    "pnl": 5563.75,
    "netpnl": 5343.946005,
    "date": "2023-03-06T00:00:00",
    "weekday": "Mar 2023",
    "charges": 219.80399500000001,
    "color": null
  },
  {
    "pnl": 0.0,
    "netpnl": 0.0,
    "date": "2023-03-07T00:00:00",
    "weekday": "Mar 2023",
    "charges": 0.0,
    "color": null
  },
  {
    "pnl": 8598.75,
    "netpnl": 8418.37394,
    "date": "2023-03-08T00:00:00",
    "weekday": "Mar 2023",
    "charges": 180.37605999999997,
    "color": null
  },
  {
    "pnl": -46877.5,
    "netpnl": -48838.492266,
    "date": "2023-03-09T00:00:00",
    "weekday": "Mar 2023",
    "charges": 1960.992266,
    "color": null
  },
  {
    "pnl": 0.0,
    "netpnl": 0.0,
    "date": "2023-03-10T00:00:00",
    "weekday": "Mar 2023",
    "charges": 0.0,
    "color": null
  },
  {
    "pnl": 0.0,
    "netpnl": 0.0,
    "date": "2023-03-11T00:00:00",
    "weekday": "Mar 2023",
    "charges": 0.0,
    "color": null
  },
  {
    "pnl": 0.0,
    "netpnl": 0.0,
    "date": "2023-03-12T00:00:00",
    "weekday": "Mar 2023",
    "charges": 0.0,
    "color": null
  },
  {
    "pnl": 29325.0,
    "netpnl": 29038.362214,
    "date": "2023-03-13T00:00:00",
    "weekday": "Mar 2023",
    "charges": 286.637786,
    "color": null
  },
  {
    "pnl": 26442.5,
    "netpnl": 26111.880005,
    "date": "2023-03-14T00:00:00",
    "weekday": "Mar 2023",
    "charges": 330.619995,
    "color": null
  },
  {
    "pnl": -19006.25,
    "netpnl": -19251.584848,
    "date": "2023-03-15T00:00:00",
    "weekday": "Mar 2023",
    "charges": 245.334848,
    "color": null
  },
  {
    "pnl": -63217.5,
    "netpnl": -65069.79616,
    "date": "2023-03-16T00:00:00",
    "weekday": "Mar 2023",
    "charges": 1852.2961599999999,
    "color": null
  },
  {
    "pnl": 0.0,
    "netpnl": 0.0,
    "date": "2023-03-17T00:00:00",
    "weekday": "Mar 2023",
    "charges": 0.0,
    "color": null
  },
  {
    "pnl": 0.0,
    "netpnl": 0.0,
    "date": "2023-03-18T00:00:00",
    "weekday": "Mar 2023",
    "charges": 0.0,
    "color": null
  },
  {
    "pnl": 0.0,
    "netpnl": 0.0,
    "date": "2023-03-19T00:00:00",
    "weekday": "Mar 2023",
    "charges": 0.0,
    "color": null
  },
  {
    "pnl": -25063.75,
    "netpnl": -25523.499473,
    "date": "2023-03-20T00:00:00",
    "weekday": "Mar 2023",
    "charges": 459.749473,
    "color": null
  },
  {
    "pnl": -3281.25,
    "netpnl": -3633.692638,
    "date": "2023-03-21T00:00:00",
    "weekday": "Mar 2023",
    "charges": 352.442638,
    "color": null
  },
  {
    "pnl": 15267.5,
    "netpnl": 15050.793056,
    "date": "2023-03-22T00:00:00",
    "weekday": "Mar 2023",
    "charges": 216.706944,
    "color": null
  },
  {
    "pnl": -65170.0,
    "netpnl": -67303.710158,
    "date": "2023-03-23T00:00:00",
    "weekday": "Mar 2023",
    "charges": 2133.710158,
    "color": null
  },
  {
    "pnl": 0.0,
    "netpnl": 0.0,
    "date": "2023-03-24T00:00:00",
    "weekday": "Mar 2023",
    "charges": 0.0,
    "color": null
  },
  {
    "pnl": 0.0,
    "netpnl": 0.0,
    "date": "2023-03-25T00:00:00",
    "weekday": "Mar 2023",
    "charges": 0.0,
    "color": null
  },
  {
    "pnl": 0.0,
    "netpnl": 0.0,
    "date": "2023-03-26T00:00:00",
    "weekday": "Mar 2023",
    "charges": 0.0,
    "color": null
  },
  {
    "pnl": 51122.5,
    "netpnl": 50805.56234,
    "date": "2023-03-27T00:00:00",
    "weekday": "Mar 2023",
    "charges": 316.93765999999994,
    "color": null
  },
  {
    "pnl": 36796.25,
    "netpnl": 36608.22543,
    "date": "2023-03-28T00:00:00",
    "weekday": "Mar 2023",
    "charges": 188.02456999999998,
    "color": null
  },
  {
    "pnl": 8187.5,
    "netpnl": 6137.309855,
    "date": "2023-03-29T00:00:00",
    "weekday": "Mar 2023",
    "charges": 2050.1901449999996,
    "color": null
  },
  {
    "pnl": 0.0,
    "netpnl": 0.0,
    "date": "2023-03-30T00:00:00",
    "weekday": "Mar 2023",
    "charges": 0.0,
    "color": null
  },
  {
    "pnl": 0.0,
    "netpnl": 0.0,
    "date": "2023-03-31T00:00:00",
    "weekday": "Mar 2023",
    "charges": 0.0,
    "color": null
  }
]