{
  "items": [
    {
      "data": [],
      "calstartdate": "2022-01-01T00:00:00",
      "range": 12
    },
    {
      "data": [
        {
          "date": 1677628800,
          "value": 7754.92
        },
        {
          "date": 1677715200,
          "value": 18452.35
        },
        {
          "date": 1677801600,
          "value": 0.0
        },
        {
          "date": 1677888000,
          "value": 0.0
        },
        {
          "date": 1677974400,
          "value": 0.0
        },
        {
          "date": 1678060800,
          "value": 5343.95
        },
        {
          "date": 1678147200,
          "value": 0.0
        },
        {
          "date": 1678233600,
          "value": 8418.37
        },
        {
          "date": 1678320000,
          "value": -48838.49
        },
        {
          "date": 1678406400,
          "value": 0.0
        },
        {
          "date": 1678492800,
          "value": 0.0
        },
        {
          "date": 1678579200,
          "value": 0.0
        },
        {
          "date": 1678665600,
          "value": 29038.36
        },
        {
          "date": 1678752000,
          "value": 26111.88
        },
        {
          "date": 1678838400,
          "value": -19251.58
        },
        {
          "date": 1678924800,
          "value": -65069.8
        },
        {
          "date": 1679011200,
          "value": 0.0
        },
        {
          "date": 1679097600,
          "value": 0.0
        },
        {
          "date": 1679184000,
          "value": 0.0
        },
        {
          "date": 1679270400,
          "value": -25523.5
        },
        {
          "date": 1679356800,
          "value": -3633.69
        },
        {
          "date": 1679443200,
          "value": 15050.79
        },
        {
          "date": 1679529600,
          "value": -67303.71
        },
        {
          "date": 1679616000,
          "value": 0.0
        },
        {
          "date": 1679702400,
          "value": 0.0
        },
        {
          "date": 1679788800,
          "value": 0.0
        },
        {
          "date": 1679875200,
          "value": 50805.56
        },
        {
          "date": 1677542400,
          "value": 29465.39
        },
        {
          "date": 1679961600,
          "value": 36608.23
        },
        {
          "date": 1680048000,
          "value": 6137.31
        },
        {
          "date": 1680134400,
          "value": 0.0
        },
        {
          "date": 1680220800,
          "value": 0.0
        }
      ],
      "calstartdate": "2023-01-01T00:00:00",
      "range": 12
    }
  ],
  "min": -66745.23250000001,
  "max": 43706.895000000004,
  "startyear": 2022,
  "endyear": 2023
}