[
  {
    "pnl": 55672.65,
    "pnlstr": null,
    "date": "2023-03-05T00:00:00",
    "weekday": "Mar 2023",
    "charges": 0.0,
    "color": null
  },
  {
    "pnl": -35076.17,
    "pnlstr": null,
    "date": "2023-03-12T00:00:00",
    "weekday": "Mar 2023",
    "charges": 0.0,
    "color": null
  },
  {
    "pnl": -29171.14,
    "pnlstr": null,
    "date": "2023-03-19T00:00:00",
    "weekday": "Mar 2023",
    "charges": 0.0,
    "color": null
  },
  {
    "pnl": -81410.11,
    "pnlstr": null,
    "date": "2023-03-26T00:00:00",
    "weekday": "Mar 2023",
    "charges": 0.0,
    "color": null
  },
  {
    "pnl": 93551.1,
    "pnlstr": null,
    "date": "2023-04-02T00:00:00",
    "weekday": "Apr 2023",
    "charges": 0.0,
    "color": null
  }
]