[
  {
    "pnl": 58131.25,
    "netpnl": 55672.654332,
    "date": "2023-03-05T00:00:00",
    "weekday": "Mar 2023",
    "charges": 2458.5956680000004,
    "color": null
  },
  {
    "pnl": -32715.0,
    "netpnl": -35076.172321000005,
    "date": "2023-03-12T00:00:00",
    "weekday": "Mar 2023",
    "charges": 2361.172321,
    "color": null
  },
  {
    "pnl": -26456.25,
    "netpnl": -29171.138788999997,
    "date": "2023-03-19T00:00:00",
    "weekday": "Mar 2023",
    "charges": 2714.8887889999996,
    "color": null
  },
  {
    "pnl": -78247.5,
    "netpnl": -81410.109213,
    "date": "2023-03-26T00:00:00",
    "weekday": "Mar 2023",
    "charges": 3162.6092129999997,
    "color": null
  },
  {
    "pnl": 96106.25,
    "netpnl": 93551.097625,
    "date": "2023-04-02T00:00:00",
    "weekday": "Apr 2023",
    "charges": 2555.1523749999997,
    "color": null
  }
]