[
  {
    "pnl": 0.0,
    "date": "2023-03-05T00:00:00",
    "weekday": "Mar 2023",
    "netpnl": 55672.654332
  },
  {
    "pnl": -35076.172321000005,
    "date": "2023-03-12T00:00:00",
    "weekday": "Mar 2023",
    "netpnl": 20596.482010999996
  },
  {
    "pnl": -64247.311109999995,
    "date": "2023-03-19T00:00:00",
    "weekday": "Mar 2023",
    "netpnl": -8574.656778
  },
  {
    "pnl": -145657.42032299997,
    "date": "2023-03-26T00:00:00",
    "weekday": "Mar 2023",
    "netpnl": -89984.76599099998
  },
  {
    "pnl": -52106.322697999974,
    "date": "2023-04-02T00:00:00",
    "weekday": "Apr 2023",
    "netpnl": 3566.3316340000247
  }
]