[
  {
    "pnl": 0.0,
    "pnlstr": null,
    "date": "2023-03-05T00:00:00",
    "weekday": "Mar 2023",
    "charges": 0.0,
    "color": null
  },
  {
    "pnl": -35076.172321000005,
    "pnlstr": null,
    "date": "2023-03-12T00:00:00",
    "weekday": "Mar 2023",
    "charges": 0.0,
    "color": null
  },
  {
    "pnl": -64247.311109999995,
    "pnlstr": null,
    "date": "2023-03-19T00:00:00",
    "weekday": "Mar 2023",
    "charges": 0.0,
    "color": null
  },
  {
    "pnl": -145657.42032299997,
    "pnlstr": null,
    "date": "2023-03-26T00:00:00",
    "weekday": "Mar 2023",
    "charges": 0.0,
    "color": null
  },
  {
    "pnl": -52106.322697999974,
    "pnlstr": null,
    "date": "2023-04-02T00:00:00",
    "weekday": "Apr 2023",
    "charges": 0.0,
    "color": null
  }
]