[
  {
    "pnl": 0.0,
    "date": "2023-09-23T00:00:00",
    "weekday": "Sep 2023",
    "netpnl": 0.0
  },
  {
    "pnl": 0.0,
    "date": "2023-09-24T00:00:00",
    "weekday": "Sep 2023",
    "netpnl": 0.0
  },
  {
    "pnl": 0.0,
    "date": "2023-09-25T00:00:00",
    "weekday": "Sep 2023",
    "netpnl": 3648.6532079999997
  },
  {
    "pnl": 0.0,
    "date": "2023-09-26T00:00:00",
    "weekday": "Sep 2023",
    "netpnl": 3754.2850529999996
  },
  {
    "pnl": 0.0,
    "date": "2023-09-27T00:00:00",
    "weekday": "Sep 2023",
    "netpnl": 29513.798186
  },
  {
    "pnl": 0.0,
    "date": "2023-09-28T00:00:00",
    "weekday": "Sep 2023",
    "netpnl": 49947.872205
  },
  {
    "pnl": 0.0,
    "date": "2023-09-29T00:00:00",
    "weekday": "Sep 2023",
    "netpnl": 51175.718136
  },
  {
    "pnl": 0.0,
    "date": "2023-09-30T00:00:00",
    "weekday": "Sep 2023",
    "netpnl": 51175.718136
  },
  {
    "pnl": 0.0,
    "date": "2023-10-01T00:00:00",
    "weekday": "Oct 2023",
    "netpnl": 51175.718136
  },
  {
    "pnl": 0.0,
    "date": "2023-10-02T00:00:00",
    "weekday": "Oct 2023",
    "netpnl": 51175.718136
  },
  {
    "pnl": 0.0,
    "date": "2023-10-03T00:00:00",
    "weekday": "Oct 2023",
    "netpnl": 56729.096017
  },
  {
    "pnl": 0.0,
    "date": "2023-10-04T00:00:00",
    "weekday": "Oct 2023",
    "netpnl": 78771.099689
  },
  {
    "pnl": -16049.585897999998,
    "date": "2023-10-05T00:00:00",
    "weekday": "Oct 2023",
    "netpnl": 62721.513791
  },
  {
    "pnl": -26766.701251,
    "date": "2023-10-06T00:00:00",
    "weekday": "Oct 2023",
    "netpnl": 52004.398438
  },
  {
    "pnl": -26766.701251,
    "date": "2023-10-07T00:00:00",
    "weekday": "Oct 2023",
    "netpnl": 52004.398438
  },
  {
    "pnl": -26766.701251,
    "date": "2023-10-08T00:00:00",
    "weekday": "Oct 2023",
    "netpnl": 52004.398438
  },
  {
    "pnl": -17597.275804999997,
    "date": "2023-10-09T00:00:00",
    "weekday": "Oct 2023",
    "netpnl": 61173.823884
  },
  {
    "pnl": -3372.103845999998,
    "date": "2023-10-10T00:00:00",
    "weekday": "Oct 2023",
    "netpnl": 75398.995843
  },
  {
    "pnl": -3349.899793999997,
    "date": "2023-10-11T00:00:00",
    "weekday": "Oct 2023",
    "netpnl": 75421.199895
  },
  {
    "pnl": 0.0,
    "date": "2023-10-12T00:00:00",
    "weekday": "Oct 2023",
    "netpnl": 82198.547351
  },
  {
    "pnl": -31580.058027,
    "date": "2023-10-13T00:00:00",
    "weekday": "Oct 2023",
    "netpnl": 50618.489324
  },
  {
    "pnl": -31580.058027,
    "date": "2023-10-14T00:00:00",
    "weekday": "Oct 2023",
    "netpnl": 50618.489324
  },
  {
    "pnl": -31580.058027,
    "date": "2023-10-15T00:00:00",
    "weekday": "Oct 2023",
    "netpnl": 50618.489324
  },
  {
    "pnl": -64946.08418,
    "date": "2023-10-16T00:00:00",
    "weekday": "Oct 2023",
    "netpnl": 17252.463171000003
  },
  {
    "pnl": -46968.562048,
    "date": "2023-10-17T00:00:00",
    "weekday": "Oct 2023",
    "netpnl": 35229.985303
  },
  {
    "pnl": -43116.675682,
    "date": "2023-10-18T00:00:00",
    "weekday": "Oct 2023",
    "netpnl": 39081.871669
  },
  {
    "pnl": -36076.723921,
    "date": "2023-10-19T00:00:00",
    "weekday": "Oct 2023",
    "netpnl": 46121.823430000004
  },
  {
    "pnl": -25073.128742999994,
    "date": "2023-10-20T00:00:00",
    "weekday": "Oct 2023",
    "netpnl": 57125.41860800001
  },
  {
    "pnl": -25073.128742999994,
    "date": "2023-10-21T00:00:00",
    "weekday": "Oct 2023",
    "netpnl": 57125.41860800001
  },
  {
    "pnl": -25073.128742999994,
    "date": "2023-10-22T00:00:00",
    "weekday": "Oct 2023",
    "netpnl": 57125.41860800001
  },
  {
    "pnl": -6163.349863999989,
    "date": "2023-10-23T00:00:00",
    "weekday": "Oct 2023",
    "netpnl": 76035.19748700001
  },
  {
    "pnl": -6163.349863999989,
    "date": "2023-10-24T00:00:00",
    "weekday": "Oct 2023",
    "netpnl": 76035.19748700001
  },
  {
    "pnl": -5324.036457999988,
    "date": "2023-10-25T00:00:00",
    "weekday": "Oct 2023",
    "netpnl": 76874.51089300001
  },
  {
    "pnl": 0.0,
    "date": "2023-10-26T00:00:00",
    "weekday": "Oct 2023",
    "netpnl": 109702.61135500002
  },
  {
    "pnl": 0.0,
    "date": "2023-10-27T00:00:00",
    "weekday": "Oct 2023",
    "netpnl": 143491.861324
  },
  {
    "pnl": 0.0,
    "date": "2023-10-28T00:00:00",
    "weekday": "Oct 2023",
    "netpnl": 143491.861324
  },
  {
    "pnl": 0.0,
    "date": "2023-10-29T00:00:00",
    "weekday": "Oct 2023",
    "netpnl": 143491.861324
  },
  {
    "pnl": -11170.417760000011,
    "date": "2023-10-30T00:00:00",
    "weekday": "Oct 2023",
    "netpnl": 132321.443564
  },
  {
    "pnl": 0.0,
    "date": "2023-10-31T00:00:00",
    "weekday": "Oct 2023",
    "netpnl": 153677.62975599998
  },
  {
    "pnl": 0.0,
    "date": "2023-11-01T00:00:00",
    "weekday": "Nov 2023",
    "netpnl": 179371.25231799998
  },
  {
    "pnl": 0.0,
    "date": "2023-11-02T00:00:00",
    "weekday": "Nov 2023",
    "netpnl": 229627.034899
  },
  {
    "pnl": -7691.9654579999915,
    "date": "2023-11-03T00:00:00",
    "weekday": "Nov 2023",
    "netpnl": 221935.069441
  },
  {
    "pnl": -7691.9654579999915,
    "date": "2023-11-04T00:00:00",
    "weekday": "Nov 2023",
    "netpnl": 221935.069441
  },
  {
    "pnl": -7691.9654579999915,
    "date": "2023-11-05T00:00:00",
    "weekday": "Nov 2023",
    "netpnl": 221935.069441
  },
  {
    "pnl": 0.0,
    "date": "2023-11-06T00:00:00",
    "weekday": "Nov 2023",
    "netpnl": 232734.251116
  },
  {
    "pnl": 0.0,
    "date": "2023-11-07T00:00:00",
    "weekday": "Nov 2023",
    "netpnl": 275495.941374
  },
  {
    "pnl": -25829.567206000007,
    "date": "2023-11-08T00:00:00",
    "weekday": "Nov 2023",
    "netpnl": 249666.37416799998
  },
  {
    "pnl": -51610.609664999996,
    "date": "2023-11-09T00:00:00",
    "weekday": "Nov 2023",
    "netpnl": 223885.331709
  },
  {
    "pnl": -81849.13793,
    "date": "2023-11-10T00:00:00",
    "weekday": "Nov 2023",
    "netpnl": 193646.803444
  },
  {
    "pnl": -81849.13793,
    "date": "2023-11-11T00:00:00",
    "weekday": "Nov 2023",
    "netpnl": 193646.803444
  },
  {
    "pnl": -85808.55131000001,
    "date": "2023-11-12T00:00:00",
    "weekday": "Nov 2023",
    "netpnl": 189687.39006399998
  },
  {
    "pnl": -123411.46080300002,
    "date": "2023-11-13T00:00:00",
    "weekday": "Nov 2023",
    "netpnl": 152084.48057099996
  },
  {
    "pnl": -123411.46080300002,
    "date": "2023-11-14T00:00:00",
    "weekday": "Nov 2023",
    "netpnl": 152084.48057099996
  },
  {
    "pnl": -127333.72457800002,
    "date": "2023-11-15T00:00:00",
    "weekday": "Nov 2023",
    "netpnl": 148162.21679599996
  },
  {
    "pnl": -107657.81234600002,
    "date": "2023-11-16T00:00:00",
    "weekday": "Nov 2023",
    "netpnl": 167838.12902799997
  },
  {
    "pnl": -143614.44545700002,
    "date": "2023-11-17T00:00:00",
    "weekday": "Nov 2023",
    "netpnl": 131881.49591699996
  },
  {
    "pnl": -143614.44545700002,
    "date": "2023-11-18T00:00:00",
    "weekday": "Nov 2023",
    "netpnl": 131881.49591699996
  },
  {
    "pnl": -143614.44545700002,
    "date": "2023-11-19T00:00:00",
    "weekday": "Nov 2023",
    "netpnl": 131881.49591699996
  },
  {
    "pnl": -190564.211596,
    "date": "2023-11-20T00:00:00",
    "weekday": "Nov 2023",
    "netpnl": 84931.72977799996
  },
  {
    "pnl": -210515.15794,
    "date": "2023-11-21T00:00:00",
    "weekday": "Nov 2023",
    "netpnl": 64980.78343399997
  },
  {
    "pnl": -192948.933836,
    "date": "2023-11-22T00:00:00",
    "weekday": "Nov 2023",
    "netpnl": 82547.00753799998
  },
  {
    "pnl": -211080.173011,
    "date": "2023-11-23T00:00:00",
    "weekday": "Nov 2023",
    "netpnl": 64415.76836299998
  },
  {
    "pnl": -221626.928891,
    "date": "2023-11-24T00:00:00",
    "weekday": "Nov 2023",
    "netpnl": 53869.012482999984
  },
  {
    "pnl": -221626.928891,
    "date": "2023-11-25T00:00:00",
    "weekday": "Nov 2023",
    "netpnl": 53869.012482999984
  },
  {
    "pnl": -221626.928891,
    "date": "2023-11-26T00:00:00",
    "weekday": "Nov 2023",
    "netpnl": 53869.012482999984
  },
  {
    "pnl": -221626.928891,
    "date": "2023-11-27T00:00:00",
    "weekday": "Nov 2023",
    "netpnl": 53869.012482999984
  },
  {
    "pnl": -224116.878658,
    "date": "2023-11-28T00:00:00",
    "weekday": "Nov 2023",
    "netpnl": 51379.062715999986
  },
  {
    "pnl": -235880.19901500002,
    "date": "2023-11-29T00:00:00",
    "weekday": "Nov 2023",
    "netpnl": 39615.74235899998
  },
  {
    "pnl": -218609.214484,
    "date": "2023-11-30T00:00:00",
    "weekday": "Nov 2023",
    "netpnl": 56886.726889999976
  },
  {
    "pnl": -212568.25503,
    "date": "2023-12-01T00:00:00",
    "weekday": "Dec 2023",
    "netpnl": 62927.68634399997
  },
  {
    "pnl": -212568.25503,
    "date": "2023-12-02T00:00:00",
    "weekday": "Dec 2023",
    "netpnl": 62927.68634399997
  },
  {
    "pnl": -212568.25503,
    "date": "2023-12-03T00:00:00",
    "weekday": "Dec 2023",
    "netpnl": 62927.68634399997
  },
  {
    "pnl": -212568.25503,
    "date": "2023-12-04T00:00:00",
    "weekday": "Dec 2023",
    "netpnl": 62927.68634399997
  },
  {
    "pnl": -190285.99081800002,
    "date": "2023-12-05T00:00:00",
    "weekday": "Dec 2023",
    "netpnl": 85209.95055599997
  },
  {
    "pnl": -159200.175676,
    "date": "2023-12-06T00:00:00",
    "weekday": "Dec 2023",
    "netpnl": 116295.76569799997
  },
  {
    "pnl": -159942.092926,
    "date": "2023-12-07T00:00:00",
    "weekday": "Dec 2023",
    "netpnl": 115553.84844799998
  },
  {
    "pnl": -175382.832418,
    "date": "2023-12-08T00:00:00",
    "weekday": "Dec 2023",
    "netpnl": 100113.10895599998
  },
  {
    "pnl": -175382.832418,
    "date": "2023-12-09T00:00:00",
    "weekday": "Dec 2023",
    "netpnl": 100113.10895599998
  },
  {
    "pnl": -175382.832418,
    "date": "2023-12-10T00:00:00",
    "weekday": "Dec 2023",
    "netpnl": 100113.10895599998
  },
  {
    "pnl": -206198.93635,
    "date": "2023-12-11T00:00:00",
    "weekday": "Dec 2023",
    "netpnl": 69297.00502399998
  },
  {
    "pnl": -200917.317148,
    "date": "2023-12-12T00:00:00",
    "weekday": "Dec 2023",
    "netpnl": 74578.62422599999
  },
  {
    "pnl": -179725.160681,
    "date": "2023-12-13T00:00:00",
    "weekday": "Dec 2023",
    "netpnl": 95770.78069299998
  },
  {
    "pnl": -158640.507061,
    "date": "2023-12-14T00:00:00",
    "weekday": "Dec 2023",
    "netpnl": 116855.43431299998
  },
  {
    "pnl": -139118.191338,
    "date": "2023-12-15T00:00:00",
    "weekday": "Dec 2023",
    "netpnl": 136377.75003599998
  },
  {
    "pnl": -139118.191338,
    "date": "2023-12-16T00:00:00",
    "weekday": "Dec 2023",
    "netpnl": 136377.75003599998
  },
  {
    "pnl": -139118.191338,
    "date": "2023-12-17T00:00:00",
    "weekday": "Dec 2023",
    "netpnl": 136377.75003599998
  },
  {
    "pnl": -137092.333044,
    "date": "2023-12-18T00:00:00",
    "weekday": "Dec 2023",
    "netpnl": 138403.60833
  },
  {
    "pnl": -114338.984437,
    "date": "2023-12-19T00:00:00",
    "weekday": "Dec 2023",
    "netpnl": 161156.95693699998
  },
  {
    "pnl": -125374.77802200001,
    "date": "2023-12-20T00:00:00",
    "weekday": "Dec 2023",
    "netpnl": 150121.16335199997
  },
  {
    "pnl": -154537.60619400002,
    "date": "2023-12-21T00:00:00",
    "weekday": "Dec 2023",
    "netpnl": 120958.33517999997
  },
  {
    "pnl": -129646.09213600002,
    "date": "2023-12-22T00:00:00",
    "weekday": "Dec 2023",
    "netpnl": 145849.84923799997
  },
  {
    "pnl": -129646.09213600002,
    "date": "2023-12-23T00:00:00",
    "weekday": "Dec 2023",
    "netpnl": 145849.84923799997
  },
  {
    "pnl": -129646.09213600002,
    "date": "2023-12-24T00:00:00",
    "weekday": "Dec 2023",
    "netpnl": 145849.84923799997
  },
  {
    "pnl": -129646.09213600002,
    "date": "2023-12-25T00:00:00",
    "weekday": "Dec 2023",
    "netpnl": 145849.84923799997
  },
  {
    "pnl": -130877.89171300002,
    "date": "2023-12-26T00:00:00",
    "weekday": "Dec 2023",
    "netpnl": 144618.04966099997
  },
  {
    "pnl": -120199.115862,
    "date": "2023-12-27T00:00:00",
    "weekday": "Dec 2023",
    "netpnl": 155296.82551199998
  },
  {
    "pnl": -98417.747726,
    "date": "2023-12-28T00:00:00",
    "weekday": "Dec 2023",
    "netpnl": 177078.193648
  },
  {
    "pnl": -88797.86427300001,
    "date": "2023-12-29T00:00:00",
    "weekday": "Dec 2023",
    "netpnl": 186698.07710099997
  },
  {
    "pnl": -88797.86427300001,
    "date": "2023-12-30T00:00:00",
    "weekday": "Dec 2023",
    "netpnl": 186698.07710099997
  },
  {
    "pnl": -88797.86427300001,
    "date": "2023-12-31T00:00:00",
    "weekday": "Dec 2023",
    "netpnl": 186698.07710099997
  },
  {
    "pnl": -76250.75404100001,
    "date": "2024-01-01T00:00:00",
    "weekday": "Jan 2024",
    "netpnl": 199245.18733299998
  },
  {
    "pnl": -71173.79805400001,
    "date": "2024-01-02T00:00:00",
    "weekday": "Jan 2024",
    "netpnl": 204322.14331999997
  },
  {
    "pnl": -82004.41608600001,
    "date": "2024-01-03T00:00:00",
    "weekday": "Jan 2024",
    "netpnl": 193491.52528799998
  },
  {
    "pnl": -85273.66013200002,
    "date": "2024-01-04T00:00:00",
    "weekday": "Jan 2024",
    "netpnl": 190222.28124199997
  },
  {
    "pnl": -72772.57214400003,
    "date": "2024-01-05T00:00:00",
    "weekday": "Jan 2024",
    "netpnl": 202723.36922999995
  },
  {
    "pnl": -72772.57214400003,
    "date": "2024-01-06T00:00:00",
    "weekday": "Jan 2024",
    "netpnl": 202723.36922999995
  },
  {
    "pnl": -72772.57214400003,
    "date": "2024-01-07T00:00:00",
    "weekday": "Jan 2024",
    "netpnl": 202723.36922999995
  },
  {
    "pnl": -139175.26874100004,
    "date": "2024-01-08T00:00:00",
    "weekday": "Jan 2024",
    "netpnl": 136320.67263299995
  },
  {
    "pnl": -114901.75341300003,
    "date": "2024-01-09T00:00:00",
    "weekday": "Jan 2024",
    "netpnl": 160594.18796099996
  },
  {
    "pnl": -94529.38840700002,
    "date": "2024-01-10T00:00:00",
    "weekday": "Jan 2024",
    "netpnl": 180966.55296699997
  },
  {
    "pnl": -82021.71764100002,
    "date": "2024-01-11T00:00:00",
    "weekday": "Jan 2024",
    "netpnl": 193474.22373299996
  },
  {
    "pnl": -77306.06050200004,
    "date": "2024-01-12T00:00:00",
    "weekday": "Jan 2024",
    "netpnl": 198189.88087199995
  },
  {
    "pnl": -77306.06050200004,
    "date": "2024-01-13T00:00:00",
    "weekday": "Jan 2024",
    "netpnl": 198189.88087199995
  },
  {
    "pnl": -77306.06050200004,
    "date": "2024-01-14T00:00:00",
    "weekday": "Jan 2024",
    "netpnl": 198189.88087199995
  },
  {
    "pnl": -130329.10544900002,
    "date": "2024-01-15T00:00:00",
    "weekday": "Jan 2024",
    "netpnl": 145166.83592499996
  },
  {
    "pnl": -133863.12756200004,
    "date": "2024-01-16T00:00:00",
    "weekday": "Jan 2024",
    "netpnl": 141632.81381199995
  },
  {
    "pnl": -74426.32040400003,
    "date": "2024-01-17T00:00:00",
    "weekday": "Jan 2024",
    "netpnl": 201069.62096999996
  },
  {
    "pnl": -63734.36830400003,
    "date": "2024-01-18T00:00:00",
    "weekday": "Jan 2024",
    "netpnl": 211761.57306999995
  },
  {
    "pnl": -10211.429716000042,
    "date": "2024-01-19T00:00:00",
    "weekday": "Jan 2024",
    "netpnl": 265284.51165799994
  },
  {
    "pnl": -14472.56894700005,
    "date": "2024-01-20T00:00:00",
    "weekday": "Jan 2024",
    "netpnl": 261023.37242699994
  },
  {
    "pnl": -14472.56894700005,
    "date": "2024-01-21T00:00:00",
    "weekday": "Jan 2024",
    "netpnl": 261023.37242699994
  },
  {
    "pnl": -14472.56894700005,
    "date": "2024-01-22T00:00:00",
    "weekday": "Jan 2024",
    "netpnl": 261023.37242699994
  },
  {
    "pnl": -74072.04486100006,
    "date": "2024-01-23T00:00:00",
    "weekday": "Jan 2024",
    "netpnl": 201423.89651299993
  },
  {
    "pnl": -58646.12680200007,
    "date": "2024-01-24T00:00:00",
    "weekday": "Jan 2024",
    "netpnl": 216849.81457199992
  },
  {
    "pnl": -120616.14264600008,
    "date": "2024-01-25T00:00:00",
    "weekday": "Jan 2024",
    "netpnl": 154879.7987279999
  },
  {
    "pnl": -120616.14264600008,
    "date": "2024-01-26T00:00:00",
    "weekday": "Jan 2024",
    "netpnl": 154879.7987279999
  },
  {
    "pnl": -120616.14264600008,
    "date": "2024-01-27T00:00:00",
    "weekday": "Jan 2024",
    "netpnl": 154879.7987279999
  },
  {
    "pnl": -120616.14264600008,
    "date": "2024-01-28T00:00:00",
    "weekday": "Jan 2024",
    "netpnl": 154879.7987279999
  },
  {
    "pnl": -169100.2768970001,
    "date": "2024-01-29T00:00:00",
    "weekday": "Jan 2024",
    "netpnl": 106395.6644769999
  },
  {
    "pnl": -148848.49160200008,
    "date": "2024-01-30T00:00:00",
    "weekday": "Jan 2024",
    "netpnl": 126647.4497719999
  },
  {
    "pnl": -132456.5822800001,
    "date": "2024-01-31T00:00:00",
    "weekday": "Jan 2024",
    "netpnl": 143039.3590939999
  },
  {
    "pnl": -123465.9239750001,
    "date": "2024-02-01T00:00:00",
    "weekday": "Feb 2024",
    "netpnl": 152030.0173989999
  },
  {
    "pnl": -110934.9873540001,
    "date": "2024-02-02T00:00:00",
    "weekday": "Feb 2024",
    "netpnl": 164560.9540199999
  },
  {
    "pnl": -110934.9873540001,
    "date": "2024-02-03T00:00:00",
    "weekday": "Feb 2024",
    "netpnl": 164560.9540199999
  },
  {
    "pnl": -110934.9873540001,
    "date": "2024-02-04T00:00:00",
    "weekday": "Feb 2024",
    "netpnl": 164560.9540199999
  },
  {
    "pnl": -168799.9254120001,
    "date": "2024-02-05T00:00:00",
    "weekday": "Feb 2024",
    "netpnl": 106696.01596199989
  },
  {
    "pnl": -182766.6064640001,
    "date": "2024-02-06T00:00:00",
    "weekday": "Feb 2024",
    "netpnl": 92729.33490999989
  },
  {
    "pnl": -162556.45333900012,
    "date": "2024-02-07T00:00:00",
    "weekday": "Feb 2024",
    "netpnl": 112939.48803499989
  },
  {
    "pnl": -142902.0146320001,
    "date": "2024-02-08T00:00:00",
    "weekday": "Feb 2024",
    "netpnl": 132593.9267419999
  },
  {
    "pnl": -119349.3838390001,
    "date": "2024-02-09T00:00:00",
    "weekday": "Feb 2024",
    "netpnl": 156146.55753499988
  },
  {
    "pnl": -119349.3838390001,
    "date": "2024-02-10T00:00:00",
    "weekday": "Feb 2024",
    "netpnl": 156146.55753499988
  },
  {
    "pnl": -119349.3838390001,
    "date": "2024-02-11T00:00:00",
    "weekday": "Feb 2024",
    "netpnl": 156146.55753499988
  },
  {
    "pnl": -95217.22777100009,
    "date": "2024-02-12T00:00:00",
    "weekday": "Feb 2024",
    "netpnl": 180278.7136029999
  },
  {
    "pnl": -88488.7147540001,
    "date": "2024-02-13T00:00:00",
    "weekday": "Feb 2024",
    "netpnl": 187007.22661999988
  },
  {
    "pnl": -102115.5464640001,
    "date": "2024-02-14T00:00:00",
    "weekday": "Feb 2024",
    "netpnl": 173380.3949099999
  },
  {
    "pnl": -144349.6966190001,
    "date": "2024-02-15T00:00:00",
    "weekday": "Feb 2024",
    "netpnl": 131146.24475499988
  },
  {
    "pnl": -139340.12864700012,
    "date": "2024-02-16T00:00:00",
    "weekday": "Feb 2024",
    "netpnl": 136155.81272699987
  },
  {
    "pnl": -139340.12864700012,
    "date": "2024-02-17T00:00:00",
    "weekday": "Feb 2024",
    "netpnl": 136155.81272699987
  },
  {
    "pnl": -139340.12864700012,
    "date": "2024-02-18T00:00:00",
    "weekday": "Feb 2024",
    "netpnl": 136155.81272699987
  },
  {
    "pnl": -133180.40450100013,
    "date": "2024-02-19T00:00:00",
    "weekday": "Feb 2024",
    "netpnl": 142315.53687299986
  },
  {
    "pnl": -125595.22963800014,
    "date": "2024-02-20T00:00:00",
    "weekday": "Feb 2024",
    "netpnl": 149900.71173599985
  },
  {
    "pnl": -110075.72353400014,
    "date": "2024-02-21T00:00:00",
    "weekday": "Feb 2024",
    "netpnl": 165420.21783999985
  },
  {
    "pnl": -78165.44132900014,
    "date": "2024-02-22T00:00:00",
    "weekday": "Feb 2024",
    "netpnl": 197330.50004499985
  },
  {
    "pnl": -144722.29849400013,
    "date": "2024-02-23T00:00:00",
    "weekday": "Feb 2024",
    "netpnl": 130773.64287999985
  },
  {
    "pnl": -144722.29849400013,
    "date": "2024-02-24T00:00:00",
    "weekday": "Feb 2024",
    "netpnl": 130773.64287999985
  },
  {
    "pnl": -144722.29849400013,
    "date": "2024-02-25T00:00:00",
    "weekday": "Feb 2024",
    "netpnl": 130773.64287999985
  },
  {
    "pnl": -142369.11493100013,
    "date": "2024-02-26T00:00:00",
    "weekday": "Feb 2024",
    "netpnl": 133126.82644299985
  },
  {
    "pnl": -147029.38306300013,
    "date": "2024-02-27T00:00:00",
    "weekday": "Feb 2024",
    "netpnl": 128466.55831099986
  },
  {
    "pnl": -120635.70996800013,
    "date": "2024-02-28T00:00:00",
    "weekday": "Feb 2024",
    "netpnl": 154860.23140599986
  },
  {
    "pnl": -159131.76157100013,
    "date": "2024-02-29T00:00:00",
    "weekday": "Feb 2024",
    "netpnl": 116364.17980299986
  },
  {
    "pnl": -130018.23027000012,
    "date": "2024-03-01T00:00:00",
    "weekday": "Mar 2024",
    "netpnl": 145477.71110399987
  },
  {
    "pnl": -130018.23027000012,
    "date": "2024-03-02T00:00:00",
    "weekday": "Mar 2024",
    "netpnl": 145477.71110399987
  },
  {
    "pnl": -130018.23027000012,
    "date": "2024-03-03T00:00:00",
    "weekday": "Mar 2024",
    "netpnl": 145477.71110399987
  },
  {
    "pnl": -96912.97958200012,
    "date": "2024-03-04T00:00:00",
    "weekday": "Mar 2024",
    "netpnl": 178582.96179199987
  },
  {
    "pnl": -83224.97735800012,
    "date": "2024-03-05T00:00:00",
    "weekday": "Mar 2024",
    "netpnl": 192270.96401599987
  },
  {
    "pnl": -51422.25589800012,
    "date": "2024-03-06T00:00:00",
    "weekday": "Mar 2024",
    "netpnl": 224073.68547599987
  },
  {
    "pnl": -16317.192011000123,
    "date": "2024-03-07T00:00:00",
    "weekday": "Mar 2024",
    "netpnl": 259178.74936299986
  },
  {
    "pnl": -16317.192011000123,
    "date": "2024-03-08T00:00:00",
    "weekday": "Mar 2024",
    "netpnl": 259178.74936299986
  },
  {
    "pnl": -16317.192011000123,
    "date": "2024-03-09T00:00:00",
    "weekday": "Mar 2024",
    "netpnl": 259178.74936299986
  },
  {
    "pnl": -16317.192011000123,
    "date": "2024-03-10T00:00:00",
    "weekday": "Mar 2024",
    "netpnl": 259178.74936299986
  },
  {
    "pnl": 0.0,
    "date": "2024-03-11T00:00:00",
    "weekday": "Mar 2024",
    "netpnl": 307899.48811899987
  },
  {
    "pnl": -70326.85763099999,
    "date": "2024-03-12T00:00:00",
    "weekday": "Mar 2024",
    "netpnl": 237572.63048799988
  },
  {
    "pnl": -20197.056022999983,
    "date": "2024-03-13T00:00:00",
    "weekday": "Mar 2024",
    "netpnl": 287702.4320959999
  },
  {
    "pnl": -29234.377078999998,
    "date": "2024-03-14T00:00:00",
    "weekday": "Mar 2024",
    "netpnl": 278665.1110399999
  },
  {
    "pnl": -14709.611430999998,
    "date": "2024-03-15T00:00:00",
    "weekday": "Mar 2024",
    "netpnl": 293189.8766879999
  },
  {
    "pnl": -14709.611430999998,
    "date": "2024-03-16T00:00:00",
    "weekday": "Mar 2024",
    "netpnl": 293189.8766879999
  },
  {
    "pnl": -14709.611430999998,
    "date": "2024-03-17T00:00:00",
    "weekday": "Mar 2024",
    "netpnl": 293189.8766879999
  },
  {
    "pnl": 0.0,
    "date": "2024-03-18T00:00:00",
    "weekday": "Mar 2024",
    "netpnl": 315977.24225899985
  },
  {
    "pnl": 0.0,
    "date": "2024-03-19T00:00:00",
    "weekday": "Mar 2024",
    "netpnl": 358105.3392629998
  },
  {
    "pnl": -1858.61211799999,
    "date": "2024-03-20T00:00:00",
    "weekday": "Mar 2024",
    "netpnl": 356246.72714499984
  }
]