[
  {
    "pnl": 0.0,
    "pnlstr": null,
    "date": "2023-09-23T00:00:00",
    "weekday": "Sep 2023",
    "charges": 0.0,
    "color": null
  },
  {
    "pnl": 0.0,
    "pnlstr": null,
    "date": "2023-09-24T00:00:00",
    "weekday": "Sep 2023",
    "charges": 0.0,
    "color": null
  },
  {
    "pnl": 0.0,
    "pnlstr": null,
    "date": "2023-09-25T00:00:00",
    "weekday": "Sep 2023",
    "charges": 0.0,
    "color": null
  },
  {
    "pnl": 0.0,
    "pnlstr": null,
    "date": "2023-09-26T00:00:00",
    "weekday": "Sep 2023",
    "charges": 0.0,
    "color": null
  },
  {
    "pnl": 0.0,
    "pnlstr": null,
    "date": "2023-09-27T00:00:00",
    "weekday": "Sep 2023",
    "charges": 0.0,
    "color": null
  },
  {
    "pnl": 0.0,
    "pnlstr": null,
    "date": "2023-09-28T00:00:00",
    "weekday": "Sep 2023",
    "charges": 0.0,
    "color": null
  },
  {
    "pnl": 0.0,
    "pnlstr": null,
    "date": "2023-09-29T00:00:00",
    "weekday": "Sep 2023",
    "charges": 0.0,
    "color": null
  },
  {
    "pnl": 0.0,
    "pnlstr": null,
    "date": "2023-09-30T00:00:00",
    "weekday": "Sep 2023",
    "charges": 0.0,
    "color": null
  },
  {
    "pnl": 0.0,
    "pnlstr": null,
    "date": "2023-10-01T00:00:00",
    "weekday": "Oct 2023",
    "charges": 0.0,
    "color": null
  },
  {
    "pnl": 0.0,
    "pnlstr": null,
    "date": "2023-10-02T00:00:00",
    "weekday": "Oct 2023",
    "charges": 0.0,
    "color": null
  },
  {
    "pnl": 0.0,
    "pnlstr": null,
    "date": "2023-10-03T00:00:00",
    "weekday": "Oct 2023",
    "charges": 0.0,
    "color": null
  },
  {
    "pnl": 0.0,
    "pnlstr": null,
    "date": "2023-10-04T00:00:00",
    "weekday": "Oct 2023",
    "charges": 0.0,
    "color": null
  },
  {
    "pnl": -16049.585897999998,
    "pnlstr": null,
    "date": "2023-10-05T00:00:00",
    "weekday": "Oct 2023",
    "charges": 0.0,
    "color": null
  },
  {
    "pnl": -26766.701251,
    "pnlstr": null,
    "date": "2023-10-06T00:00:00",
    "weekday": "Oct 2023",
    "charges": 0.0,
    "color": null
  },
  {
    "pnl": -26766.701251,
    "pnlstr": null,
    "date": "2023-10-07T00:00:00",
    "weekday": "Oct 2023",
    "charges": 0.0,
    "color": null
  },
  {
    "pnl": -26766.701251,
    "pnlstr": null,
    "date": "2023-10-08T00:00:00",
    "weekday": "Oct 2023",
    "charges": 0.0,
    "color": null
  },
  {
    "pnl": -17597.275804999997,
    "pnlstr": null,
    "date": "2023-10-09T00:00:00",
    "weekday": "Oct 2023",
    "charges": 0.0,
    "color": null
  },
  {
    "pnl": -3372.103845999998,
    "pnlstr": null,
    "date": "2023-10-10T00:00:00",
    "weekday": "Oct 2023",
    "charges": 0.0,
    "color": null
  },
  {
    "pnl": -3349.899793999997,
    "pnlstr": null,
    "date": "2023-10-11T00:00:00",
    "weekday": "Oct 2023",
    "charges": 0.0,
    "color": null
  },
  {
    "pnl": 0.0,
    "pnlstr": null,
    "date": "2023-10-12T00:00:00",
    "weekday": "Oct 2023",
    "charges": 0.0,
    "color": null
  },
  {
    "pnl": -31580.058027,
    "pnlstr": null,
    "date": "2023-10-13T00:00:00",
    "weekday": "Oct 2023",
    "charges": 0.0,
    "color": null
  },
  {
    "pnl": -31580.058027,
    "pnlstr": null,
    "date": "2023-10-14T00:00:00",
    "weekday": "Oct 2023",
    "charges": 0.0,
    "color": null
  },
  {
    "pnl": -31580.058027,
    "pnlstr": null,
    "date": "2023-10-15T00:00:00",
    "weekday": "Oct 2023",
    "charges": 0.0,
    "color": null
  },
  {
    "pnl": -64946.08418,
    "pnlstr": null,
    "date": "2023-10-16T00:00:00",
    "weekday": "Oct 2023",
    "charges": 0.0,
    "color": null
  },
  {
    "pnl": -46968.562048,
    "pnlstr": null,
    "date": "2023-10-17T00:00:00",
    "weekday": "Oct 2023",
    "charges": 0.0,
    "color": null
  },
  {
    "pnl": -43116.675682,
    "pnlstr": null,
    "date": "2023-10-18T00:00:00",
    "weekday": "Oct 2023",
    "charges": 0.0,
    "color": null
  },
  {
    "pnl": -36076.723921,
    "pnlstr": null,
    "date": "2023-10-19T00:00:00",
    "weekday": "Oct 2023",
    "charges": 0.0,
    "color": null
  },
  {
    "pnl": -25073.128742999994,
    "pnlstr": null,
    "date": "2023-10-20T00:00:00",
    "weekday": "Oct 2023",
    "charges": 0.0,
    "color": null
  },
  {
    "pnl": -25073.128742999994,
    "pnlstr": null,
    "date": "2023-10-21T00:00:00",
    "weekday": "Oct 2023",
    "charges": 0.0,
    "color": null
  },
  {
    "pnl": -25073.128742999994,
    "pnlstr": null,
    "date": "2023-10-22T00:00:00",
    "weekday": "Oct 2023",
    "charges": 0.0,
    "color": null
  },
  {
    "pnl": -6163.349863999989,
    "pnlstr": null,
    "date": "2023-10-23T00:00:00",
    "weekday": "Oct 2023",
    "charges": 0.0,
    "color": null
  },
  {
    "pnl": -6163.349863999989,
    "pnlstr": null,
    "date": "2023-10-24T00:00:00",
    "weekday": "Oct 2023",
    "charges": 0.0,
    "color": null
  },
  {
    "pnl": -5324.036457999988,
    "pnlstr": null,
    "date": "2023-10-25T00:00:00",
    "weekday": "Oct 2023",
    "charges": 0.0,
    "color": null
  },
  {
    "pnl": 0.0,
    "pnlstr": null,
    "date": "2023-10-26T00:00:00",
    "weekday": "Oct 2023",
    "charges": 0.0,
    "color": null
  },
  {
    "pnl": 0.0,
    "pnlstr": null,
    "date": "2023-10-27T00:00:00",
    "weekday": "Oct 2023",
    "charges": 0.0,
    "color": null
  },
  {
    "pnl": 0.0,
    "pnlstr": null,
    "date": "2023-10-28T00:00:00",
    "weekday": "Oct 2023",
    "charges": 0.0,
    "color": null
  },
  {
    "pnl": 0.0,
    "pnlstr": null,
    "date": "2023-10-29T00:00:00",
    "weekday": "Oct 2023",
    "charges": 0.0,
    "color": null
  },
  {
    "pnl": -11170.417760000011,
    "pnlstr": null,
    "date": "2023-10-30T00:00:00",
    "weekday": "Oct 2023",
    "charges": 0.0,
    "color": null
  },
  {
    "pnl": 0.0,
    "pnlstr": null,
    "date": "2023-10-31T00:00:00",
    "weekday": "Oct 2023",
    "charges": 0.0,
    "color": null
  },
  {
    "pnl": 0.0,
    "pnlstr": null,
    "date": "2023-11-01T00:00:00",
    "weekday": "Nov 2023",
    "charges": 0.0,
    "color": null
  },
  {
    "pnl": 0.0,
    "pnlstr": null,
    "date": "2023-11-02T00:00:00",
    "weekday": "Nov 2023",
    "charges": 0.0,
    "color": null
  },
  {
    "pnl": -7691.9654579999915,
    "pnlstr": null,
    "date": "2023-11-03T00:00:00",
    "weekday": "Nov 2023",
    "charges": 0.0,
    "color": null
  },
  {
    "pnl": -7691.9654579999915,
    "pnlstr": null,
    "date": "2023-11-04T00:00:00",
    "weekday": "Nov 2023",
    "charges": 0.0,
    "color": null
  },
  {
    "pnl": -7691.9654579999915,
    "pnlstr": null,
    "date": "2023-11-05T00:00:00",
    "weekday": "Nov 2023",
    "charges": 0.0,
    "color": null
  },
  {
    "pnl": 0.0,
    "pnlstr": null,
    "date": "2023-11-06T00:00:00",
    "weekday": "Nov 2023",
    "charges": 0.0,
    "color": null
  },
  {
    "pnl": 0.0,
    "pnlstr": null,
    "date": "2023-11-07T00:00:00",
    "weekday": "Nov 2023",
    "charges": 0.0,
    "color": null
  },
  {
    "pnl": -25829.567206000007,
    "pnlstr": null,
    "date": "2023-11-08T00:00:00",
    "weekday": "Nov 2023",
    "charges": 0.0,
    "color": null
  },
  {
    "pnl": -51610.609664999996,
    "pnlstr": null,
    "date": "2023-11-09T00:00:00",
    "weekday": "Nov 2023",
    "charges": 0.0,
    "color": null
  },
  {
    "pnl": -81849.13793,
    "pnlstr": null,
    "date": "2023-11-10T00:00:00",
    "weekday": "Nov 2023",
    "charges": 0.0,
    "color": null
  },
  {
    "pnl": -81849.13793,
    "pnlstr": null,
    "date": "2023-11-11T00:00:00",
    "weekday": "Nov 2023",
    "charges": 0.0,
    "color": null
  },
  {
    "pnl": -85808.55131000001,
    "pnlstr": null,
    "date": "2023-11-12T00:00:00",
    "weekday": "Nov 2023",
    "charges": 0.0,
    "color": null
  },
  {
    "pnl": -123411.46080300002,
    "pnlstr": null,
    "date": "2023-11-13T00:00:00",
    "weekday": "Nov 2023",
    "charges": 0.0,
    "color": null
  },
  {
    "pnl": -123411.46080300002,
    "pnlstr": null,
    "date": "2023-11-14T00:00:00",
    "weekday": "Nov 2023",
    "charges": 0.0,
    "color": null
  },
  {
    "pnl": -127333.72457800002,
    "pnlstr": null,
    "date": "2023-11-15T00:00:00",
    "weekday": "Nov 2023",
    "charges": 0.0,
    "color": null
  },
  {
    "pnl": -107657.81234600002,
    "pnlstr": null,
    "date": "2023-11-16T00:00:00",
    "weekday": "Nov 2023",
    "charges": 0.0,
    "color": null
  },
  {
    "pnl": -143614.44545700002,
    "pnlstr": null,
    "date": "2023-11-17T00:00:00",
    "weekday": "Nov 2023",
    "charges": 0.0,
    "color": null
  },
  {
    "pnl": -143614.44545700002,
    "pnlstr": null,
    "date": "2023-11-18T00:00:00",
    "weekday": "Nov 2023",
    "charges": 0.0,
    "color": null
  },
  {
    "pnl": -143614.44545700002,
    "pnlstr": null,
    "date": "2023-11-19T00:00:00",
    "weekday": "Nov 2023",
    "charges": 0.0,
    "color": null
  },
  {
    "pnl": -190564.211596,
    "pnlstr": null,
    "date": "2023-11-20T00:00:00",
    "weekday": "Nov 2023",
    "charges": 0.0,
    "color": null
  },
  {
    "pnl": -210515.15794,
    "pnlstr": null,
    "date": "2023-11-21T00:00:00",
    "weekday": "Nov 2023",
    "charges": 0.0,
    "color": null
  },
  {
    "pnl": -192948.933836,
    "pnlstr": null,
    "date": "2023-11-22T00:00:00",
    "weekday": "Nov 2023",
    "charges": 0.0,
    "color": null
  },
  {
    "pnl": -211080.173011,
    "pnlstr": null,
    "date": "2023-11-23T00:00:00",
    "weekday": "Nov 2023",
    "charges": 0.0,
    "color": null
  },
  {
    "pnl": -221626.928891,
    "pnlstr": null,
    "date": "2023-11-24T00:00:00",
    "weekday": "Nov 2023",
    "charges": 0.0,
    "color": null
  },
  {
    "pnl": -221626.928891,
    "pnlstr": null,
    "date": "2023-11-25T00:00:00",
    "weekday": "Nov 2023",
    "charges": 0.0,
    "color": null
  },
  {
    "pnl": -221626.928891,
    "pnlstr": null,
    "date": "2023-11-26T00:00:00",
    "weekday": "Nov 2023",
    "charges": 0.0,
    "color": null
  },
  {
    "pnl": -221626.928891,
    "pnlstr": null,
    "date": "2023-11-27T00:00:00",
    "weekday": "Nov 2023",
    "charges": 0.0,
    "color": null
  },
  {
    "pnl": -224116.878658,
    "pnlstr": null,
    "date": "2023-11-28T00:00:00",
    "weekday": "Nov 2023",
    "charges": 0.0,
    "color": null
  },
  {
    "pnl": -235880.19901500002,
    "pnlstr": null,
    "date": "2023-11-29T00:00:00",
    "weekday": "Nov 2023",
    "charges": 0.0,
    "color": null
  },
  {
    "pnl": -218609.214484,
    "pnlstr": null,
    "date": "2023-11-30T00:00:00",
    "weekday": "Nov 2023",
    "charges": 0.0,
    "color": null
  },
  {
    "pnl": -212568.25503,
    "pnlstr": null,
    "date": "2023-12-01T00:00:00",
    "weekday": "Dec 2023",
    "charges": 0.0,
    "color": null
  },
  {
    "pnl": -212568.25503,
    "pnlstr": null,
    "date": "2023-12-02T00:00:00",
    "weekday": "Dec 2023",
    "charges": 0.0,
    "color": null
  },
  {
    "pnl": -212568.25503,
    "pnlstr": null,
    "date": "2023-12-03T00:00:00",
    "weekday": "Dec 2023",
    "charges": 0.0,
    "color": null
  },
  {
    "pnl": -212568.25503,
    "pnlstr": null,
    "date": "2023-12-04T00:00:00",
    "weekday": "Dec 2023",
    "charges": 0.0,
    "color": null
  },
  {
    "pnl": -190285.99081800002,
    "pnlstr": null,
    "date": "2023-12-05T00:00:00",
    "weekday": "Dec 2023",
    "charges": 0.0,
    "color": null
  },
  {
    "pnl": -159200.175676,
    "pnlstr": null,
    "date": "2023-12-06T00:00:00",
    "weekday": "Dec 2023",
    "charges": 0.0,
    "color": null
  },
  {
    "pnl": -159942.092926,
    "pnlstr": null,
    "date": "2023-12-07T00:00:00",
    "weekday": "Dec 2023",
    "charges": 0.0,
    "color": null
  },
  {
    "pnl": -175382.832418,
    "pnlstr": null,
    "date": "2023-12-08T00:00:00",
    "weekday": "Dec 2023",
    "charges": 0.0,
    "color": null
  },
  {
    "pnl": -175382.832418,
    "pnlstr": null,
    "date": "2023-12-09T00:00:00",
    "weekday": "Dec 2023",
    "charges": 0.0,
    "color": null
  },
  {
    "pnl": -175382.832418,
    "pnlstr": null,
    "date": "2023-12-10T00:00:00",
    "weekday": "Dec 2023",
    "charges": 0.0,
    "color": null
  },
  {
    "pnl": -206198.93635,
    "pnlstr": null,
    "date": "2023-12-11T00:00:00",
    "weekday": "Dec 2023",
    "charges": 0.0,
    "color": null
  },
  {
    "pnl": -200917.317148,
    "pnlstr": null,
    "date": "2023-12-12T00:00:00",
    "weekday": "Dec 2023",
    "charges": 0.0,
    "color": null
  },
  {
    "pnl": -179725.160681,
    "pnlstr": null,
    "date": "2023-12-13T00:00:00",
    "weekday": "Dec 2023",
    "charges": 0.0,
    "color": null
  },
  {
    "pnl": -158640.507061,
    "pnlstr": null,
    "date": "2023-12-14T00:00:00",
    "weekday": "Dec 2023",
    "charges": 0.0,
    "color": null
  },
  {
    "pnl": -139118.191338,
    "pnlstr": null,
    "date": "2023-12-15T00:00:00",
    "weekday": "Dec 2023",
    "charges": 0.0,
    "color": null
  },
  {
    "pnl": -139118.191338,
    "pnlstr": null,
    "date": "2023-12-16T00:00:00",
    "weekday": "Dec 2023",
    "charges": 0.0,
    "color": null
  },
  {
    "pnl": -139118.191338,
    "pnlstr": null,
    "date": "2023-12-17T00:00:00",
    "weekday": "Dec 2023",
    "charges": 0.0,
    "color": null
  },
  {
    "pnl": -137092.333044,
    "pnlstr": null,
    "date": "2023-12-18T00:00:00",
    "weekday": "Dec 2023",
    "charges": 0.0,
    "color": null
  },
  {
    "pnl": -114338.984437,
    "pnlstr": null,
    "date": "2023-12-19T00:00:00",
    "weekday": "Dec 2023",
    "charges": 0.0,
    "color": null
  },
  {
    "pnl": -125374.77802200001,
    "pnlstr": null,
    "date": "2023-12-20T00:00:00",
    "weekday": "Dec 2023",
    "charges": 0.0,
    "color": null
  },
  {
    "pnl": -154537.60619400002,
    "pnlstr": null,
    "date": "2023-12-21T00:00:00",
    "weekday": "Dec 2023",
    "charges": 0.0,
    "color": null
  },
  {
    "pnl": -129646.09213600002,
    "pnlstr": null,
    "date": "2023-12-22T00:00:00",
    "weekday": "Dec 2023",
    "charges": 0.0,
    "color": null
  },
  {
    "pnl": -129646.09213600002,
    "pnlstr": null,
    "date": "2023-12-23T00:00:00",
    "weekday": "Dec 2023",
    "charges": 0.0,
    "color": null
  },
  {
    "pnl": -129646.09213600002,
    "pnlstr": null,
    "date": "2023-12-24T00:00:00",
    "weekday": "Dec 2023",
    "charges": 0.0,
    "color": null
  },
  {
    "pnl": -129646.09213600002,
    "pnlstr": null,
    "date": "2023-12-25T00:00:00",
    "weekday": "Dec 2023",
    "charges": 0.0,
    "color": null
  },
  {
    "pnl": -130877.89171300002,
    "pnlstr": null,
    "date": "2023-12-26T00:00:00",
    "weekday": "Dec 2023",
    "charges": 0.0,
    "color": null
  },
  {
    "pnl": -120199.115862,
    "pnlstr": null,
    "date": "2023-12-27T00:00:00",
    "weekday": "Dec 2023",
    "charges": 0.0,
    "color": null
  },
  {
    "pnl": -98417.747726,
    "pnlstr": null,
    "date": "2023-12-28T00:00:00",
    "weekday": "Dec 2023",
    "charges": 0.0,
    "color": null
  },
  {
    "pnl": -88797.86427300001,
    "pnlstr": null,
    "date": "2023-12-29T00:00:00",
    "weekday": "Dec 2023",
    "charges": 0.0,
    "color": null
  },
  {
    "pnl": -88797.86427300001,
    "pnlstr": null,
    "date": "2023-12-30T00:00:00",
    "weekday": "Dec 2023",
    "charges": 0.0,
    "color": null
  },
  {
    "pnl": -88797.86427300001,
    "pnlstr": null,
    "date": "2023-12-31T00:00:00",
    "weekday": "Dec 2023",
    "charges": 0.0,
    "color": null
  },
  {
    "pnl": -76250.75404100001,
    "pnlstr": null,
    "date": "2024-01-01T00:00:00",
    "weekday": "Jan 2024",
    "charges": 0.0,
    "color": null
  },
  {
    "pnl": -71173.79805400001,
    "pnlstr": null,
    "date": "2024-01-02T00:00:00",
    "weekday": "Jan 2024",
    "charges": 0.0,
    "color": null
  },
  {
    "pnl": -82004.41608600001,
    "pnlstr": null,
    "date": "2024-01-03T00:00:00",
    "weekday": "Jan 2024",
    "charges": 0.0,
    "color": null
  },
  {
    "pnl": -85273.66013200002,
    "pnlstr": null,
    "date": "2024-01-04T00:00:00",
    "weekday": "Jan 2024",
    "charges": 0.0,
    "color": null
  },
  {
    "pnl": -72772.57214400003,
    "pnlstr": null,
    "date": "2024-01-05T00:00:00",
    "weekday": "Jan 2024",
    "charges": 0.0,
    "color": null
  },
  {
    "pnl": -72772.57214400003,
    "pnlstr": null,
    "date": "2024-01-06T00:00:00",
    "weekday": "Jan 2024",
    "charges": 0.0,
    "color": null
  },
  {
    "pnl": -72772.57214400003,
    "pnlstr": null,
    "date": "2024-01-07T00:00:00",
    "weekday": "Jan 2024",
    "charges": 0.0,
    "color": null
  },
  {
    "pnl": -139175.26874100004,
    "pnlstr": null,
    "date": "2024-01-08T00:00:00",
    "weekday": "Jan 2024",
    "charges": 0.0,
    "color": null
  },
  {
    "pnl": -114901.75341300003,
    "pnlstr": null,
    "date": "2024-01-09T00:00:00",
    "weekday": "Jan 2024",
    "charges": 0.0,
    "color": null
  },
  {
    "pnl": -94529.38840700002,
    "pnlstr": null,
    "date": "2024-01-10T00:00:00",
    "weekday": "Jan 2024",
    "charges": 0.0,
    "color": null
  },
  {
    "pnl": -82021.71764100002,
    "pnlstr": null,
    "date": "2024-01-11T00:00:00",
    "weekday": "Jan 2024",
    "charges": 0.0,
    "color": null
  },
  {
    "pnl": -77306.06050200004,
    "pnlstr": null,
    "date": "2024-01-12T00:00:00",
    "weekday": "Jan 2024",
    "charges": 0.0,
    "color": null
  },
  {
    "pnl": -77306.06050200004,
    "pnlstr": null,
    "date": "2024-01-13T00:00:00",
    "weekday": "Jan 2024",
    "charges": 0.0,
    "color": null
  },
  {
    "pnl": -77306.06050200004,
    "pnlstr": null,
    "date": "2024-01-14T00:00:00",
    "weekday": "Jan 2024",
    "charges": 0.0,
    "color": null
  },
  {
    "pnl": -130329.10544900002,
    "pnlstr": null,
    "date": "2024-01-15T00:00:00",
    "weekday": "Jan 2024",
    "charges": 0.0,
    "color": null
  },
  {
    "pnl": -133863.12756200004,
    "pnlstr": null,
    "date": "2024-01-16T00:00:00",
    "weekday": "Jan 2024",
    "charges": 0.0,
    "color": null
  },
  {
    "pnl": -74426.32040400003,
    "pnlstr": null,
    "date": "2024-01-17T00:00:00",
    "weekday": "Jan 2024",
    "charges": 0.0,
    "color": null
  },
  {
    "pnl": -63734.36830400003,
    "pnlstr": null,
    "date": "2024-01-18T00:00:00",
    "weekday": "Jan 2024",
    "charges": 0.0,
    "color": null
  },
  {
    "pnl": -10211.429716000042,
    "pnlstr": null,
    "date": "2024-01-19T00:00:00",
    "weekday": "Jan 2024",
    "charges": 0.0,
    "color": null
  },
  {
    "pnl": -14472.56894700005,
    "pnlstr": null,
    "date": "2024-01-20T00:00:00",
    "weekday": "Jan 2024",
    "charges": 0.0,
    "color": null
  },
  {
    "pnl": -14472.56894700005,
    "pnlstr": null,
    "date": "2024-01-21T00:00:00",
    "weekday": "Jan 2024",
    "charges": 0.0,
    "color": null
  },
  {
    "pnl": -14472.56894700005,
    "pnlstr": null,
    "date": "2024-01-22T00:00:00",
    "weekday": "Jan 2024",
    "charges": 0.0,
    "color": null
  },
  {
    "pnl": -74072.04486100006,
    "pnlstr": null,
    "date": "2024-01-23T00:00:00",
    "weekday": "Jan 2024",
    "charges": 0.0,
    "color": null
  },
  {
    "pnl": -58646.12680200007,
    "pnlstr": null,
    "date": "2024-01-24T00:00:00",
    "weekday": "Jan 2024",
    "charges": 0.0,
    "color": null
  },
  {
    "pnl": -120616.14264600008,
    "pnlstr": null,
    "date": "2024-01-25T00:00:00",
    "weekday": "Jan 2024",
    "charges": 0.0,
    "color": null
  },
  {
    "pnl": -120616.14264600008,
    "pnlstr": null,
    "date": "2024-01-26T00:00:00",
    "weekday": "Jan 2024",
    "charges": 0.0,
    "color": null
  },
  {
    "pnl": -120616.14264600008,
    "pnlstr": null,
    "date": "2024-01-27T00:00:00",
    "weekday": "Jan 2024",
    "charges": 0.0,
    "color": null
  },
  {
    "pnl": -120616.14264600008,
    "pnlstr": null,
    "date": "2024-01-28T00:00:00",
    "weekday": "Jan 2024",
    "charges": 0.0,
    "color": null
  },
  {
    "pnl": -169100.2768970001,
    "pnlstr": null,
    "date": "2024-01-29T00:00:00",
    "weekday": "Jan 2024",
    "charges": 0.0,
    "color": null
  },
  {
    "pnl": -148848.49160200008,
    "pnlstr": null,
    "date": "2024-01-30T00:00:00",
    "weekday": "Jan 2024",
    "charges": 0.0,
    "color": null
  },
  {
    "pnl": -132456.5822800001,
    "pnlstr": null,
    "date": "2024-01-31T00:00:00",
    "weekday": "Jan 2024",
    "charges": 0.0,
    "color": null
  },
  {
    "pnl": -123465.9239750001,
    "pnlstr": null,
    "date": "2024-02-01T00:00:00",
    "weekday": "Feb 2024",
    "charges": 0.0,
    "color": null
  },
  {
    "pnl": -110934.9873540001,
    "pnlstr": null,
    "date": "2024-02-02T00:00:00",
    "weekday": "Feb 2024",
    "charges": 0.0,
    "color": null
  },
  {
    "pnl": -110934.9873540001,
    "pnlstr": null,
    "date": "2024-02-03T00:00:00",
    "weekday": "Feb 2024",
    "charges": 0.0,
    "color": null
  },
  {
    "pnl": -110934.9873540001,
    "pnlstr": null,
    "date": "2024-02-04T00:00:00",
    "weekday": "Feb 2024",
    "charges": 0.0,
    "color": null
  },
  {
    "pnl": -168799.9254120001,
    "pnlstr": null,
    "date": "2024-02-05T00:00:00",
    "weekday": "Feb 2024",
    "charges": 0.0,
    "color": null
  },
  {
    "pnl": -182766.6064640001,
    "pnlstr": null,
    "date": "2024-02-06T00:00:00",
    "weekday": "Feb 2024",
    "charges": 0.0,
    "color": null
  },
  {
    "pnl": -162556.45333900012,
    "pnlstr": null,
    "date": "2024-02-07T00:00:00",
    "weekday": "Feb 2024",
    "charges": 0.0,
    "color": null
  },
  {
    "pnl": -142902.0146320001,
    "pnlstr": null,
    "date": "2024-02-08T00:00:00",
    "weekday": "Feb 2024",
    "charges": 0.0,
    "color": null
  },
  {
    "pnl": -119349.3838390001,
    "pnlstr": null,
    "date": "2024-02-09T00:00:00",
    "weekday": "Feb 2024",
    "charges": 0.0,
    "color": null
  },
  {
    "pnl": -119349.3838390001,
    "pnlstr": null,
    "date": "2024-02-10T00:00:00",
    "weekday": "Feb 2024",
    "charges": 0.0,
    "color": null
  },
  {
    "pnl": -119349.3838390001,
    "pnlstr": null,
    "date": "2024-02-11T00:00:00",
    "weekday": "Feb 2024",
    "charges": 0.0,
    "color": null
  },
  {
    "pnl": -95217.22777100009,
    "pnlstr": null,
    "date": "2024-02-12T00:00:00",
    "weekday": "Feb 2024",
    "charges": 0.0,
    "color": null
  },
  {
    "pnl": -88488.7147540001,
    "pnlstr": null,
    "date": "2024-02-13T00:00:00",
    "weekday": "Feb 2024",
    "charges": 0.0,
    "color": null
  },
  {
    "pnl": -102115.5464640001,
    "pnlstr": null,
    "date": "2024-02-14T00:00:00",
    "weekday": "Feb 2024",
    "charges": 0.0,
    "color": null
  },
  {
    "pnl": -144349.6966190001,
    "pnlstr": null,
    "date": "2024-02-15T00:00:00",
    "weekday": "Feb 2024",
    "charges": 0.0,
    "color": null
  },
  {
    "pnl": -139340.12864700012,
    "pnlstr": null,
    "date": "2024-02-16T00:00:00",
    "weekday": "Feb 2024",
    "charges": 0.0,
    "color": null
  },
  {
    "pnl": -139340.12864700012,
    "pnlstr": null,
    "date": "2024-02-17T00:00:00",
    "weekday": "Feb 2024",
    "charges": 0.0,
    "color": null
  },
  {
    "pnl": -139340.12864700012,
    "pnlstr": null,
    "date": "2024-02-18T00:00:00",
    "weekday": "Feb 2024",
    "charges": 0.0,
    "color": null
  },
  {
    "pnl": -133180.40450100013,
    "pnlstr": null,
    "date": "2024-02-19T00:00:00",
    "weekday": "Feb 2024",
    "charges": 0.0,
    "color": null
  },
  {
    "pnl": -125595.22963800014,
    "pnlstr": null,
    "date": "2024-02-20T00:00:00",
    "weekday": "Feb 2024",
    "charges": 0.0,
    "color": null
  },
  {
    "pnl": -110075.72353400014,
    "pnlstr": null,
    "date": "2024-02-21T00:00:00",
    "weekday": "Feb 2024",
    "charges": 0.0,
    "color": null
  },
  {
    "pnl": -78165.44132900014,
    "pnlstr": null,
    "date": "2024-02-22T00:00:00",
    "weekday": "Feb 2024",
    "charges": 0.0,
    "color": null
  },
  {
    "pnl": -144722.29849400013,
    "pnlstr": null,
    "date": "2024-02-23T00:00:00",
    "weekday": "Feb 2024",
    "charges": 0.0,
    "color": null
  },
  {
    "pnl": -144722.29849400013,
    "pnlstr": null,
    "date": "2024-02-24T00:00:00",
    "weekday": "Feb 2024",
    "charges": 0.0,
    "color": null
  },
  {
    "pnl": -144722.29849400013,
    "pnlstr": null,
    "date": "2024-02-25T00:00:00",
    "weekday": "Feb 2024",
    "charges": 0.0,
    "color": null
  },
  {
    "pnl": -142369.11493100013,
    "pnlstr": null,
    "date": "2024-02-26T00:00:00",
    "weekday": "Feb 2024",
    "charges": 0.0,
    "color": null
  },
  {
    "pnl": -147029.38306300013,
    "pnlstr": null,
    "date": "2024-02-27T00:00:00",
    "weekday": "Feb 2024",
    "charges": 0.0,
    "color": null
  },
  {
    "pnl": -120635.70996800013,
    "pnlstr": null,
    "date": "2024-02-28T00:00:00",
    "weekday": "Feb 2024",
    "charges": 0.0,
    "color": null
  },
  {
    "pnl": -159131.76157100013,
    "pnlstr": null,
    "date": "2024-02-29T00:00:00",
    "weekday": "Feb 2024",
    "charges": 0.0,
    "color": null
  },
  {
    "pnl": -130018.23027000012,
    "pnlstr": null,
    "date": "2024-03-01T00:00:00",
    "weekday": "Mar 2024",
    "charges": 0.0,
    "color": null
  },
  {
    "pnl": -130018.23027000012,
    "pnlstr": null,
    "date": "2024-03-02T00:00:00",
    "weekday": "Mar 2024",
    "charges": 0.0,
    "color": null
  },
  {
    "pnl": -130018.23027000012,
    "pnlstr": null,
    "date": "2024-03-03T00:00:00",
    "weekday": "Mar 2024",
    "charges": 0.0,
    "color": null
  },
  {
    "pnl": -96912.97958200012,
    "pnlstr": null,
    "date": "2024-03-04T00:00:00",
    "weekday": "Mar 2024",
    "charges": 0.0,
    "color": null
  },
  {
    "pnl": -83224.97735800012,
    "pnlstr": null,
    "date": "2024-03-05T00:00:00",
    "weekday": "Mar 2024",
    "charges": 0.0,
    "color": null
  },
  {
    "pnl": -51422.25589800012,
    "pnlstr": null,
    "date": "2024-03-06T00:00:00",
    "weekday": "Mar 2024",
    "charges": 0.0,
    "color": null
  },
  {
    "pnl": -16317.192011000123,
    "pnlstr": null,
    "date": "2024-03-07T00:00:00",
    "weekday": "Mar 2024",
    "charges": 0.0,
    "color": null
  },
  {
    "pnl": -16317.192011000123,
    "pnlstr": null,
    "date": "2024-03-08T00:00:00",
    "weekday": "Mar 2024",
    "charges": 0.0,
    "color": null
  },
  {
    "pnl": -16317.192011000123,
    "pnlstr": null,
    "date": "2024-03-09T00:00:00",
    "weekday": "Mar 2024",
    "charges": 0.0,
    "color": null
  },
  {
    "pnl": -16317.192011000123,
    "pnlstr": null,
    "date": "2024-03-10T00:00:00",
    "weekday": "Mar 2024",
    "charges": 0.0,
    "color": null
  },
  {
    "pnl": 0.0,
    "pnlstr": null,
    "date": "2024-03-11T00:00:00",
    "weekday": "Mar 2024",
    "charges": 0.0,
    "color": null
  },
  {
    "pnl": -70326.85763099999,
    "pnlstr": null,
    "date": "2024-03-12T00:00:00",
    "weekday": "Mar 2024",
    "charges": 0.0,
    "color": null
  },
  {
    "pnl": -20197.056022999983,
    "pnlstr": null,
    "date": "2024-03-13T00:00:00",
    "weekday": "Mar 2024",
    "charges": 0.0,
    "color": null
  },
  {
    "pnl": -29234.377078999998,
    "pnlstr": null,
    "date": "2024-03-14T00:00:00",
    "weekday": "Mar 2024",
    "charges": 0.0,
    "color": null
  },
  {
    "pnl": -14709.611430999998,
    "pnlstr": null,
    "date": "2024-03-15T00:00:00",
    "weekday": "Mar 2024",
    "charges": 0.0,
    "color": null
  },
  {
    "pnl": -14709.611430999998,
    "pnlstr": null,
    "date": "2024-03-16T00:00:00",
    "weekday": "Mar 2024",
    "charges": 0.0,
    "color": null
  },
  {
    "pnl": -14709.611430999998,
    "pnlstr": null,
    "date": "2024-03-17T00:00:00",
    "weekday": "Mar 2024",
    "charges": 0.0,
    "color": null
  },
  {
    "pnl": 0.0,
    "pnlstr": null,
    "date": "2024-03-18T00:00:00",
    "weekday": "Mar 2024",
    "charges": 0.0,
    "color": null
  },
  {
    "pnl": 0.0,
    "pnlstr": null,
    "date": "2024-03-19T00:00:00",
    "weekday": "Mar 2024",
    "charges": 0.0,
    "color": null
  },
  {
    "pnl": -1858.61211799999,
    "pnlstr": null,
    "date": "2024-03-20T00:00:00",
    "weekday": "Mar 2024",
    "charges": 0.0,
    "color": null
  }
]