[
  {
    "pnl": 0.0,
    "netpnl": 0.0,
    "date": "2023-09-23T00:00:00",
    "weekday": "Sep 2023",
    "charges": 0.0,
    "color": null
  },
  {
    "pnl": 0.0,
    "netpnl": 0.0,
    "date": "2023-09-24T00:00:00",
    "weekday": "Sep 2023",
    "charges": 0.0,
    "color": null
  },
  {
    "pnl": 4296.75,
    "netpnl": 3648.6532079999997,
    "date": "2023-09-25T00:00:00",
    "weekday": "Sep 2023",
    "charges": 648.096792,
    "color": null
  },
  {
    "pnl": 387.75,
    "netpnl": 105.631845,
    "date": "2023-09-26T00:00:00",
    "weekday": "Sep 2023",
    "charges": 282.118155,
    "color": null
  },
  {
    "pnl": 25969.5,
    "netpnl": 25759.513133,
    "date": "2023-09-27T00:00:00",
    "weekday": "Sep 2023",
    "charges": 209.986867,
    "color": null
  },
  {
    "pnl": 20514.75,
    "netpnl": 20434.074019,
    "date": "2023-09-28T00:00:00",
    "weekday": "Sep 2023",
    "charges": 80.67598100000001,
    "color": null
  },
  {
    "pnl": 1566.0,
    "netpnl": 1227.845931,
    "date": "2023-09-29T00:00:00",
    "weekday": "Sep 2023",
    "charges": 338.154069,
    "color": null
  },
  {
    "pnl": 0.0,
    "netpnl": 0.0,
    "date": "2023-09-30T00:00:00",
    "weekday": "Sep 2023",
    "charges": 0.0,
    "color": null
  },
  {
    "pnl": 0.0,
    "netpnl": 0.0,
    "date": "2023-10-01T00:00:00",
    "weekday": "Oct 2023",
    "charges": 0.0,
    "color": null
  },
  {
    "pnl": 0.0,
    "netpnl": 0.0,
    "date": "2023-10-02T00:00:00",
    "weekday": "Oct 2023",
    "charges": 0.0,
    "color": null
  },
  {
    "pnl": 5679.75,
    "netpnl": 5553.377881,
    "date": "2023-10-03T00:00:00",
    "weekday": "Oct 2023",
    "charges": 126.37211899999998,
    "color": null
  },
  {
    "pnl": 22134.75,
    "netpnl": 22042.003672,
    "date": "2023-10-04T00:00:00",
    "weekday": "Oct 2023",
    "charges": 92.746328,
    "color": null
  },
  {
    "pnl": -15177.75,
    "netpnl": -16049.585898,
    "date": "2023-10-05T00:00:00",
    "weekday": "Oct 2023",
    "charges": 871.8358979999999,
    "color": null
  },
  {
    "pnl": -9180.0,
    "netpnl": -10717.115353000001,
    "date": "2023-10-06T00:00:00",
    "weekday": "Oct 2023",
    "charges": 1537.1153530000001,
    "color": null
  },
  {
    "pnl": 0.0,
    "netpnl": 0.0,
    "date": "2023-10-07T00:00:00",
    "weekday": "Oct 2023",
    "charges": 0.0,
    "color": null
  },
  {
    "pnl": 0.0,
    "netpnl": 0.0,
    "date": "2023-10-08T00:00:00",
    "weekday": "Oct 2023",
    "charges": 0.0,
    "color": null
  },
  {
    "pnl": 9882.75,
    "netpnl": 9169.425446,
    "date": "2023-10-09T00:00:00",
    "weekday": "Oct 2023",
    "charges": 713.3245539999999,
    "color": null
  },
  {
    "pnl": 14382.0,
    "netpnl": 14225.171959,
    "date": "2023-10-10T00:00:00",
    "weekday": "Oct 2023",
    "charges": 156.82804099999998,
    "color": null
  },
  {
    "pnl": 582.0,
    "netpnl": 22.204051999999933,
    "date": "2023-10-11T00:00:00",
    "weekday": "Oct 2023",
    "charges": 559.7959480000001,
    "color": null
  },
  {
    "pnl": 7752.75,
    "netpnl": 6777.347456,
    "date": "2023-10-12T00:00:00",
    "weekday": "Oct 2023",
    "charges": 975.4025439999999,
    "color": null
  },
  {
    "pnl": -30855.75,
    "netpnl": -31580.058027,
    "date": "2023-10-13T00:00:00",
    "weekday": "Oct 2023",
    "charges": 724.3080269999999,
    "color": null
  },
  {
    "pnl": 0.0,
    "netpnl": 0.0,
    "date": "2023-10-14T00:00:00",
    "weekday": "Oct 2023",
    "charges": 0.0,
    "color": null
  },
  {
    "pnl": 0.0,
    "netpnl": 0.0,
    "date": "2023-10-15T00:00:00",
    "weekday": "Oct 2023",
    "charges": 0.0,
    "color": null
  },
  {
    "pnl": -32635.5,
    "netpnl": -33366.026153,
    "date": "2023-10-16T00:00:00",
    "weekday": "Oct 2023",
    "charges": 730.5261529999999,
    "color": null
  },
  {
    "pnl": 19377.0,
    "netpnl": 17977.522132,
    "date": "2023-10-17T00:00:00",
    "weekday": "Oct 2023",
    "charges": 1399.4778680000002,
    "color": null
  },
  {
    "pnl": 4347.75,
    "netpnl": 3851.886366,
    "date": "2023-10-18T00:00:00",
    "weekday": "Oct 2023",
    "charges": 495.863634,
    "color": null
  },
  {
    "pnl": 7644.0,
    "netpnl": 7039.951761,
    "date": "2023-10-19T00:00:00",
    "weekday": "Oct 2023",
    "charges": 604.048239,
    "color": null
  },
  {
    "pnl": 11556.0,
    "netpnl": 11003.595178,
    "date": "2023-10-20T00:00:00",
    "weekday": "Oct 2023",
    "charges": 552.404822,
    "color": null
  },
  {
    "pnl": 0.0,
    "netpnl": 0.0,
    "date": "2023-10-21T00:00:00",
    "weekday": "Oct 2023",
    "charges": 0.0,
    "color": null
  },
  {
    "pnl": 0.0,
    "netpnl": 0.0,
    "date": "2023-10-22T00:00:00",
    "weekday": "Oct 2023",
    "charges": 0.0,
    "color": null
  },
  {
    "pnl": 19569.0,
    "netpnl": 18909.778879,
    "date": "2023-10-23T00:00:00",
    "weekday": "Oct 2023",
    "charges": 659.221121,
    "color": null
  },
  {
    "pnl": 0.0,
    "netpnl": 0.0,
    "date": "2023-10-24T00:00:00",
    "weekday": "Oct 2023",
    "charges": 0.0,
    "color": null
  },
  {
    "pnl": 1285.5,
    "netpnl": 839.313406,
    "date": "2023-10-25T00:00:00",
    "weekday": "Oct 2023",
    "charges": 446.186594,
    "color": null
  },
  {
    "pnl": 33116.25,
    "netpnl": 32828.100462,
    "date": "2023-10-26T00:00:00",
    "weekday": "Oct 2023",
    "charges": 288.149538,
    "color": null
  },
  {
    "pnl": 34554.75,
    "netpnl": 33789.249969,
    "date": "2023-10-27T00:00:00",
    "weekday": "Oct 2023",
    "charges": 765.500031,
    "color": null
  },
  {
    "pnl": 0.0,
    "netpnl": 0.0,
    "date": "2023-10-28T00:00:00",
    "weekday": "Oct 2023",
    "charges": 0.0,
    "color": null
  },
  {
    "pnl": 0.0,
    "netpnl": 0.0,
    "date": "2023-10-29T00:00:00",
    "weekday": "Oct 2023",
    "charges": 0.0,
    "color": null
  },
  {
    "pnl": -10675.5,
    "netpnl": -11170.41776,
    "date": "2023-10-30T00:00:00",
    "weekday": "Oct 2023",
    "charges": 494.91776,
    "color": null
  },
  {
    "pnl": 21478.5,
    "netpnl": 21356.186192,
    "date": "2023-10-31T00:00:00",
    "weekday": "Oct 2023",
    "charges": 122.31380800000001,
    "color": null
  },
  {
    "pnl": 26057.25,
    "netpnl": 25693.622562,
    "date": "2023-11-01T00:00:00",
    "weekday": "Nov 2023",
    "charges": 363.627438,
    "color": null
  },
  {
    "pnl": 51472.5,
    "netpnl": 50255.782581,
    "date": "2023-11-02T00:00:00",
    "weekday": "Nov 2023",
    "charges": 1216.717419,
    "color": null
  },
  {
    "pnl": -6535.5,
    "netpnl": -7691.965458,
    "date": "2023-11-03T00:00:00",
    "weekday": "Nov 2023",
    "charges": 1156.465458,
    "color": null
  },
  {
    "pnl": 0.0,
    "netpnl": 0.0,
    "date": "2023-11-04T00:00:00",
    "weekday": "Nov 2023",
    "charges": 0.0,
    "color": null
  },
  {
    "pnl": 0.0,
    "netpnl": 0.0,
    "date": "2023-11-05T00:00:00",
    "weekday": "Nov 2023",
    "charges": 0.0,
    "color": null
  },
  {
    "pnl": 11302.5,
    "netpnl": 10799.181675,
    "date": "2023-11-06T00:00:00",
    "weekday": "Nov 2023",
    "charges": 503.318325,
    "color": null
  },
  {
    "pnl": 43520.25,
    "netpnl": 42761.690258,
    "date": "2023-11-07T00:00:00",
    "weekday": "Nov 2023",
    "charges": 758.559742,
    "color": null
  },
  {
    "pnl": -25251.0,
    "netpnl": -25829.567206,
    "date": "2023-11-08T00:00:00",
    "weekday": "Nov 2023",
    "charges": 578.5672059999999,
    "color": null
  },
  {
    "pnl": -22292.25,
    "netpnl": -25781.042459,
    "date": "2023-11-09T00:00:00",
    "weekday": "Nov 2023",
    "charges": 3488.7924590000002,
    "color": null
  },
  {
    "pnl": -29699.25,
    "netpnl": -30238.528265,
    "date": "2023-11-10T00:00:00",
    "weekday": "Nov 2023",
    "charges": 539.2782649999999,
    "color": null
  },
  {
    "pnl": 0.0,
    "netpnl": 0.0,
    "date": "2023-11-11T00:00:00",
    "weekday": "Nov 2023",
    "charges": 0.0,
    "color": null
  },
  {
    "pnl": -3683.25,
    "netpnl": -3959.41338,
    "date": "2023-11-12T00:00:00",
    "weekday": "Nov 2023",
    "charges": 276.16337999999996,
    "color": null
  },
  {
    "pnl": -36979.5,
    "netpnl": -37602.909493,
    "date": "2023-11-13T00:00:00",
    "weekday": "Nov 2023",
    "charges": 623.409493,
    "color": null
  },
  {
    "pnl": 0.0,
    "netpnl": 0.0,
    "date": "2023-11-14T00:00:00",
    "weekday": "Nov 2023",
    "charges": 0.0,
    "color": null
  },
  {
    "pnl": -3567.0,
    "netpnl": -3922.263775,
    "date": "2023-11-15T00:00:00",
    "weekday": "Nov 2023",
    "charges": 355.263775,
    "color": null
  },
  {
    "pnl": 20231.25,
    "netpnl": 19675.912232,
    "date": "2023-11-16T00:00:00",
    "weekday": "Nov 2023",
    "charges": 555.3377680000001,
    "color": null
  },
  {
    "pnl": -35355.75,
    "netpnl": -35956.633111,
    "date": "2023-11-17T00:00:00",
    "weekday": "Nov 2023",
    "charges": 600.883111,
    "color": null
  },
  {
    "pnl": 0.0,
    "netpnl": 0.0,
    "date": "2023-11-18T00:00:00",
    "weekday": "Nov 2023",
    "charges": 0.0,
    "color": null
  },
  {
    "pnl": 0.0,
    "netpnl": 0.0,
    "date": "2023-11-19T00:00:00",
    "weekday": "Nov 2023",
    "charges": 0.0,
    "color": null
  },
  {
    "pnl": -46234.5,
    "netpnl": -46949.766139,
    "date": "2023-11-20T00:00:00",
    "weekday": "Nov 2023",
    "charges": 715.266139,
    "color": null
  },
  {
    "pnl": -19222.5,
    "netpnl": -19950.946344,
    "date": "2023-11-21T00:00:00",
    "weekday": "Nov 2023",
    "charges": 728.4463440000001,
    "color": null
  },
  {
    "pnl": 17776.5,
    "netpnl": 17566.224104,
    "date": "2023-11-22T00:00:00",
    "weekday": "Nov 2023",
    "charges": 210.275896,
    "color": null
  },
  {
    "pnl": -17654.25,
    "netpnl": -18131.239175,
    "date": "2023-11-23T00:00:00",
    "weekday": "Nov 2023",
    "charges": 476.98917500000005,
    "color": null
  },
  {
    "pnl": -10138.5,
    "netpnl": -10546.75588,
    "date": "2023-11-24T00:00:00",
    "weekday": "Nov 2023",
    "charges": 408.25588,
    "color": null
  },
  {
    "pnl": 0.0,
    "netpnl": 0.0,
    "date": "2023-11-25T00:00:00",
    "weekday": "Nov 2023",
    "charges": 0.0,
    "color": null
  },
  {
    "pnl": 0.0,
    "netpnl": 0.0,
    "date": "2023-11-26T00:00:00",
    "weekday": "Nov 2023",
    "charges": 0.0,
    "color": null
  },
  {
    "pnl": 0.0,
    "netpnl": 0.0,
    "date": "2023-11-27T00:00:00",
    "weekday": "Nov 2023",
    "charges": 0.0,
    "color": null
  },
  {
    "pnl": -2238.75,
    "netpnl": -2489.949767,
    "date": "2023-11-28T00:00:00",
    "weekday": "Nov 2023",
    "charges": 251.199767,
    "color": null
  },
  {
    "pnl": -11367.75,
    "netpnl": -11763.320357,
    "date": "2023-11-29T00:00:00",
    "weekday": "Nov 2023",
    "charges": 395.57035700000006,
    "color": null
  },
  {
    "pnl": 17431.5,
    "netpnl": 17270.984531,
    "date": "2023-11-30T00:00:00",
    "weekday": "Nov 2023",
    "charges": 160.51546900000002,
    "color": null
  },
  {
    "pnl": 6521.25,
    "netpnl": 6040.959454,
    "date": "2023-12-01T00:00:00",
    "weekday": "Dec 2023",
    "charges": 480.290546,
    "color": null
  },
  {
    "pnl": 0.0,
    "netpnl": 0.0,
    "date": "2023-12-02T00:00:00",
    "weekday": "Dec 2023",
    "charges": 0.0,
    "color": null
  },
  {
    "pnl": 0.0,
    "netpnl": 0.0,
    "date": "2023-12-03T00:00:00",
    "weekday": "Dec 2023",
    "charges": 0.0,
    "color": null
  },
  {
    "pnl": 0.0,
    "netpnl": 0.0,
    "date": "2023-12-04T00:00:00",
    "weekday": "Dec 2023",
    "charges": 0.0,
    "color": null
  },
  {
    "pnl": 23172.75,
    "netpnl": 22282.264212,
    "date": "2023-12-05T00:00:00",
    "weekday": "Dec 2023",
    "charges": 890.4857880000001,
    "color": null
  },
  {
    "pnl": 31198.5,
    "netpnl": 31085.815142,
    "date": "2023-12-06T00:00:00",
    "weekday": "Dec 2023",
    "charges": 112.68485799999999,
    "color": null
  },
  {
    "pnl": -444.0,
    "netpnl": -741.91725,
    "date": "2023-12-07T00:00:00",
    "weekday": "Dec 2023",
    "charges": 297.91724999999997,
    "color": null
  },
  {
    "pnl": -14478.0,
    "netpnl": -15440.739492,
    "date": "2023-12-08T00:00:00",
    "weekday": "Dec 2023",
    "charges": 962.739492,
    "color": null
  },
  {
    "pnl": 0.0,
    "netpnl": 0.0,
    "date": "2023-12-09T00:00:00",
    "weekday": "Dec 2023",
    "charges": 0.0,
    "color": null
  },
  {
    "pnl": 0.0,
    "netpnl": 0.0,
    "date": "2023-12-10T00:00:00",
    "weekday": "Dec 2023",
    "charges": 0.0,
    "color": null
  },
  {
    "pnl": -30146.25,
    "netpnl": -30816.103931999998,
    "date": "2023-12-11T00:00:00",
    "weekday": "Dec 2023",
    "charges": 669.853932,
    "color": null
  },
  {
    "pnl": 6173.25,
    "netpnl": 5281.619202,
    "date": "2023-12-12T00:00:00",
    "weekday": "Dec 2023",
    "charges": 891.6307980000001,
    "color": null
  },
  {
    "pnl": 21508.5,
    "netpnl": 21192.156467,
    "date": "2023-12-13T00:00:00",
    "weekday": "Dec 2023",
    "charges": 316.343533,
    "color": null
  },
  {
    "pnl": 22603.5,
    "netpnl": 21084.65362,
    "date": "2023-12-14T00:00:00",
    "weekday": "Dec 2023",
    "charges": 1518.84638,
    "color": null
  },
  {
    "pnl": 19962.0,
    "netpnl": 19522.315723,
    "date": "2023-12-15T00:00:00",
    "weekday": "Dec 2023",
    "charges": 439.68427699999995,
    "color": null
  },
  {
    "pnl": 0.0,
    "netpnl": 0.0,
    "date": "2023-12-16T00:00:00",
    "weekday": "Dec 2023",
    "charges": 0.0,
    "color": null
  },
  {
    "pnl": 0.0,
    "netpnl": 0.0,
    "date": "2023-12-17T00:00:00",
    "weekday": "Dec 2023",
    "charges": 0.0,
    "color": null
  },
  {
    "pnl": 2214.75,
    "netpnl": 2025.8582940000001,
    "date": "2023-12-18T00:00:00",
    "weekday": "Dec 2023",
    "charges": 188.891706,
    "color": null
  },
  {
    "pnl": 23227.5,
    "netpnl": 22753.348607,
    "date": "2023-12-19T00:00:00",
    "weekday": "Dec 2023",
    "charges": 474.151393,
    "color": null
  },
  {
    "pnl": -10399.5,
    "netpnl": -11035.793585,
    "date": "2023-12-20T00:00:00",
    "weekday": "Dec 2023",
    "charges": 636.293585,
    "color": null
  },
  {
    "pnl": -28247.25,
    "netpnl": -29162.828172,
    "date": "2023-12-21T00:00:00",
    "weekday": "Dec 2023",
    "charges": 915.5781719999999,
    "color": null
  },
  {
    "pnl": 25432.5,
    "netpnl": 24891.514058,
    "date": "2023-12-22T00:00:00",
    "weekday": "Dec 2023",
    "charges": 540.985942,
    "color": null
  },
  {
    "pnl": 0.0,
    "netpnl": 0.0,
    "date": "2023-12-23T00:00:00",
    "weekday": "Dec 2023",
    "charges": 0.0,
    "color": null
  },
  {
    "pnl": 0.0,
    "netpnl": 0.0,
    "date": "2023-12-24T00:00:00",
    "weekday": "Dec 2023",
    "charges": 0.0,
    "color": null
  },
  {
    "pnl": 0.0,
    "netpnl": 0.0,
    "date": "2023-12-25T00:00:00",
    "weekday": "Dec 2023",
    "charges": 0.0,
    "color": null
  },
  {
    "pnl": -807.75,
    "netpnl": -1231.799577,
    "date": "2023-12-26T00:00:00",
    "weekday": "Dec 2023",
    "charges": 424.04957700000006,
    "color": null
  },
  {
    "pnl": 11858.25,
    "netpnl": 10678.775851,
    "date": "2023-12-27T00:00:00",
    "weekday": "Dec 2023",
    "charges": 1179.474149,
    "color": null
  },
  {
    "pnl": 22432.5,
    "netpnl": 21781.368136,
    "date": "2023-12-28T00:00:00",
    "weekday": "Dec 2023",
    "charges": 651.131864,
    "color": null
  },
  {
    "pnl": 9981.0,
    "netpnl": 9619.883453,
    "date": "2023-12-29T00:00:00",
    "weekday": "Dec 2023",
    "charges": 361.116547,
    "color": null
  },
  {
    "pnl": 0.0,
    "netpnl": 0.0,
    "date": "2023-12-30T00:00:00",
    "weekday": "Dec 2023",
    "charges": 0.0,
    "color": null
  },
  {
    "pnl": 0.0,
    "netpnl": 0.0,
    "date": "2023-12-31T00:00:00",
    "weekday": "Dec 2023",
    "charges": 0.0,
    "color": null
  },
  {
    "pnl": 13471.5,
    "netpnl": 12547.110231999999,
    "date": "2024-01-01T00:00:00",
    "weekday": "Jan 2024",
    "charges": 924.389768,
    "color": null
  },
  {
    "pnl": 5265.75,
    "netpnl": 5076.955987,
    "date": "2024-01-02T00:00:00",
    "weekday": "Jan 2024",
    "charges": 188.794013,
    "color": null
  },
  {
    "pnl": -9925.5,
    "netpnl": -10830.618032,
    "date": "2024-01-03T00:00:00",
    "weekday": "Jan 2024",
    "charges": 905.1180320000001,
    "color": null
  },
  {
    "pnl": -2699.25,
    "netpnl": -3269.244046,
    "date": "2024-01-04T00:00:00",
    "weekday": "Jan 2024",
    "charges": 569.994046,
    "color": null
  },
  {
    "pnl": 12714.0,
    "netpnl": 12501.087988,
    "date": "2024-01-05T00:00:00",
    "weekday": "Jan 2024",
    "charges": 212.912012,
    "color": null
  },
  {
    "pnl": 0.0,
    "netpnl": 0.0,
    "date": "2024-01-06T00:00:00",
    "weekday": "Jan 2024",
    "charges": 0.0,
    "color": null
  },
  {
    "pnl": 0.0,
    "netpnl": 0.0,
    "date": "2024-01-07T00:00:00",
    "weekday": "Jan 2024",
    "charges": 0.0,
    "color": null
  },
  {
    "pnl": -65687.25,
    "netpnl": -66402.696597,
    "date": "2024-01-08T00:00:00",
    "weekday": "Jan 2024",
    "charges": 715.446597,
    "color": null
  },
  {
    "pnl": 24609.75,
    "netpnl": 24273.515328,
    "date": "2024-01-09T00:00:00",
    "weekday": "Jan 2024",
    "charges": 336.23467200000005,
    "color": null
  },
  {
    "pnl": 20663.25,
    "netpnl": 20372.365006,
    "date": "2024-01-10T00:00:00",
    "weekday": "Jan 2024",
    "charges": 290.884994,
    "color": null
  },
  {
    "pnl": 12768.0,
    "netpnl": 12507.670766,
    "date": "2024-01-11T00:00:00",
    "weekday": "Jan 2024",
    "charges": 260.329234,
    "color": null
  },
  {
    "pnl": 5493.75,
    "netpnl": 4715.657139,
    "date": "2024-01-12T00:00:00",
    "weekday": "Jan 2024",
    "charges": 778.092861,
    "color": null
  },
  {
    "pnl": 0.0,
    "netpnl": 0.0,
    "date": "2024-01-13T00:00:00",
    "weekday": "Jan 2024",
    "charges": 0.0,
    "color": null
  },
  {
    "pnl": 0.0,
    "netpnl": 0.0,
    "date": "2024-01-14T00:00:00",
    "weekday": "Jan 2024",
    "charges": 0.0,
    "color": null
  },
  {
    "pnl": -51610.5,
    "netpnl": -53023.044947,
    "date": "2024-01-15T00:00:00",
    "weekday": "Jan 2024",
    "charges": 1412.5449469999999,
    "color": null
  },
  {
    "pnl": -2328.0,
    "netpnl": -3534.022113,
    "date": "2024-01-16T00:00:00",
    "weekday": "Jan 2024",
    "charges": 1206.0221130000002,
    "color": null
  },
  {
    "pnl": 59617.5,
    "netpnl": 59436.807158,
    "date": "2024-01-17T00:00:00",
    "weekday": "Jan 2024",
    "charges": 180.69284199999998,
    "color": null
  },
  {
    "pnl": 11155.5,
    "netpnl": 10691.9521,
    "date": "2024-01-18T00:00:00",
    "weekday": "Jan 2024",
    "charges": 463.5479,
    "color": null
  },
  {
    "pnl": 54096.0,
    "netpnl": 53522.938588,
    "date": "2024-01-19T00:00:00",
    "weekday": "Jan 2024",
    "charges": 573.061412,
    "color": null
  },
  {
    "pnl": -1158.75,
    "netpnl": -4261.139231,
    "date": "2024-01-20T00:00:00",
    "weekday": "Jan 2024",
    "charges": 3102.389231,
    "color": null
  },
  {
    "pnl": 0.0,
    "netpnl": 0.0,
    "date": "2024-01-21T00:00:00",
    "weekday": "Jan 2024",
    "charges": 0.0,
    "color": null
  },
  {
    "pnl": 0.0,
    "netpnl": 0.0,
    "date": "2024-01-22T00:00:00",
    "weekday": "Jan 2024",
    "charges": 0.0,
    "color": null
  },
  {
    "pnl": -53012.0,
    "netpnl": -59599.475914,
    "date": "2024-01-23T00:00:00",
    "weekday": "Jan 2024",
    "charges": 6587.475914,
    "color": null
  },
  {
    "pnl": 16266.0,
    "netpnl": 15425.918059,
    "date": "2024-01-24T00:00:00",
    "weekday": "Jan 2024",
    "charges": 840.081941,
    "color": null
  },
  {
    "pnl": -60106.5,
    "netpnl": -61970.015844,
    "date": "2024-01-25T00:00:00",
    "weekday": "Jan 2024",
    "charges": 1863.5158440000002,
    "color": null
  },
  {
    "pnl": 0.0,
    "netpnl": 0.0,
    "date": "2024-01-26T00:00:00",
    "weekday": "Jan 2024",
    "charges": 0.0,
    "color": null
  },
  {
    "pnl": 0.0,
    "netpnl": 0.0,
    "date": "2024-01-27T00:00:00",
    "weekday": "Jan 2024",
    "charges": 0.0,
    "color": null
  },
  {
    "pnl": 0.0,
    "netpnl": 0.0,
    "date": "2024-01-28T00:00:00",
    "weekday": "Jan 2024",
    "charges": 0.0,
    "color": null
  },
  {
    "pnl": -47680.5,
    "netpnl": -48484.134251,
    "date": "2024-01-29T00:00:00",
    "weekday": "Jan 2024",
    "charges": 803.634251,
    "color": null
  },
  {
    "pnl": 20872.5,
    "netpnl": 20251.785295,
    "date": "2024-01-30T00:00:00",
    "weekday": "Jan 2024",
    "charges": 620.714705,
    "color": null
  },
  {
    "pnl": 16628.25,
    "netpnl": 16391.909322,
    "date": "2024-01-31T00:00:00",
    "weekday": "Jan 2024",
    "charges": 236.340678,
    "color": null
  },
  {
    "pnl": 9192.75,
    "netpnl": 8990.658305,
    "date": "2024-02-01T00:00:00",
    "weekday": "Feb 2024",
    "charges": 202.091695,
    "color": null
  },
  {
    "pnl": 13020.0,
    "netpnl": 12530.936621,
    "date": "2024-02-02T00:00:00",
    "weekday": "Feb 2024",
    "charges": 489.063379,
    "color": null
  },
  {
    "pnl": 0.0,
    "netpnl": 0.0,
    "date": "2024-02-03T00:00:00",
    "weekday": "Feb 2024",
    "charges": 0.0,
    "color": null
  },
  {
    "pnl": 0.0,
    "netpnl": 0.0,
    "date": "2024-02-04T00:00:00",
    "weekday": "Feb 2024",
    "charges": 0.0,
    "color": null
  },
  {
    "pnl": -57308.25,
    "netpnl": -57864.938058,
    "date": "2024-02-05T00:00:00",
    "weekday": "Feb 2024",
    "charges": 556.6880580000001,
    "color": null
  },
  {
    "pnl": -13539.75,
    "netpnl": -13966.681052,
    "date": "2024-02-06T00:00:00",
    "weekday": "Feb 2024",
    "charges": 426.93105199999997,
    "color": null
  },
  {
    "pnl": 20286.0,
    "netpnl": 20210.153125,
    "date": "2024-02-07T00:00:00",
    "weekday": "Feb 2024",
    "charges": 75.846875,
    "color": null
  },
  {
    "pnl": 20006.25,
    "netpnl": 19654.438707,
    "date": "2024-02-08T00:00:00",
    "weekday": "Feb 2024",
    "charges": 351.811293,
    "color": null
  },
  {
    "pnl": 23733.0,
    "netpnl": 23552.630793,
    "date": "2024-02-09T00:00:00",
    "weekday": "Feb 2024",
    "charges": 180.369207,
    "color": null
  },
  {
    "pnl": 0.0,
    "netpnl": 0.0,
    "date": "2024-02-10T00:00:00",
    "weekday": "Feb 2024",
    "charges": 0.0,
    "color": null
  },
  {
    "pnl": 0.0,
    "netpnl": 0.0,
    "date": "2024-02-11T00:00:00",
    "weekday": "Feb 2024",
    "charges": 0.0,
    "color": null
  },
  {
    "pnl": 24440.25,
    "netpnl": 24132.156068,
    "date": "2024-02-12T00:00:00",
    "weekday": "Feb 2024",
    "charges": 308.093932,
    "color": null
  },
  {
    "pnl": 7036.5,
    "netpnl": 6728.513017,
    "date": "2024-02-13T00:00:00",
    "weekday": "Feb 2024",
    "charges": 307.986983,
    "color": null
  },
  {
    "pnl": -13091.25,
    "netpnl": -13626.83171,
    "date": "2024-02-14T00:00:00",
    "weekday": "Feb 2024",
    "charges": 535.5817099999999,
    "color": null
  },
  {
    "pnl": -41529.0,
    "netpnl": -42234.150155,
    "date": "2024-02-15T00:00:00",
    "weekday": "Feb 2024",
    "charges": 705.1501549999999,
    "color": null
  },
  {
    "pnl": 5228.25,
    "netpnl": 5009.567972,
    "date": "2024-02-16T00:00:00",
    "weekday": "Feb 2024",
    "charges": 218.682028,
    "color": null
  },
  {
    "pnl": 0.0,
    "netpnl": 0.0,
    "date": "2024-02-17T00:00:00",
    "weekday": "Feb 2024",
    "charges": 0.0,
    "color": null
  },
  {
    "pnl": 0.0,
    "netpnl": 0.0,
    "date": "2024-02-18T00:00:00",
    "weekday": "Feb 2024",
    "charges": 0.0,
    "color": null
  },
  {
    "pnl": 6483.0,
    "netpnl": 6159.724146,
    "date": "2024-02-19T00:00:00",
    "weekday": "Feb 2024",
    "charges": 323.27585400000004,
    "color": null
  },
  {
    "pnl": 7878.0,
    "netpnl": 7585.174863,
    "date": "2024-02-20T00:00:00",
    "weekday": "Feb 2024",
    "charges": 292.8251369999999,
    "color": null
  },
  {
    "pnl": 15756.75,
    "netpnl": 15519.506104,
    "date": "2024-02-21T00:00:00",
    "weekday": "Feb 2024",
    "charges": 237.24389600000003,
    "color": null
  },
  {
    "pnl": 32088.75,
    "netpnl": 31910.282205,
    "date": "2024-02-22T00:00:00",
    "weekday": "Feb 2024",
    "charges": 178.467795,
    "color": null
  },
  {
    "pnl": -65697.75,
    "netpnl": -66556.857165,
    "date": "2024-02-23T00:00:00",
    "weekday": "Feb 2024",
    "charges": 859.107165,
    "color": null
  },
  {
    "pnl": 0.0,
    "netpnl": 0.0,
    "date": "2024-02-24T00:00:00",
    "weekday": "Feb 2024",
    "charges": 0.0,
    "color": null
  },
  {
    "pnl": 0.0,
    "netpnl": 0.0,
    "date": "2024-02-25T00:00:00",
    "weekday": "Feb 2024",
    "charges": 0.0,
    "color": null
  },
  {
    "pnl": 2717.25,
    "netpnl": 2353.183563,
    "date": "2024-02-26T00:00:00",
    "weekday": "Feb 2024",
    "charges": 364.066437,
    "color": null
  },
  {
    "pnl": -4322.25,
    "netpnl": -4660.268132,
    "date": "2024-02-27T00:00:00",
    "weekday": "Feb 2024",
    "charges": 338.01813200000004,
    "color": null
  },
  {
    "pnl": 26501.25,
    "netpnl": 26393.673095,
    "date": "2024-02-28T00:00:00",
    "weekday": "Feb 2024",
    "charges": 107.576905,
    "color": null
  },
  {
    "pnl": -38216.25,
    "netpnl": -38496.051603,
    "date": "2024-02-29T00:00:00",
    "weekday": "Feb 2024",
    "charges": 279.801603,
    "color": null
  },
  {
    "pnl": 29298.0,
    "netpnl": 29113.531301,
    "date": "2024-03-01T00:00:00",
    "weekday": "Mar 2024",
    "charges": 184.46869900000002,
    "color": null
  },
  {
    "pnl": 0.0,
    "netpnl": 0.0,
    "date": "2024-03-02T00:00:00",
    "weekday": "Mar 2024",
    "charges": 0.0,
    "color": null
  },
  {
    "pnl": 0.0,
    "netpnl": 0.0,
    "date": "2024-03-03T00:00:00",
    "weekday": "Mar 2024",
    "charges": 0.0,
    "color": null
  },
  {
    "pnl": 33313.5,
    "netpnl": 33105.250688,
    "date": "2024-03-04T00:00:00",
    "weekday": "Mar 2024",
    "charges": 208.249312,
    "color": null
  },
  {
    "pnl": 14066.25,
    "netpnl": 13688.002224,
    "date": "2024-03-05T00:00:00",
    "weekday": "Mar 2024",
    "charges": 378.247776,
    "color": null
  },
  {
    "pnl": 32122.5,
    "netpnl": 31802.72146,
    "date": "2024-03-06T00:00:00",
    "weekday": "Mar 2024",
    "charges": 319.77854,
    "color": null
  },
  {
    "pnl": 35333.25,
    "netpnl": 35105.063887,
    "date": "2024-03-07T00:00:00",
    "weekday": "Mar 2024",
    "charges": 228.186113,
    "color": null
  },
  {
    "pnl": 0.0,
    "netpnl": 0.0,
    "date": "2024-03-08T00:00:00",
    "weekday": "Mar 2024",
    "charges": 0.0,
    "color": null
  },
  {
    "pnl": 0.0,
    "netpnl": 0.0,
    "date": "2024-03-09T00:00:00",
    "weekday": "Mar 2024",
    "charges": 0.0,
    "color": null
  },
  {
    "pnl": 0.0,
    "netpnl": 0.0,
    "date": "2024-03-10T00:00:00",
    "weekday": "Mar 2024",
    "charges": 0.0,
    "color": null
  },
  {
    "pnl": 48899.25,
    "netpnl": 48720.738756,
    "date": "2024-03-11T00:00:00",
    "weekday": "Mar 2024",
    "charges": 178.51124399999998,
    "color": null
  },
  {
    "pnl": -69842.25,
    "netpnl": -70326.857631,
    "date": "2024-03-12T00:00:00",
    "weekday": "Mar 2024",
    "charges": 484.607631,
    "color": null
  },
  {
    "pnl": 50548.5,
    "netpnl": 50129.801608,
    "date": "2024-03-13T00:00:00",
    "weekday": "Mar 2024",
    "charges": 418.698392,
    "color": null
  },
  {
    "pnl": -8151.75,
    "netpnl": -9037.321056,
    "date": "2024-03-14T00:00:00",
    "weekday": "Mar 2024",
    "charges": 885.571056,
    "color": null
  },
  {
    "pnl": 15105.0,
    "netpnl": 14524.765648,
    "date": "2024-03-15T00:00:00",
    "weekday": "Mar 2024",
    "charges": 580.2343520000001,
    "color": null
  },
  {
    "pnl": 0.0,
    "netpnl": 0.0,
    "date": "2024-03-16T00:00:00",
    "weekday": "Mar 2024",
    "charges": 0.0,
    "color": null
  },
  {
    "pnl": 0.0,
    "netpnl": 0.0,
    "date": "2024-03-17T00:00:00",
    "weekday": "Mar 2024",
    "charges": 0.0,
    "color": null
  },
  {
    "pnl": 23529.75,
    "netpnl": 22787.365571,
    "date": "2024-03-18T00:00:00",
    "weekday": "Mar 2024",
    "charges": 742.3844290000001,
    "color": null
  },
  {
    "pnl": 42531.0,
    "netpnl": 42128.097004,
    "date": "2024-03-19T00:00:00",
    "weekday": "Mar 2024",
    "charges": 402.902996,
    "color": null
  },
  {
    "pnl": -1465.5,
    "netpnl": -1858.612118,
    "date": "2024-03-20T00:00:00",
    "weekday": "Mar 2024",
    "charges": 393.112118,
    "color": null
  }
]