{
  "items": [
    {
      "data": [
        {
          "date": 1695427200,
          "value": 0.0
        },
        {
          "date": 1695513600,
          "value": 0.0
        },
        {
          "date": 1695600000,
          "value": 3648.65
        },
        {
          "date": 1695686400,
          "value": 105.63
        },
        {
          "date": 1695772800,
          "value": 25759.51
        },
        {
          "date": 1695859200,
          "value": 20434.07
        },
        {
          "date": 1695945600,
          "value": 1227.85
        },
        {
          "date": 1696032000,
          "value": 0.0
        },
        {
          "date": 1696118400,
          "value": 0.0
        },
        {
          "date": 1696204800,
          "value": 0.0
        },
        {
          "date": 1696291200,
          "value": 5553.38
        },
        {
          "date": 1696377600,
          "value": 22042.0
        },
        {
          "date": 1696464000,
          "value": -16049.59
        },
        {
          "date": 1696550400,
          "value": -10717.12
        },
        {
          "date": 1696636800,
          "value": 0.0
        },
        {
          "date": 1696723200,
          "value": 0.0
        },
        {
          "date": 1696809600,
          "value": 9169.43
        },
        {
          "date": 1696896000,
          "value": 14225.17
        },
        {
          "date": 1696982400,
          "value": 22.2
        },
        {
          "date": 1697068800,
          "value": 6777.35
        },
        {
          "date": 1697155200,
          "value": -31580.06
        },
        {
          "date": 1697241600,
          "value": 0.0
        },
        {
          "date": 1697328000,
          "value": 0.0
        },
        {
          "date": 1697414400,
          "value": -33366.03
        },
        {
          "date": 1697500800,
          "value": 17977.52
        },
        {
          "date": 1697587200,
          "value": 3851.89
        },
        {
          "date": 1697673600,
          "value": 7039.95
        },
        {
          "date": 1697760000,
          "value": 11003.6
        },
        {
          "date": 1697846400,
          "value": 0.0
        },
        {
          "date": 1697932800,
          "value": 0.0
        },
        {
          "date": 1698019200,
          "value": 18909.78
        },
        {
          "date": 1698105600,
          "value": 0.0
        },
        {
          "date": 1698192000,
          "value": 839.31
        },
        {
          "date": 1698278400,
          "value": 32828.1
        },
        {
          "date": 1698364800,
          "value": 33789.25
        },
        {
          "date": 1698451200,
          "value": 0.0
        },
        {
          "date": 1698537600,
          "value": 0.0
        },
        {
          "date": 1698624000,
          "value": -11170.42
        },
        {
          "date": 1698710400,
          "value": 21356.19
        },
        {
          "date": 1698796800,
          "value": 25693.62
        },
        {
          "date": 1698883200,
          "value": 50255.78
        },
        {
          "date": 1698969600,
          "value": -7691.97
        },
        {
          "date": 1699056000,
          "value": 0.0
        },
        {
          "date": 1699142400,
          "value": 0.0
        },
        {
          "date": 1699228800,
          "value": 10799.18
        },
        {
          "date": 1699315200,
          "value": 42761.69
        },
        {
          "date": 1699401600,
          "value": -25829.57
        },
        {
          "date": 1699488000,
          "value": -25781.04
        },
        {
          "date": 1699574400,
          "value": -30238.53
        },
        {
          "date": 1699660800,
          "value": 0.0
        },
        {
          "date": 1699747200,
          "value": -3959.41
        },
        {
          "date": 1699833600,
          "value": -37602.91
        },
        {
          "date": 1699920000,
          "value": 0.0
        },
        {
          "date": 1700006400,
          "value": -3922.26
        },
        {
          "date": 1700092800,
          "value": 19675.91
        },
        {
          "date": 1700179200,
          "value": -35956.63
        },
        {
          "date": 1700265600,
          "value": 0.0
        },
        {
          "date": 1700352000,
          "value": 0.0
        },
        {
          "date": 1700438400,
          "value": -46949.77
        },
        {
          "date": 1700524800,
          "value": -19950.95
        },
        {
          "date": 1700611200,
          "value": 17566.22
        },
        {
          "date": 1700697600,
          "value": -18131.24
        },
        {
          "date": 1700784000,
          "value": -10546.76
        },
        {
          "date": 1700870400,
          "value": 0.0
        },
        {
          "date": 1700956800,
          "value": 0.0
        },
        {
          "date": 1701043200,
          "value": 0.0
        },
        {
          "date": 1701129600,
          "value": -2489.95
        },
        {
          "date": 1701216000,
          "value": -11763.32
        },
        {
          "date": 1701302400,
          "value": 17270.98
        },
        {
          "date": 1701388800,
          "value": 6040.96
        },
        {
          "date": 1701475200,
          "value": 0.0
        },
        {
          "date": 1701561600,
          "value": 0.0
        },
        {
          "date": 1701648000,
          "value": 0.0
        },
        {
          "date": 1701734400,
          "value": 22282.26
        },
        {
          "date": 1701820800,
          "value": 31085.82
        },
        {
          "date": 1701907200,
          "value": -741.92
        },
        {
          "date": 1701993600,
          "value": -15440.74
        },
        {
          "date": 1702080000,
          "value": 0.0
        },
        {
          "date": 1702166400,
          "value": 0.0
        },
        {
          "date": 1702252800,
          "value": -30816.1
        },
        {
          "date": 1702339200,
          "value": 5281.62
        },
        {
          "date": 1702425600,
          "value": 21192.16
        },
        {
          "date": 1702512000,
          "value": 21084.65
        },
        {
          "date": 1702598400,
          "value": 19522.32
        },
        {
          "date": 1702684800,
          "value": 0.0
        },
        {
          "date": 1702771200,
          "value": 0.0
        },
        {
          "date": 1702857600,
          "value": 2025.86
        },
        {
          "date": 1702944000,
          "value": 22753.35
        },
        {
          "date": 1703030400,
          "value": -11035.79
        },
        {
          "date": 1703116800,
          "value": -29162.83
        },
        {
          "date": 1703203200,
          "value": 24891.51
        },
        {
          "date": 1703289600,
          "value": 0.0
        },
        {
          "date": 1703376000,
          "value": 0.0
        },
        {
          "date": 1703462400,
          "value": 0.0
        },
        {
          "date": 1703548800,
          "value": -1231.8
        },
        {
          "date": 1703635200,
          "value": 10678.78
        },
        {
          "date": 1703721600,
          "value": 21781.37
        },
        {
          "date": 1703808000,
          "value": 9619.88
        },
        {
          "date": 1703894400,
          "value": 0.0
        },
        {
          "date": 1703980800,
          "value": 0.0
        }
      ],
      "calstartdate": "2023-01-01T00:00:00",
      "range": 12
    },
    {
      "data": [
        {
          "date": 1704067200,
          "value": 12547.11
        },
        {
          "date": 1704153600,
          "value": 5076.96
        },
        {
          "date": 1704240000,
          "value": -10830.62
        },
        {
          "date": 1704326400,
          "value": -3269.24
        },
        {
          "date": 1704412800,
          "value": 12501.09
        },
        {
          "date": 1704499200,
          "value": 0.0
        },
        {
          "date": 1704585600,
          "value": 0.0
        },
        {
          "date": 1704672000,
          "value": -66402.7
        },
        {
          "date": 1704758400,
          "value": 24273.52
        },
        {
          "date": 1704844800,
          "value": 20372.37
        },
        {
          "date": 1704931200,
          "value": 12507.67
        },
        {
          "date": 1705017600,
          "value": 4715.66
        },
        {
          "date": 1705104000,
          "value": 0.0
        },
        {
          "date": 1705190400,
          "value": 0.0
        },
        {
          "date": 1705276800,
          "value": -53023.04
        },
        {
          "date": 1705363200,
          "value": -3534.02
        },
        {
          "date": 1705449600,
          "value": 59436.81
        },
        {
          "date": 1705536000,
          "value": 10691.95
        },
        {
          "date": 1705622400,
          "value": 53522.94
        },
        {
          "date": 1705708800,
          "value": -4261.14
        },
        {
          "date": 1705795200,
          "value": 0.0
        },
        {
          "date": 1705881600,
          "value": 0.0
        },
        {
          "date": 1705968000,
          "value": -59599.48
        },
        {
          "date": 1706054400,
          "value": 15425.92
        },
        {
          "date": 1706140800,
          "value": -61970.02
        },
        {
          "date": 1706227200,
          "value": 0.0
        },
        {
          "date": 1706313600,
          "value": 0.0
        },
        {
          "date": 1706400000,
          "value": 0.0
        },
        {
          "date": 1706486400,
          "value": -48484.13
        },
        {
          "date": 1706572800,
          "value": 20251.79
        },
        {
          "date": 1706659200,
          "value": 16391.91
        },
        {
          "date": 1706745600,
          "value": 8990.66
        },
        {
          "date": 1706832000,
          "value": 12530.94
        },
        {
          "date": 1706918400,
          "value": 0.0
        },
        {
          "date": 1707004800,
          "value": 0.0
        },
        {
          "date": 1707091200,
          "value": -57864.94
        },
        {
          "date": 1707177600,
          "value": -13966.68
        },
        {
          "date": 1707264000,
          "value": 20210.15
        },
        {
          "date": 1707350400,
          "value": 19654.44
        },
        {
          "date": 1707436800,
          "value": 23552.63
        },
        {
          "date": 1707523200,
          "value": 0.0
        },
        {
          "date": 1707609600,
          "value": 0.0
        },
        {
          "date": 1707696000,
          "value": 24132.16
        },
        {
          "date": 1707782400,
          "value": 6728.51
        },
        {
          "date": 1707868800,
          "value": -13626.83
        },
        {
          "date": 1707955200,
          "value": -42234.15
        },
        {
          "date": 1708041600,
          "value": 5009.57
        },
        {
          "date": 1708128000,
          "value": 0.0
        },
        {
          "date": 1708214400,
          "value": 0.0
        },
        {
          "date": 1708300800,
          "value": 6159.72
        },
        {
          "date": 1708387200,
          "value": 7585.17
        },
        {
          "date": 1708473600,
          "value": 15519.51
        },
        {
          "date": 1708560000,
          "value": 31910.28
        },
        {
          "date": 1708646400,
          "value": -66556.86
        },
        {
          "date": 1708732800,
          "value": 0.0
        },
        {
          "date": 1708819200,
          "value": 0.0
        },
        {
          "date": 1708905600,
          "value": 2353.18
        },
        {
          "date": 1708992000,
          "value": -4660.27
        },
        {
          "date": 1709078400,
          "value": 26393.67
        },
        {
          "date": 1709164800,
          "value": -38496.05
        },
        {
          "date": 1709251200,
          "value": 29113.53
        },
        {
          "date": 1709337600,
          "value": 0.0
        },
        {
          "date": 1709424000,
          "value": 0.0
        },
        {
          "date": 1709510400,
          "value": 33105.25
        },
        {
          "date": 1709596800,
          "value": 13688.0
        },
        {
          "date": 1709683200,
          "value": 31802.72
        },
        {
          "date": 1709769600,
          "value": 35105.06
        },
        {
          "date": 1709856000,
          "value": 0.0
        },
        {
          "date": 1709942400,
          "value": 0.0
        },
        {
          "date": 1710028800,
          "value": 0.0
        },
        {
          "date": 1710115200,
          "value": 48720.74
        },
        {
          "date": 1710201600,
          "value": -70326.86
        },
        {
          "date": 1710288000,
          "value": 50129.8
        },
        {
          "date": 1710374400,
          "value": -9037.32
        },
        {
          "date": 1710460800,
          "value": 14524.77
        },
        {
          "date": 1710547200,
          "value": 0.0
        },
        {
          "date": 1710633600,
          "value": 0.0
        },
        {
          "date": 1710720000,
          "value": 22787.37
        },
        {
          "date": 1710806400,
          "value": 42128.1
        },
        {
          "date": 1710892800,
          "value": -1858.61
        }
      ],
      "calstartdate": "2024-01-01T00:00:00",
      "range": 12
    }
  ],
  "min": -65737.79800000001,
  "max": 49002.552,
  "startyear": 2023,
  "endyear": 2024
}