[
  {
    "pnl": -191321.610804,
    "pnlstr": null,
    "date": "0001-01-01T00:00:00",
    "weekday": "Monday",
    "charges": 0.0,
    "color": null
  },
  {
    "pnl": -4261.139231,
    "pnlstr": null,
    "date": "0001-01-01T00:00:00",
    "weekday": "Saturday",
    "charges": 0.0,
    "color": null
  },
  {
    "pnl": -3959.41338,
    "pnlstr": null,
    "date": "0001-01-01T00:00:00",
    "weekday": "Sunday",
    "charges": 0.0,
    "color": null
  },
  {
    "pnl": 96268.855476,
    "pnlstr": null,
    "date": "0001-01-01T00:00:00",
    "weekday": "Tuesday",
    "charges": 0.0,
    "color": null
  },
  {
    "pnl": 335547.362909,
    "pnlstr": null,
    "date": "0001-01-01T00:00:00",
    "weekday": "Wednesday",
    "charges": 0.0,
    "color": null
  },
  {
    "pnl": 52837.827065000005,
    "pnlstr": null,
    "date": "0001-01-01T00:00:00",
    "weekday": "Friday",
    "charges": 0.0,
    "color": null
  },
  {
    "pnl": 71134.84511,
    "pnlstr": null,
    "date": "0001-01-01T00:00:00",
    "weekday": "Thursday",
    "charges": 0.0,
    "color": null
  }
]