[
  {
    "pnl": 52734.75,
    "netpnl": 51175.718136,
    "date": "2023-09-01T00:00:00",
    "weekday": "Sep 2023",
    "charges": 1559.031864,
    "color": null
  },
  {
    "pnl": 114818.25,
    "netpnl": 102501.91162,
    "date": "2023-10-01T00:00:00",
    "weekday": "Oct 2023",
    "charges": 12316.33838,
    "color": null
  },
  {
    "pnl": -82428.0,
    "netpnl": -96790.902866,
    "date": "2023-11-01T00:00:00",
    "weekday": "Nov 2023",
    "charges": 14362.902866,
    "color": null
  },
  {
    "pnl": 141763.5,
    "netpnl": 129811.35021100001,
    "date": "2023-12-01T00:00:00",
    "weekday": "Dec 2023",
    "charges": 11952.149789,
    "color": null
  },
  {
    "pnl": -20586.5,
    "netpnl": -43658.71800700001,
    "date": "2024-01-01T00:00:00",
    "weekday": "Jan 2024",
    "charges": 23072.218007,
    "color": null
  },
  {
    "pnl": -19336.5,
    "netpnl": -26675.179290999993,
    "date": "2024-02-01T00:00:00",
    "weekday": "Feb 2024",
    "charges": 7338.6792909999995,
    "color": null
  },
  {
    "pnl": 245287.5,
    "netpnl": 239882.54734199998,
    "date": "2024-03-01T00:00:00",
    "weekday": "Mar 2024",
    "charges": 5404.952658,
    "color": null
  }
]