[
  {
    "pnl": 52734.75,
    "date": "2023-09-01T00:00:00",
    "weekday": "Sep 2023",
    "netpnl": 51175.718136
  },
  {
    "pnl": 167553.0,
    "date": "2023-10-01T00:00:00",
    "weekday": "Oct 2023",
    "netpnl": 153677.629756
  },
  {
    "pnl": 85125.0,
    "date": "2023-11-01T00:00:00",
    "weekday": "Nov 2023",
    "netpnl": 56886.726890000005
  },
  {
    "pnl": 226888.5,
    "date": "2023-12-01T00:00:00",
    "weekday": "Dec 2023",
    "netpnl": 186698.077101
  },
  {
    "pnl": 206302.0,
    "date": "2024-01-01T00:00:00",
    "weekday": "Jan 2024",
    "netpnl": 143039.35909399998
  },
  {
    "pnl": 186965.5,
    "date": "2024-02-01T00:00:00",
    "weekday": "Feb 2024",
    "netpnl": 116364.17980299999
  },
  {
    "pnl": 432253.0,
    "date": "2024-03-01T00:00:00",
    "weekday": "Mar 2024",
    "netpnl": 356246.72714499995
  }
]