{
  "capital": 0.0,
  "totaltradingdays": 121,
  "windays": 77,
  "lossdays": 44,
  "maxwinningstreakdays": 8,
  "maxlosingstreakdays": 6,
  "maxdddays": 124,
  "maxdddaysstr": "07/11/2023 to 10/03/2024",
  "rewardtorisk": 0.0,
  "winrate": 63.63636363636363,
  "lossrate": 36.36363636363637,
  "avgmonthlyprofit": 44530.84089312498,
  "totalprofit": 356246.72714499984,
  "maxprofitaday": 59436.81,
  "maxlossaday": -70326.86,
  "avgprofit_lossdaily": 1979.1483888888886,
  "avgprofitonprofitdays": 18939.952987012988,
  "avglossonlossdays": -25048.4015909091,
  "maxdrawdown": 235880.19901500002,
  "maxdrawdownper": 0.0,
  "avgmonthlyprofitstr": "44.53K",
  "totalprofitstr": "3.56L",
  "maxprofitadaystr": "59.44K",
  "maxlossadaystr": "-70.33K",
  "avgprofit_lossdailystr": "1.98K",
  "avgprofitonprofitdaysstr": "18.94K",
  "avglossonlossdaysstr": "-25.05K",
  "maxdrawdownstr": "2.36L",
  "expectancyratio": 0.0
}