[
  {
    "pnl": 0.0,
    "date": "2023-09-18T00:00:00",
    "weekday": "Sep 2023",
    "netpnl": 0.0
  },
  {
    "pnl": 52734.75,
    "date": "2023-09-25T00:00:00",
    "weekday": "Sep 2023",
    "netpnl": 51175.718136
  },
  {
    "pnl": 56191.5,
    "date": "2023-10-02T00:00:00",
    "weekday": "Oct 2023",
    "netpnl": 52004.398438000004
  },
  {
    "pnl": 57935.25,
    "date": "2023-10-09T00:00:00",
    "weekday": "Oct 2023",
    "netpnl": 50618.489324
  },
  {
    "pnl": 68224.5,
    "date": "2023-10-16T00:00:00",
    "weekday": "Oct 2023",
    "netpnl": 57125.418608
  },
  {
    "pnl": 156750.0,
    "date": "2023-10-23T00:00:00",
    "weekday": "Oct 2023",
    "netpnl": 143491.861324
  },
  {
    "pnl": 238547.25,
    "date": "2023-10-30T00:00:00",
    "weekday": "Oct 2023",
    "netpnl": 221935.069441
  },
  {
    "pnl": 212444.25,
    "date": "2023-11-06T00:00:00",
    "weekday": "Nov 2023",
    "netpnl": 189687.390064
  },
  {
    "pnl": 156773.25,
    "date": "2023-11-13T00:00:00",
    "weekday": "Nov 2023",
    "netpnl": 131881.495917
  },
  {
    "pnl": 81300.0,
    "date": "2023-11-20T00:00:00",
    "weekday": "Nov 2023",
    "netpnl": 53869.012483
  },
  {
    "pnl": 91646.25,
    "date": "2023-11-27T00:00:00",
    "weekday": "Nov 2023",
    "netpnl": 62927.686343999994
  },
  {
    "pnl": 131095.5,
    "date": "2023-12-04T00:00:00",
    "weekday": "Dec 2023",
    "netpnl": 100113.10895599998
  },
  {
    "pnl": 171196.5,
    "date": "2023-12-11T00:00:00",
    "weekday": "Dec 2023",
    "netpnl": 136377.75003599998
  },
  {
    "pnl": 183424.5,
    "date": "2023-12-18T00:00:00",
    "weekday": "Dec 2023",
    "netpnl": 145849.849238
  },
  {
    "pnl": 226888.5,
    "date": "2023-12-25T00:00:00",
    "weekday": "Dec 2023",
    "netpnl": 186698.077101
  },
  {
    "pnl": 245715.0,
    "date": "2024-01-01T00:00:00",
    "weekday": "Jan 2024",
    "netpnl": 202723.36923
  },
  {
    "pnl": 243562.5,
    "date": "2024-01-08T00:00:00",
    "weekday": "Jan 2024",
    "netpnl": 198189.880872
  },
  {
    "pnl": 313334.25,
    "date": "2024-01-15T00:00:00",
    "weekday": "Jan 2024",
    "netpnl": 261023.37242700002
  },
  {
    "pnl": 216481.75,
    "date": "2024-01-22T00:00:00",
    "weekday": "Jan 2024",
    "netpnl": 154879.79872800002
  },
  {
    "pnl": 228514.75,
    "date": "2024-01-29T00:00:00",
    "weekday": "Jan 2024",
    "netpnl": 164560.95402000003
  },
  {
    "pnl": 221692.0,
    "date": "2024-02-05T00:00:00",
    "weekday": "Feb 2024",
    "netpnl": 156146.55753500003
  },
  {
    "pnl": 203776.75,
    "date": "2024-02-12T00:00:00",
    "weekday": "Feb 2024",
    "netpnl": 136155.81272700004
  },
  {
    "pnl": 200285.5,
    "date": "2024-02-19T00:00:00",
    "weekday": "Feb 2024",
    "netpnl": 130773.64288000004
  },
  {
    "pnl": 216263.5,
    "date": "2024-02-26T00:00:00",
    "weekday": "Feb 2024",
    "netpnl": 145477.71110400005
  },
  {
    "pnl": 331099.0,
    "date": "2024-03-04T00:00:00",
    "weekday": "Mar 2024",
    "netpnl": 259178.74936300004
  },
  {
    "pnl": 367657.75,
    "date": "2024-03-11T00:00:00",
    "weekday": "Mar 2024",
    "netpnl": 293189.87668800005
  },
  {
    "pnl": 432253.0,
    "date": "2024-03-18T00:00:00",
    "weekday": "Mar 2024",
    "netpnl": 356246.72714500007
  }
]