[
  {
    "pnl": 0.0,
    "netpnl": 0.0,
    "date": "2023-09-18T00:00:00",
    "weekday": "Sep 2023",
    "charges": 0.0,
    "color": null
  },
  {
    "pnl": 52734.75,
    "netpnl": 51175.718136,
    "date": "2023-09-25T00:00:00",
    "weekday": "Sep 2023",
    "charges": 1559.031864,
    "color": null
  },
  {
    "pnl": 3456.75,
    "netpnl": 828.6803019999988,
    "date": "2023-10-02T00:00:00",
    "weekday": "Oct 2023",
    "charges": 2628.0696980000002,
    "color": null
  },
  {
    "pnl": 1743.75,
    "netpnl": -1385.9091140000019,
    "date": "2023-10-09T00:00:00",
    "weekday": "Oct 2023",
    "charges": 3129.659114,
    "color": null
  },
  {
    "pnl": 10289.25,
    "netpnl": 6506.929284,
    "date": "2023-10-16T00:00:00",
    "weekday": "Oct 2023",
    "charges": 3782.320716,
    "color": null
  },
  {
    "pnl": 88525.5,
    "netpnl": 86366.442716,
    "date": "2023-10-23T00:00:00",
    "weekday": "Oct 2023",
    "charges": 2159.057284,
    "color": null
  },
  {
    "pnl": 81797.25,
    "netpnl": 78443.208117,
    "date": "2023-10-30T00:00:00",
    "weekday": "Oct 2023",
    "charges": 3354.041883,
    "color": null
  },
  {
    "pnl": -26103.0,
    "netpnl": -32247.679377,
    "date": "2023-11-06T00:00:00",
    "weekday": "Nov 2023",
    "charges": 6144.679377,
    "color": null
  },
  {
    "pnl": -55671.0,
    "netpnl": -57805.894147,
    "date": "2023-11-13T00:00:00",
    "weekday": "Nov 2023",
    "charges": 2134.894147,
    "color": null
  },
  {
    "pnl": -75473.25,
    "netpnl": -78012.483434,
    "date": "2023-11-20T00:00:00",
    "weekday": "Nov 2023",
    "charges": 2539.233434,
    "color": null
  },
  {
    "pnl": 10346.25,
    "netpnl": 9058.673860999997,
    "date": "2023-11-27T00:00:00",
    "weekday": "Nov 2023",
    "charges": 1287.576139,
    "color": null
  },
  {
    "pnl": 39449.25,
    "netpnl": 37185.422611999995,
    "date": "2023-12-04T00:00:00",
    "weekday": "Dec 2023",
    "charges": 2263.827388,
    "color": null
  },
  {
    "pnl": 40101.0,
    "netpnl": 36264.64108,
    "date": "2023-12-11T00:00:00",
    "weekday": "Dec 2023",
    "charges": 3836.35892,
    "color": null
  },
  {
    "pnl": 12228.0,
    "netpnl": 9472.099202000001,
    "date": "2023-12-18T00:00:00",
    "weekday": "Dec 2023",
    "charges": 2755.9007979999997,
    "color": null
  },
  {
    "pnl": 43464.0,
    "netpnl": 40848.227863,
    "date": "2023-12-25T00:00:00",
    "weekday": "Dec 2023",
    "charges": 2615.772137,
    "color": null
  },
  {
    "pnl": 18826.5,
    "netpnl": 16025.292128999998,
    "date": "2024-01-01T00:00:00",
    "weekday": "Jan 2024",
    "charges": 2801.207871,
    "color": null
  },
  {
    "pnl": -2152.5,
    "netpnl": -4533.488358000002,
    "date": "2024-01-08T00:00:00",
    "weekday": "Jan 2024",
    "charges": 2380.988358,
    "color": null
  },
  {
    "pnl": 69771.75,
    "netpnl": 62833.491555,
    "date": "2024-01-15T00:00:00",
    "weekday": "Jan 2024",
    "charges": 6938.258445,
    "color": null
  },
  {
    "pnl": -96852.5,
    "netpnl": -106143.573699,
    "date": "2024-01-22T00:00:00",
    "weekday": "Jan 2024",
    "charges": 9291.073699,
    "color": null
  },
  {
    "pnl": 12033.0,
    "netpnl": 9681.155292,
    "date": "2024-01-29T00:00:00",
    "weekday": "Jan 2024",
    "charges": 2351.844708,
    "color": null
  },
  {
    "pnl": -6822.75,
    "netpnl": -8414.396484999997,
    "date": "2024-02-05T00:00:00",
    "weekday": "Feb 2024",
    "charges": 1591.646485,
    "color": null
  },
  {
    "pnl": -17915.25,
    "netpnl": -19990.744808000003,
    "date": "2024-02-12T00:00:00",
    "weekday": "Feb 2024",
    "charges": 2075.494808,
    "color": null
  },
  {
    "pnl": -3491.25,
    "netpnl": -5382.169846999997,
    "date": "2024-02-19T00:00:00",
    "weekday": "Feb 2024",
    "charges": 1890.9198470000001,
    "color": null
  },
  {
    "pnl": 15978.0,
    "netpnl": 14704.068223999999,
    "date": "2024-02-26T00:00:00",
    "weekday": "Feb 2024",
    "charges": 1273.9317760000001,
    "color": null
  },
  {
    "pnl": 114835.5,
    "netpnl": 113701.038259,
    "date": "2024-03-04T00:00:00",
    "weekday": "Mar 2024",
    "charges": 1134.461741,
    "color": null
  },
  {
    "pnl": 36558.75,
    "netpnl": 34011.127324999994,
    "date": "2024-03-11T00:00:00",
    "weekday": "Mar 2024",
    "charges": 2547.622675,
    "color": null
  },
  {
    "pnl": 64595.25,
    "netpnl": 63056.850457,
    "date": "2024-03-18T00:00:00",
    "weekday": "Mar 2024",
    "charges": 1538.399543,
    "color": null
  }
]