[
  {
    "pnl": 0.0,
    "date": "2023-09-12T00:00:00",
    "weekday": "Sep 2023",
    "netpnl": 8938.926272
  },
  {
    "pnl": -2423.385104,
    "date": "2023-09-13T00:00:00",
    "weekday": "Sep 2023",
    "netpnl": 6515.541168000001
  },
  {
    "pnl": 0.0,
    "date": "2023-09-14T00:00:00",
    "weekday": "Sep 2023",
    "netpnl": 29061.525672
  },
  {
    "pnl": 0.0,
    "date": "2023-09-15T00:00:00",
    "weekday": "Sep 2023",
    "netpnl": 31744.617156
  },
  {
    "pnl": 0.0,
    "date": "2023-09-16T00:00:00",
    "weekday": "Sep 2023",
    "netpnl": 31744.617156
  },
  {
    "pnl": 0.0,
    "date": "2023-09-17T00:00:00",
    "weekday": "Sep 2023",
    "netpnl": 31744.617156
  },
  {
    "pnl": 0.0,
    "date": "2023-09-18T00:00:00",
    "weekday": "Sep 2023",
    "netpnl": 46760.412768
  },
  {
    "pnl": 0.0,
    "date": "2023-09-19T00:00:00",
    "weekday": "Sep 2023",
    "netpnl": 46760.412768
  },
  {
    "pnl": 0.0,
    "date": "2023-09-20T00:00:00",
    "weekday": "Sep 2023",
    "netpnl": 85155.931532
  },
  {
    "pnl": 0.0,
    "date": "2023-09-21T00:00:00",
    "weekday": "Sep 2023",
    "netpnl": 102152.34325800001
  },
  {
    "pnl": -66359.535281,
    "date": "2023-09-22T00:00:00",
    "weekday": "Sep 2023",
    "netpnl": 35792.807977000004
  },
  {
    "pnl": -66359.535281,
    "date": "2023-09-23T00:00:00",
    "weekday": "Sep 2023",
    "netpnl": 35792.807977000004
  },
  {
    "pnl": -66359.535281,
    "date": "2023-09-24T00:00:00",
    "weekday": "Sep 2023",
    "netpnl": 35792.807977000004
  },
  {
    "pnl": -62710.882073,
    "date": "2023-09-25T00:00:00",
    "weekday": "Sep 2023",
    "netpnl": 39441.46118500001
  },
  {
    "pnl": -62605.250228,
    "date": "2023-09-26T00:00:00",
    "weekday": "Sep 2023",
    "netpnl": 39547.09303000001
  },
  {
    "pnl": -36845.737095,
    "date": "2023-09-27T00:00:00",
    "weekday": "Sep 2023",
    "netpnl": 65306.60616300001
  },
  {
    "pnl": -16411.663075999997,
    "date": "2023-09-28T00:00:00",
    "weekday": "Sep 2023",
    "netpnl": 85740.68018200001
  },
  {
    "pnl": -15183.817144999994,
    "date": "2023-09-29T00:00:00",
    "weekday": "Sep 2023",
    "netpnl": 86968.52611300001
  },
  {
    "pnl": -15183.817144999994,
    "date": "2023-09-30T00:00:00",
    "weekday": "Sep 2023",
    "netpnl": 86968.52611300001
  },
  {
    "pnl": -15183.817144999994,
    "date": "2023-10-01T00:00:00",
    "weekday": "Oct 2023",
    "netpnl": 86968.52611300001
  },
  {
    "pnl": -15183.817144999994,
    "date": "2023-10-02T00:00:00",
    "weekday": "Oct 2023",
    "netpnl": 86968.52611300001
  },
  {
    "pnl": -9630.439264,
    "date": "2023-10-03T00:00:00",
    "weekday": "Oct 2023",
    "netpnl": 92521.90399400001
  },
  {
    "pnl": 0.0,
    "date": "2023-10-04T00:00:00",
    "weekday": "Oct 2023",
    "netpnl": 114563.907666
  },
  {
    "pnl": -16049.58589799999,
    "date": "2023-10-05T00:00:00",
    "weekday": "Oct 2023",
    "netpnl": 98514.32176800001
  },
  {
    "pnl": -26766.70125099999,
    "date": "2023-10-06T00:00:00",
    "weekday": "Oct 2023",
    "netpnl": 87797.20641500001
  },
  {
    "pnl": -26766.70125099999,
    "date": "2023-10-07T00:00:00",
    "weekday": "Oct 2023",
    "netpnl": 87797.20641500001
  },
  {
    "pnl": -26766.70125099999,
    "date": "2023-10-08T00:00:00",
    "weekday": "Oct 2023",
    "netpnl": 87797.20641500001
  },
  {
    "pnl": -17597.275805000012,
    "date": "2023-10-09T00:00:00",
    "weekday": "Oct 2023",
    "netpnl": 96966.63186099999
  },
  {
    "pnl": -3372.1038460000127,
    "date": "2023-10-10T00:00:00",
    "weekday": "Oct 2023",
    "netpnl": 111191.80381999999
  },
  {
    "pnl": -3349.899793999997,
    "date": "2023-10-11T00:00:00",
    "weekday": "Oct 2023",
    "netpnl": 111214.007872
  },
  {
    "pnl": 0.0,
    "date": "2023-10-12T00:00:00",
    "weekday": "Oct 2023",
    "netpnl": 117991.35532799999
  },
  {
    "pnl": -31580.058026999992,
    "date": "2023-10-13T00:00:00",
    "weekday": "Oct 2023",
    "netpnl": 86411.297301
  },
  {
    "pnl": -31580.058026999992,
    "date": "2023-10-14T00:00:00",
    "weekday": "Oct 2023",
    "netpnl": 86411.297301
  },
  {
    "pnl": -31580.058026999992,
    "date": "2023-10-15T00:00:00",
    "weekday": "Oct 2023",
    "netpnl": 86411.297301
  },
  {
    "pnl": -64946.08417999998,
    "date": "2023-10-16T00:00:00",
    "weekday": "Oct 2023",
    "netpnl": 53045.27114800001
  },
  {
    "pnl": -46968.56204799999,
    "date": "2023-10-17T00:00:00",
    "weekday": "Oct 2023",
    "netpnl": 71022.79328
  },
  {
    "pnl": -43116.675682,
    "date": "2023-10-18T00:00:00",
    "weekday": "Oct 2023",
    "netpnl": 74874.67964599999
  },
  {
    "pnl": -36076.723921,
    "date": "2023-10-19T00:00:00",
    "weekday": "Oct 2023",
    "netpnl": 81914.631407
  },
  {
    "pnl": -25073.12874299998,
    "date": "2023-10-20T00:00:00",
    "weekday": "Oct 2023",
    "netpnl": 92918.22658500001
  },
  {
    "pnl": -25073.12874299998,
    "date": "2023-10-21T00:00:00",
    "weekday": "Oct 2023",
    "netpnl": 92918.22658500001
  },
  {
    "pnl": -25073.12874299998,
    "date": "2023-10-22T00:00:00",
    "weekday": "Oct 2023",
    "netpnl": 92918.22658500001
  },
  {
    "pnl": -6163.349863999989,
    "date": "2023-10-23T00:00:00",
    "weekday": "Oct 2023",
    "netpnl": 111828.005464
  },
  {
    "pnl": -6163.349863999989,
    "date": "2023-10-24T00:00:00",
    "weekday": "Oct 2023",
    "netpnl": 111828.005464
  },
  {
    "pnl": -5324.036457999988,
    "date": "2023-10-25T00:00:00",
    "weekday": "Oct 2023",
    "netpnl": 112667.31887
  },
  {
    "pnl": 0.0,
    "date": "2023-10-26T00:00:00",
    "weekday": "Oct 2023",
    "netpnl": 145495.419332
  },
  {
    "pnl": 0.0,
    "date": "2023-10-27T00:00:00",
    "weekday": "Oct 2023",
    "netpnl": 179284.669301
  },
  {
    "pnl": 0.0,
    "date": "2023-10-28T00:00:00",
    "weekday": "Oct 2023",
    "netpnl": 179284.669301
  },
  {
    "pnl": 0.0,
    "date": "2023-10-29T00:00:00",
    "weekday": "Oct 2023",
    "netpnl": 179284.669301
  },
  {
    "pnl": -11170.417760000011,
    "date": "2023-10-30T00:00:00",
    "weekday": "Oct 2023",
    "netpnl": 168114.25154099998
  },
  {
    "pnl": 0.0,
    "date": "2023-10-31T00:00:00",
    "weekday": "Oct 2023",
    "netpnl": 189470.43773299997
  },
  {
    "pnl": 0.0,
    "date": "2023-11-01T00:00:00",
    "weekday": "Nov 2023",
    "netpnl": 215164.06029499997
  },
  {
    "pnl": 0.0,
    "date": "2023-11-02T00:00:00",
    "weekday": "Nov 2023",
    "netpnl": 265419.842876
  },
  {
    "pnl": -7691.96545800005,
    "date": "2023-11-03T00:00:00",
    "weekday": "Nov 2023",
    "netpnl": 257727.87741799993
  },
  {
    "pnl": -7691.96545800005,
    "date": "2023-11-04T00:00:00",
    "weekday": "Nov 2023",
    "netpnl": 257727.87741799993
  },
  {
    "pnl": -7691.96545800005,
    "date": "2023-11-05T00:00:00",
    "weekday": "Nov 2023",
    "netpnl": 257727.87741799993
  },
  {
    "pnl": 0.0,
    "date": "2023-11-06T00:00:00",
    "weekday": "Nov 2023",
    "netpnl": 268527.05909299996
  },
  {
    "pnl": 0.0,
    "date": "2023-11-07T00:00:00",
    "weekday": "Nov 2023",
    "netpnl": 311288.74935099995
  },
  {
    "pnl": -25829.567205999978,
    "date": "2023-11-08T00:00:00",
    "weekday": "Nov 2023",
    "netpnl": 285459.18214499997
  },
  {
    "pnl": -51610.60966499997,
    "date": "2023-11-09T00:00:00",
    "weekday": "Nov 2023",
    "netpnl": 259678.13968599998
  },
  {
    "pnl": -81849.13792999997,
    "date": "2023-11-10T00:00:00",
    "weekday": "Nov 2023",
    "netpnl": 229439.61142099998
  },
  {
    "pnl": -81849.13792999997,
    "date": "2023-11-11T00:00:00",
    "weekday": "Nov 2023",
    "netpnl": 229439.61142099998
  },
  {
    "pnl": -85808.55130999998,
    "date": "2023-11-12T00:00:00",
    "weekday": "Nov 2023",
    "netpnl": 225480.19804099997
  },
  {
    "pnl": -123411.46080299997,
    "date": "2023-11-13T00:00:00",
    "weekday": "Nov 2023",
    "netpnl": 187877.28854799998
  },
  {
    "pnl": -123411.46080299997,
    "date": "2023-11-14T00:00:00",
    "weekday": "Nov 2023",
    "netpnl": 187877.28854799998
  },
  {
    "pnl": -127333.72457799996,
    "date": "2023-11-15T00:00:00",
    "weekday": "Nov 2023",
    "netpnl": 183955.02477299998
  },
  {
    "pnl": -107657.81234599996,
    "date": "2023-11-16T00:00:00",
    "weekday": "Nov 2023",
    "netpnl": 203630.93700499999
  },
  {
    "pnl": -143614.44545699997,
    "date": "2023-11-17T00:00:00",
    "weekday": "Nov 2023",
    "netpnl": 167674.30389399998
  },
  {
    "pnl": -143614.44545699997,
    "date": "2023-11-18T00:00:00",
    "weekday": "Nov 2023",
    "netpnl": 167674.30389399998
  },
  {
    "pnl": -143614.44545699997,
    "date": "2023-11-19T00:00:00",
    "weekday": "Nov 2023",
    "netpnl": 167674.30389399998
  },
  {
    "pnl": -190564.21159599995,
    "date": "2023-11-20T00:00:00",
    "weekday": "Nov 2023",
    "netpnl": 120724.53775499998
  },
  {
    "pnl": -210515.15793999995,
    "date": "2023-11-21T00:00:00",
    "weekday": "Nov 2023",
    "netpnl": 100773.59141099999
  },
  {
    "pnl": -192948.93383599995,
    "date": "2023-11-22T00:00:00",
    "weekday": "Nov 2023",
    "netpnl": 118339.815515
  },
  {
    "pnl": -211080.17301099995,
    "date": "2023-11-23T00:00:00",
    "weekday": "Nov 2023",
    "netpnl": 100208.57634
  },
  {
    "pnl": -221626.92889099993,
    "date": "2023-11-24T00:00:00",
    "weekday": "Nov 2023",
    "netpnl": 89661.82046
  },
  {
    "pnl": -221626.92889099993,
    "date": "2023-11-25T00:00:00",
    "weekday": "Nov 2023",
    "netpnl": 89661.82046
  },
  {
    "pnl": -221626.92889099993,
    "date": "2023-11-26T00:00:00",
    "weekday": "Nov 2023",
    "netpnl": 89661.82046
  },
  {
    "pnl": -221626.92889099993,
    "date": "2023-11-27T00:00:00",
    "weekday": "Nov 2023",
    "netpnl": 89661.82046
  },
  {
    "pnl": -224116.87865799994,
    "date": "2023-11-28T00:00:00",
    "weekday": "Nov 2023",
    "netpnl": 87171.870693
  },
  {
    "pnl": -235880.19901499987,
    "date": "2023-11-29T00:00:00",
    "weekday": "Nov 2023",
    "netpnl": 75408.55033600007
  },
  {
    "pnl": -218609.21448399997,
    "date": "2023-11-30T00:00:00",
    "weekday": "Nov 2023",
    "netpnl": 92679.53486699998
  },
  {
    "pnl": -212568.25503000003,
    "date": "2023-12-01T00:00:00",
    "weekday": "Dec 2023",
    "netpnl": 98720.49432099992
  },
  {
    "pnl": -212568.25503000003,
    "date": "2023-12-02T00:00:00",
    "weekday": "Dec 2023",
    "netpnl": 98720.49432099992
  },
  {
    "pnl": -212568.25503000003,
    "date": "2023-12-03T00:00:00",
    "weekday": "Dec 2023",
    "netpnl": 98720.49432099992
  },
  {
    "pnl": -212568.25503000003,
    "date": "2023-12-04T00:00:00",
    "weekday": "Dec 2023",
    "netpnl": 98720.49432099992
  },
  {
    "pnl": -190285.99081799996,
    "date": "2023-12-05T00:00:00",
    "weekday": "Dec 2023",
    "netpnl": 121002.75853299999
  },
  {
    "pnl": -159200.17567599996,
    "date": "2023-12-06T00:00:00",
    "weekday": "Dec 2023",
    "netpnl": 152088.573675
  },
  {
    "pnl": -159942.092926,
    "date": "2023-12-07T00:00:00",
    "weekday": "Dec 2023",
    "netpnl": 151346.65642499994
  },
  {
    "pnl": -175382.83241799992,
    "date": "2023-12-08T00:00:00",
    "weekday": "Dec 2023",
    "netpnl": 135905.91693300003
  },
  {
    "pnl": -175382.83241799992,
    "date": "2023-12-09T00:00:00",
    "weekday": "Dec 2023",
    "netpnl": 135905.91693300003
  },
  {
    "pnl": -175382.83241799992,
    "date": "2023-12-10T00:00:00",
    "weekday": "Dec 2023",
    "netpnl": 135905.91693300003
  },
  {
    "pnl": -206198.93635,
    "date": "2023-12-11T00:00:00",
    "weekday": "Dec 2023",
    "netpnl": 105089.81300099994
  },
  {
    "pnl": -200917.31714799997,
    "date": "2023-12-12T00:00:00",
    "weekday": "Dec 2023",
    "netpnl": 110371.43220299997
  },
  {
    "pnl": -179725.16068099992,
    "date": "2023-12-13T00:00:00",
    "weekday": "Dec 2023",
    "netpnl": 131563.58867000003
  },
  {
    "pnl": -158640.50706099998,
    "date": "2023-12-14T00:00:00",
    "weekday": "Dec 2023",
    "netpnl": 152648.24228999997
  },
  {
    "pnl": -139118.1913379999,
    "date": "2023-12-15T00:00:00",
    "weekday": "Dec 2023",
    "netpnl": 172170.55801300006
  },
  {
    "pnl": -139118.1913379999,
    "date": "2023-12-16T00:00:00",
    "weekday": "Dec 2023",
    "netpnl": 172170.55801300006
  },
  {
    "pnl": -139118.1913379999,
    "date": "2023-12-17T00:00:00",
    "weekday": "Dec 2023",
    "netpnl": 172170.55801300006
  },
  {
    "pnl": -137092.33304399997,
    "date": "2023-12-18T00:00:00",
    "weekday": "Dec 2023",
    "netpnl": 174196.41630699998
  },
  {
    "pnl": -114338.984437,
    "date": "2023-12-19T00:00:00",
    "weekday": "Dec 2023",
    "netpnl": 196949.76491399994
  },
  {
    "pnl": -125374.77802199998,
    "date": "2023-12-20T00:00:00",
    "weekday": "Dec 2023",
    "netpnl": 185913.97132899996
  },
  {
    "pnl": -154537.606194,
    "date": "2023-12-21T00:00:00",
    "weekday": "Dec 2023",
    "netpnl": 156751.14315699995
  },
  {
    "pnl": -129646.09213599993,
    "date": "2023-12-22T00:00:00",
    "weekday": "Dec 2023",
    "netpnl": 181642.657215
  },
  {
    "pnl": -129646.09213599993,
    "date": "2023-12-23T00:00:00",
    "weekday": "Dec 2023",
    "netpnl": 181642.657215
  },
  {
    "pnl": -129646.09213599993,
    "date": "2023-12-24T00:00:00",
    "weekday": "Dec 2023",
    "netpnl": 181642.657215
  },
  {
    "pnl": -129646.09213599993,
    "date": "2023-12-25T00:00:00",
    "weekday": "Dec 2023",
    "netpnl": 181642.657215
  },
  {
    "pnl": -130877.8917129999,
    "date": "2023-12-26T00:00:00",
    "weekday": "Dec 2023",
    "netpnl": 180410.85763800004
  },
  {
    "pnl": -120199.11586200004,
    "date": "2023-12-27T00:00:00",
    "weekday": "Dec 2023",
    "netpnl": 191089.6334889999
  },
  {
    "pnl": -98417.74772600003,
    "date": "2023-12-28T00:00:00",
    "weekday": "Dec 2023",
    "netpnl": 212871.00162499992
  },
  {
    "pnl": -88797.86427300016,
    "date": "2023-12-29T00:00:00",
    "weekday": "Dec 2023",
    "netpnl": 222490.8850779998
  },
  {
    "pnl": -88797.86427300016,
    "date": "2023-12-30T00:00:00",
    "weekday": "Dec 2023",
    "netpnl": 222490.8850779998
  },
  {
    "pnl": -88797.86427300016,
    "date": "2023-12-31T00:00:00",
    "weekday": "Dec 2023",
    "netpnl": 222490.8850779998
  },
  {
    "pnl": -76250.75404100012,
    "date": "2024-01-01T00:00:00",
    "weekday": "Jan 2024",
    "netpnl": 235037.99530999982
  },
  {
    "pnl": -71173.7980540001,
    "date": "2024-01-02T00:00:00",
    "weekday": "Jan 2024",
    "netpnl": 240114.95129699985
  },
  {
    "pnl": -82004.41608600016,
    "date": "2024-01-03T00:00:00",
    "weekday": "Jan 2024",
    "netpnl": 229284.3332649998
  },
  {
    "pnl": -85273.6601320001,
    "date": "2024-01-04T00:00:00",
    "weekday": "Jan 2024",
    "netpnl": 226015.08921899984
  },
  {
    "pnl": -72772.57214400006,
    "date": "2024-01-05T00:00:00",
    "weekday": "Jan 2024",
    "netpnl": 238516.17720699988
  },
  {
    "pnl": -72772.57214400006,
    "date": "2024-01-06T00:00:00",
    "weekday": "Jan 2024",
    "netpnl": 238516.17720699988
  },
  {
    "pnl": -72772.57214400006,
    "date": "2024-01-07T00:00:00",
    "weekday": "Jan 2024",
    "netpnl": 238516.17720699988
  },
  {
    "pnl": -139175.26874099998,
    "date": "2024-01-08T00:00:00",
    "weekday": "Jan 2024",
    "netpnl": 172113.48060999997
  },
  {
    "pnl": -114901.75341300003,
    "date": "2024-01-09T00:00:00",
    "weekday": "Jan 2024",
    "netpnl": 196386.99593799992
  },
  {
    "pnl": -94529.38840700011,
    "date": "2024-01-10T00:00:00",
    "weekday": "Jan 2024",
    "netpnl": 216759.36094399984
  },
  {
    "pnl": -82021.71764100017,
    "date": "2024-01-11T00:00:00",
    "weekday": "Jan 2024",
    "netpnl": 229267.03170999978
  },
  {
    "pnl": -77306.06050200012,
    "date": "2024-01-12T00:00:00",
    "weekday": "Jan 2024",
    "netpnl": 233982.68884899982
  },
  {
    "pnl": -77306.06050200012,
    "date": "2024-01-13T00:00:00",
    "weekday": "Jan 2024",
    "netpnl": 233982.68884899982
  },
  {
    "pnl": -77306.06050200012,
    "date": "2024-01-14T00:00:00",
    "weekday": "Jan 2024",
    "netpnl": 233982.68884899982
  },
  {
    "pnl": -130329.10544899991,
    "date": "2024-01-15T00:00:00",
    "weekday": "Jan 2024",
    "netpnl": 180959.64390200004
  },
  {
    "pnl": -133863.12756199995,
    "date": "2024-01-16T00:00:00",
    "weekday": "Jan 2024",
    "netpnl": 177425.621789
  },
  {
    "pnl": -74426.32040400009,
    "date": "2024-01-17T00:00:00",
    "weekday": "Jan 2024",
    "netpnl": 236862.42894699986
  },
  {
    "pnl": -63734.36830400009,
    "date": "2024-01-18T00:00:00",
    "weekday": "Jan 2024",
    "netpnl": 247554.38104699986
  },
  {
    "pnl": -10211.429716000042,
    "date": "2024-01-19T00:00:00",
    "weekday": "Jan 2024",
    "netpnl": 301077.3196349999
  },
  {
    "pnl": -14472.568947000022,
    "date": "2024-01-20T00:00:00",
    "weekday": "Jan 2024",
    "netpnl": 296816.1804039999
  },
  {
    "pnl": -14472.568947000022,
    "date": "2024-01-21T00:00:00",
    "weekday": "Jan 2024",
    "netpnl": 296816.1804039999
  },
  {
    "pnl": -14472.568947000022,
    "date": "2024-01-22T00:00:00",
    "weekday": "Jan 2024",
    "netpnl": 296816.1804039999
  },
  {
    "pnl": -74072.04486100012,
    "date": "2024-01-23T00:00:00",
    "weekday": "Jan 2024",
    "netpnl": 237216.70448999983
  },
  {
    "pnl": -58646.12680200007,
    "date": "2024-01-24T00:00:00",
    "weekday": "Jan 2024",
    "netpnl": 252642.62254899988
  },
  {
    "pnl": -120616.14264600002,
    "date": "2024-01-25T00:00:00",
    "weekday": "Jan 2024",
    "netpnl": 190672.60670499993
  },
  {
    "pnl": -120616.14264600002,
    "date": "2024-01-26T00:00:00",
    "weekday": "Jan 2024",
    "netpnl": 190672.60670499993
  },
  {
    "pnl": -120616.14264600002,
    "date": "2024-01-27T00:00:00",
    "weekday": "Jan 2024",
    "netpnl": 190672.60670499993
  },
  {
    "pnl": -120616.14264600002,
    "date": "2024-01-28T00:00:00",
    "weekday": "Jan 2024",
    "netpnl": 190672.60670499993
  },
  {
    "pnl": -169100.27689699997,
    "date": "2024-01-29T00:00:00",
    "weekday": "Jan 2024",
    "netpnl": 142188.47245399997
  },
  {
    "pnl": -148848.49160199997,
    "date": "2024-01-30T00:00:00",
    "weekday": "Jan 2024",
    "netpnl": 162440.25774899998
  },
  {
    "pnl": -132456.58227999997,
    "date": "2024-01-31T00:00:00",
    "weekday": "Jan 2024",
    "netpnl": 178832.16707099997
  },
  {
    "pnl": -123465.92397500004,
    "date": "2024-02-01T00:00:00",
    "weekday": "Feb 2024",
    "netpnl": 187822.8253759999
  },
  {
    "pnl": -110934.9873540001,
    "date": "2024-02-02T00:00:00",
    "weekday": "Feb 2024",
    "netpnl": 200353.76199699985
  },
  {
    "pnl": -110934.9873540001,
    "date": "2024-02-03T00:00:00",
    "weekday": "Feb 2024",
    "netpnl": 200353.76199699985
  },
  {
    "pnl": -110934.9873540001,
    "date": "2024-02-04T00:00:00",
    "weekday": "Feb 2024",
    "netpnl": 200353.76199699985
  },
  {
    "pnl": -168799.92541199998,
    "date": "2024-02-05T00:00:00",
    "weekday": "Feb 2024",
    "netpnl": 142488.82393899997
  },
  {
    "pnl": -182766.60646399998,
    "date": "2024-02-06T00:00:00",
    "weekday": "Feb 2024",
    "netpnl": 128522.14288699997
  },
  {
    "pnl": -162556.453339,
    "date": "2024-02-07T00:00:00",
    "weekday": "Feb 2024",
    "netpnl": 148732.29601199995
  },
  {
    "pnl": -142902.014632,
    "date": "2024-02-08T00:00:00",
    "weekday": "Feb 2024",
    "netpnl": 168386.73471899994
  },
  {
    "pnl": -119349.38383900002,
    "date": "2024-02-09T00:00:00",
    "weekday": "Feb 2024",
    "netpnl": 191939.36551199993
  },
  {
    "pnl": -119349.38383900002,
    "date": "2024-02-10T00:00:00",
    "weekday": "Feb 2024",
    "netpnl": 191939.36551199993
  },
  {
    "pnl": -119349.38383900002,
    "date": "2024-02-11T00:00:00",
    "weekday": "Feb 2024",
    "netpnl": 191939.36551199993
  },
  {
    "pnl": -95217.22777100012,
    "date": "2024-02-12T00:00:00",
    "weekday": "Feb 2024",
    "netpnl": 216071.52157999983
  },
  {
    "pnl": -88488.71475400019,
    "date": "2024-02-13T00:00:00",
    "weekday": "Feb 2024",
    "netpnl": 222800.03459699976
  },
  {
    "pnl": -102115.54646400001,
    "date": "2024-02-14T00:00:00",
    "weekday": "Feb 2024",
    "netpnl": 209173.20288699993
  },
  {
    "pnl": -144349.69661900005,
    "date": "2024-02-15T00:00:00",
    "weekday": "Feb 2024",
    "netpnl": 166939.0527319999
  },
  {
    "pnl": -139340.12864700006,
    "date": "2024-02-16T00:00:00",
    "weekday": "Feb 2024",
    "netpnl": 171948.62070399988
  },
  {
    "pnl": -139340.12864700006,
    "date": "2024-02-17T00:00:00",
    "weekday": "Feb 2024",
    "netpnl": 171948.62070399988
  },
  {
    "pnl": -139340.12864700006,
    "date": "2024-02-18T00:00:00",
    "weekday": "Feb 2024",
    "netpnl": 171948.62070399988
  },
  {
    "pnl": -133180.40450100007,
    "date": "2024-02-19T00:00:00",
    "weekday": "Feb 2024",
    "netpnl": 178108.34484999988
  },
  {
    "pnl": -125595.22963800002,
    "date": "2024-02-20T00:00:00",
    "weekday": "Feb 2024",
    "netpnl": 185693.51971299993
  },
  {
    "pnl": -110075.7235340001,
    "date": "2024-02-21T00:00:00",
    "weekday": "Feb 2024",
    "netpnl": 201213.02581699984
  },
  {
    "pnl": -78165.44132900014,
    "date": "2024-02-22T00:00:00",
    "weekday": "Feb 2024",
    "netpnl": 233123.3080219998
  },
  {
    "pnl": -144722.29849400013,
    "date": "2024-02-23T00:00:00",
    "weekday": "Feb 2024",
    "netpnl": 166566.4508569998
  },
  {
    "pnl": -144722.29849400013,
    "date": "2024-02-24T00:00:00",
    "weekday": "Feb 2024",
    "netpnl": 166566.4508569998
  },
  {
    "pnl": -144722.29849400013,
    "date": "2024-02-25T00:00:00",
    "weekday": "Feb 2024",
    "netpnl": 166566.4508569998
  },
  {
    "pnl": -142369.11493100013,
    "date": "2024-02-26T00:00:00",
    "weekday": "Feb 2024",
    "netpnl": 168919.6344199998
  },
  {
    "pnl": -147029.38306300013,
    "date": "2024-02-27T00:00:00",
    "weekday": "Feb 2024",
    "netpnl": 164259.36628799982
  },
  {
    "pnl": -120635.70996800013,
    "date": "2024-02-28T00:00:00",
    "weekday": "Feb 2024",
    "netpnl": 190653.03938299982
  },
  {
    "pnl": -159131.76157100013,
    "date": "2024-02-29T00:00:00",
    "weekday": "Feb 2024",
    "netpnl": 152156.98777999982
  },
  {
    "pnl": -130018.23027000012,
    "date": "2024-03-01T00:00:00",
    "weekday": "Mar 2024",
    "netpnl": 181270.51908099983
  },
  {
    "pnl": -130018.23027000012,
    "date": "2024-03-02T00:00:00",
    "weekday": "Mar 2024",
    "netpnl": 181270.51908099983
  },
  {
    "pnl": -130018.23027000012,
    "date": "2024-03-03T00:00:00",
    "weekday": "Mar 2024",
    "netpnl": 181270.51908099983
  },
  {
    "pnl": -96912.97958200012,
    "date": "2024-03-04T00:00:00",
    "weekday": "Mar 2024",
    "netpnl": 214375.76976899983
  },
  {
    "pnl": -83224.97735800012,
    "date": "2024-03-05T00:00:00",
    "weekday": "Mar 2024",
    "netpnl": 228063.77199299983
  },
  {
    "pnl": -51422.25589800012,
    "date": "2024-03-06T00:00:00",
    "weekday": "Mar 2024",
    "netpnl": 259866.49345299983
  },
  {
    "pnl": -16317.192011000123,
    "date": "2024-03-07T00:00:00",
    "weekday": "Mar 2024",
    "netpnl": 294971.5573399998
  },
  {
    "pnl": -16317.192011000123,
    "date": "2024-03-08T00:00:00",
    "weekday": "Mar 2024",
    "netpnl": 294971.5573399998
  },
  {
    "pnl": -16317.192011000123,
    "date": "2024-03-09T00:00:00",
    "weekday": "Mar 2024",
    "netpnl": 294971.5573399998
  },
  {
    "pnl": -16317.192011000123,
    "date": "2024-03-10T00:00:00",
    "weekday": "Mar 2024",
    "netpnl": 294971.5573399998
  },
  {
    "pnl": 0.0,
    "date": "2024-03-11T00:00:00",
    "weekday": "Mar 2024",
    "netpnl": 343692.29609599983
  },
  {
    "pnl": -70326.85763099999,
    "date": "2024-03-12T00:00:00",
    "weekday": "Mar 2024",
    "netpnl": 273365.43846499984
  },
  {
    "pnl": -20197.056022999983,
    "date": "2024-03-13T00:00:00",
    "weekday": "Mar 2024",
    "netpnl": 323495.24007299985
  },
  {
    "pnl": -29234.377078999998,
    "date": "2024-03-14T00:00:00",
    "weekday": "Mar 2024",
    "netpnl": 314457.91901699983
  },
  {
    "pnl": -14709.611430999998,
    "date": "2024-03-15T00:00:00",
    "weekday": "Mar 2024",
    "netpnl": 328982.68466499983
  },
  {
    "pnl": -14709.611430999998,
    "date": "2024-03-16T00:00:00",
    "weekday": "Mar 2024",
    "netpnl": 328982.68466499983
  },
  {
    "pnl": -14709.611430999998,
    "date": "2024-03-17T00:00:00",
    "weekday": "Mar 2024",
    "netpnl": 328982.68466499983
  },
  {
    "pnl": 0.0,
    "date": "2024-03-18T00:00:00",
    "weekday": "Mar 2024",
    "netpnl": 351770.0502359998
  },
  {
    "pnl": 0.0,
    "date": "2024-03-19T00:00:00",
    "weekday": "Mar 2024",
    "netpnl": 393898.1472399998
  }
]