[
  {
    "pnl": 9168.0,
    "date": "2023-09-12T00:00:00",
    "weekday": "Sep 2023",
    "netpnl": 8938.926272
  },
  {
    "pnl": 7052.25,
    "date": "2023-09-13T00:00:00",
    "weekday": "Sep 2023",
    "netpnl": 6515.541168000001
  },
  {
    "pnl": 29817.25,
    "date": "2023-09-14T00:00:00",
    "weekday": "Sep 2023",
    "netpnl": 29061.525672
  },
  {
    "pnl": 32655.25,
    "date": "2023-09-15T00:00:00",
    "weekday": "Sep 2023",
    "netpnl": 31744.617156
  },
  {
    "pnl": 32655.25,
    "date": "2023-09-16T00:00:00",
    "weekday": "Sep 2023",
    "netpnl": 31744.617156
  },
  {
    "pnl": 32655.25,
    "date": "2023-09-17T00:00:00",
    "weekday": "Sep 2023",
    "netpnl": 31744.617156
  },
  {
    "pnl": 47932.75,
    "date": "2023-09-18T00:00:00",
    "weekday": "Sep 2023",
    "netpnl": 46760.412768
  },
  {
    "pnl": 47932.75,
    "date": "2023-09-19T00:00:00",
    "weekday": "Sep 2023",
    "netpnl": 46760.412768
  },
  {
    "pnl": 86427.25,
    "date": "2023-09-20T00:00:00",
    "weekday": "Sep 2023",
    "netpnl": 85155.931532
  },
  {
    "pnl": 104035.75,
    "date": "2023-09-21T00:00:00",
    "weekday": "Sep 2023",
    "netpnl": 102152.34325800001
  },
  {
    "pnl": 38711.5,
    "date": "2023-09-22T00:00:00",
    "weekday": "Sep 2023",
    "netpnl": 35792.807977000004
  },
  {
    "pnl": 38711.5,
    "date": "2023-09-23T00:00:00",
    "weekday": "Sep 2023",
    "netpnl": 35792.807977000004
  },
  {
    "pnl": 38711.5,
    "date": "2023-09-24T00:00:00",
    "weekday": "Sep 2023",
    "netpnl": 35792.807977000004
  },
  {
    "pnl": 43008.25,
    "date": "2023-09-25T00:00:00",
    "weekday": "Sep 2023",
    "netpnl": 39441.46118500001
  },
  {
    "pnl": 43396.0,
    "date": "2023-09-26T00:00:00",
    "weekday": "Sep 2023",
    "netpnl": 39547.09303000001
  },
  {
    "pnl": 69365.5,
    "date": "2023-09-27T00:00:00",
    "weekday": "Sep 2023",
    "netpnl": 65306.60616300001
  },
  {
    "pnl": 89880.25,
    "date": "2023-09-28T00:00:00",
    "weekday": "Sep 2023",
    "netpnl": 85740.68018200001
  },
  {
    "pnl": 91446.25,
    "date": "2023-09-29T00:00:00",
    "weekday": "Sep 2023",
    "netpnl": 86968.52611300001
  },
  {
    "pnl": 91446.25,
    "date": "2023-09-30T00:00:00",
    "weekday": "Sep 2023",
    "netpnl": 86968.52611300001
  },
  {
    "pnl": 91446.25,
    "date": "2023-10-01T00:00:00",
    "weekday": "Oct 2023",
    "netpnl": 86968.52611300001
  },
  {
    "pnl": 91446.25,
    "date": "2023-10-02T00:00:00",
    "weekday": "Oct 2023",
    "netpnl": 86968.52611300001
  },
  {
    "pnl": 97126.0,
    "date": "2023-10-03T00:00:00",
    "weekday": "Oct 2023",
    "netpnl": 92521.90399400001
  },
  {
    "pnl": 119260.75,
    "date": "2023-10-04T00:00:00",
    "weekday": "Oct 2023",
    "netpnl": 114563.907666
  },
  {
    "pnl": 104083.0,
    "date": "2023-10-05T00:00:00",
    "weekday": "Oct 2023",
    "netpnl": 98514.32176800001
  },
  {
    "pnl": 94903.0,
    "date": "2023-10-06T00:00:00",
    "weekday": "Oct 2023",
    "netpnl": 87797.20641500001
  },
  {
    "pnl": 94903.0,
    "date": "2023-10-07T00:00:00",
    "weekday": "Oct 2023",
    "netpnl": 87797.20641500001
  },
  {
    "pnl": 94903.0,
    "date": "2023-10-08T00:00:00",
    "weekday": "Oct 2023",
    "netpnl": 87797.20641500001
  },
  {
    "pnl": 104785.75,
    "date": "2023-10-09T00:00:00",
    "weekday": "Oct 2023",
    "netpnl": 96966.63186099999
  },
  {
    "pnl": 119167.75,
    "date": "2023-10-10T00:00:00",
    "weekday": "Oct 2023",
    "netpnl": 111191.80381999999
  },
  {
    "pnl": 119749.75,
    "date": "2023-10-11T00:00:00",
    "weekday": "Oct 2023",
    "netpnl": 111214.007872
  },
  {
    "pnl": 127502.5,
    "date": "2023-10-12T00:00:00",
    "weekday": "Oct 2023",
    "netpnl": 117991.35532799999
  },
  {
    "pnl": 96646.75,
    "date": "2023-10-13T00:00:00",
    "weekday": "Oct 2023",
    "netpnl": 86411.297301
  },
  {
    "pnl": 96646.75,
    "date": "2023-10-14T00:00:00",
    "weekday": "Oct 2023",
    "netpnl": 86411.297301
  },
  {
    "pnl": 96646.75,
    "date": "2023-10-15T00:00:00",
    "weekday": "Oct 2023",
    "netpnl": 86411.297301
  },
  {
    "pnl": 64011.25,
    "date": "2023-10-16T00:00:00",
    "weekday": "Oct 2023",
    "netpnl": 53045.27114800001
  },
  {
    "pnl": 83388.25,
    "date": "2023-10-17T00:00:00",
    "weekday": "Oct 2023",
    "netpnl": 71022.79328
  },
  {
    "pnl": 87736.0,
    "date": "2023-10-18T00:00:00",
    "weekday": "Oct 2023",
    "netpnl": 74874.67964599999
  },
  {
    "pnl": 95380.0,
    "date": "2023-10-19T00:00:00",
    "weekday": "Oct 2023",
    "netpnl": 81914.631407
  },
  {
    "pnl": 106936.0,
    "date": "2023-10-20T00:00:00",
    "weekday": "Oct 2023",
    "netpnl": 92918.22658500001
  },
  {
    "pnl": 106936.0,
    "date": "2023-10-21T00:00:00",
    "weekday": "Oct 2023",
    "netpnl": 92918.22658500001
  },
  {
    "pnl": 106936.0,
    "date": "2023-10-22T00:00:00",
    "weekday": "Oct 2023",
    "netpnl": 92918.22658500001
  },
  {
    "pnl": 126505.0,
    "date": "2023-10-23T00:00:00",
    "weekday": "Oct 2023",
    "netpnl": 111828.005464
  },
  {
    "pnl": 126505.0,
    "date": "2023-10-24T00:00:00",
    "weekday": "Oct 2023",
    "netpnl": 111828.005464
  },
  {
    "pnl": 127790.5,
    "date": "2023-10-25T00:00:00",
    "weekday": "Oct 2023",
    "netpnl": 112667.31887
  },
  {
    "pnl": 160906.75,
    "date": "2023-10-26T00:00:00",
    "weekday": "Oct 2023",
    "netpnl": 145495.419332
  },
  {
    "pnl": 195461.5,
    "date": "2023-10-27T00:00:00",
    "weekday": "Oct 2023",
    "netpnl": 179284.669301
  },
  {
    "pnl": 195461.5,
    "date": "2023-10-28T00:00:00",
    "weekday": "Oct 2023",
    "netpnl": 179284.669301
  },
  {
    "pnl": 195461.5,
    "date": "2023-10-29T00:00:00",
    "weekday": "Oct 2023",
    "netpnl": 179284.669301
  },
  {
    "pnl": 184786.0,
    "date": "2023-10-30T00:00:00",
    "weekday": "Oct 2023",
    "netpnl": 168114.25154099998
  },
  {
    "pnl": 206264.5,
    "date": "2023-10-31T00:00:00",
    "weekday": "Oct 2023",
    "netpnl": 189470.43773299997
  },
  {
    "pnl": 232321.75,
    "date": "2023-11-01T00:00:00",
    "weekday": "Nov 2023",
    "netpnl": 215164.06029499997
  },
  {
    "pnl": 283794.25,
    "date": "2023-11-02T00:00:00",
    "weekday": "Nov 2023",
    "netpnl": 265419.842876
  },
  {
    "pnl": 277258.75,
    "date": "2023-11-03T00:00:00",
    "weekday": "Nov 2023",
    "netpnl": 257727.87741799993
  },
  {
    "pnl": 277258.75,
    "date": "2023-11-04T00:00:00",
    "weekday": "Nov 2023",
    "netpnl": 257727.87741799993
  },
  {
    "pnl": 277258.75,
    "date": "2023-11-05T00:00:00",
    "weekday": "Nov 2023",
    "netpnl": 257727.87741799993
  },
  {
    "pnl": 288561.25,
    "date": "2023-11-06T00:00:00",
    "weekday": "Nov 2023",
    "netpnl": 268527.05909299996
  },
  {
    "pnl": 332081.5,
    "date": "2023-11-07T00:00:00",
    "weekday": "Nov 2023",
    "netpnl": 311288.74935099995
  },
  {
    "pnl": 306830.5,
    "date": "2023-11-08T00:00:00",
    "weekday": "Nov 2023",
    "netpnl": 285459.18214499997
  },
  {
    "pnl": 284538.25,
    "date": "2023-11-09T00:00:00",
    "weekday": "Nov 2023",
    "netpnl": 259678.13968599998
  },
  {
    "pnl": 254839.0,
    "date": "2023-11-10T00:00:00",
    "weekday": "Nov 2023",
    "netpnl": 229439.61142099998
  },
  {
    "pnl": 254839.0,
    "date": "2023-11-11T00:00:00",
    "weekday": "Nov 2023",
    "netpnl": 229439.61142099998
  },
  {
    "pnl": 251155.75,
    "date": "2023-11-12T00:00:00",
    "weekday": "Nov 2023",
    "netpnl": 225480.19804099997
  },
  {
    "pnl": 214176.25,
    "date": "2023-11-13T00:00:00",
    "weekday": "Nov 2023",
    "netpnl": 187877.28854799998
  },
  {
    "pnl": 214176.25,
    "date": "2023-11-14T00:00:00",
    "weekday": "Nov 2023",
    "netpnl": 187877.28854799998
  },
  {
    "pnl": 210609.25,
    "date": "2023-11-15T00:00:00",
    "weekday": "Nov 2023",
    "netpnl": 183955.02477299998
  },
  {
    "pnl": 230840.5,
    "date": "2023-11-16T00:00:00",
    "weekday": "Nov 2023",
    "netpnl": 203630.93700499999
  },
  {
    "pnl": 195484.75,
    "date": "2023-11-17T00:00:00",
    "weekday": "Nov 2023",
    "netpnl": 167674.30389399998
  },
  {
    "pnl": 195484.75,
    "date": "2023-11-18T00:00:00",
    "weekday": "Nov 2023",
    "netpnl": 167674.30389399998
  },
  {
    "pnl": 195484.75,
    "date": "2023-11-19T00:00:00",
    "weekday": "Nov 2023",
    "netpnl": 167674.30389399998
  },
  {
    "pnl": 149250.25,
    "date": "2023-11-20T00:00:00",
    "weekday": "Nov 2023",
    "netpnl": 120724.53775499998
  },
  {
    "pnl": 130027.75,
    "date": "2023-11-21T00:00:00",
    "weekday": "Nov 2023",
    "netpnl": 100773.59141099999
  },
  {
    "pnl": 147804.25,
    "date": "2023-11-22T00:00:00",
    "weekday": "Nov 2023",
    "netpnl": 118339.815515
  },
  {
    "pnl": 130150.0,
    "date": "2023-11-23T00:00:00",
    "weekday": "Nov 2023",
    "netpnl": 100208.57634
  },
  {
    "pnl": 120011.5,
    "date": "2023-11-24T00:00:00",
    "weekday": "Nov 2023",
    "netpnl": 89661.82046
  },
  {
    "pnl": 120011.5,
    "date": "2023-11-25T00:00:00",
    "weekday": "Nov 2023",
    "netpnl": 89661.82046
  },
  {
    "pnl": 120011.5,
    "date": "2023-11-26T00:00:00",
    "weekday": "Nov 2023",
    "netpnl": 89661.82046
  },
  {
    "pnl": 120011.5,
    "date": "2023-11-27T00:00:00",
    "weekday": "Nov 2023",
    "netpnl": 89661.82046
  },
  {
    "pnl": 117772.75,
    "date": "2023-11-28T00:00:00",
    "weekday": "Nov 2023",
    "netpnl": 87171.870693
  },
  {
    "pnl": 106405.0,
    "date": "2023-11-29T00:00:00",
    "weekday": "Nov 2023",
    "netpnl": 75408.55033600007
  },
  {
    "pnl": 123836.5,
    "date": "2023-11-30T00:00:00",
    "weekday": "Nov 2023",
    "netpnl": 92679.53486699998
  },
  {
    "pnl": 130357.75,
    "date": "2023-12-01T00:00:00",
    "weekday": "Dec 2023",
    "netpnl": 98720.49432099992
  },
  {
    "pnl": 130357.75,
    "date": "2023-12-02T00:00:00",
    "weekday": "Dec 2023",
    "netpnl": 98720.49432099992
  },
  {
    "pnl": 130357.75,
    "date": "2023-12-03T00:00:00",
    "weekday": "Dec 2023",
    "netpnl": 98720.49432099992
  },
  {
    "pnl": 130357.75,
    "date": "2023-12-04T00:00:00",
    "weekday": "Dec 2023",
    "netpnl": 98720.49432099992
  },
  {
    "pnl": 153530.5,
    "date": "2023-12-05T00:00:00",
    "weekday": "Dec 2023",
    "netpnl": 121002.75853299999
  },
  {
    "pnl": 184729.0,
    "date": "2023-12-06T00:00:00",
    "weekday": "Dec 2023",
    "netpnl": 152088.573675
  },
  {
    "pnl": 184285.0,
    "date": "2023-12-07T00:00:00",
    "weekday": "Dec 2023",
    "netpnl": 151346.65642499994
  },
  {
    "pnl": 169807.0,
    "date": "2023-12-08T00:00:00",
    "weekday": "Dec 2023",
    "netpnl": 135905.91693300003
  },
  {
    "pnl": 169807.0,
    "date": "2023-12-09T00:00:00",
    "weekday": "Dec 2023",
    "netpnl": 135905.91693300003
  },
  {
    "pnl": 169807.0,
    "date": "2023-12-10T00:00:00",
    "weekday": "Dec 2023",
    "netpnl": 135905.91693300003
  },
  {
    "pnl": 139660.75,
    "date": "2023-12-11T00:00:00",
    "weekday": "Dec 2023",
    "netpnl": 105089.81300099994
  },
  {
    "pnl": 145834.0,
    "date": "2023-12-12T00:00:00",
    "weekday": "Dec 2023",
    "netpnl": 110371.43220299997
  },
  {
    "pnl": 167342.5,
    "date": "2023-12-13T00:00:00",
    "weekday": "Dec 2023",
    "netpnl": 131563.58867000003
  },
  {
    "pnl": 189946.0,
    "date": "2023-12-14T00:00:00",
    "weekday": "Dec 2023",
    "netpnl": 152648.24228999997
  },
  {
    "pnl": 209908.0,
    "date": "2023-12-15T00:00:00",
    "weekday": "Dec 2023",
    "netpnl": 172170.55801300006
  },
  {
    "pnl": 209908.0,
    "date": "2023-12-16T00:00:00",
    "weekday": "Dec 2023",
    "netpnl": 172170.55801300006
  },
  {
    "pnl": 209908.0,
    "date": "2023-12-17T00:00:00",
    "weekday": "Dec 2023",
    "netpnl": 172170.55801300006
  },
  {
    "pnl": 212122.75,
    "date": "2023-12-18T00:00:00",
    "weekday": "Dec 2023",
    "netpnl": 174196.41630699998
  },
  {
    "pnl": 235350.25,
    "date": "2023-12-19T00:00:00",
    "weekday": "Dec 2023",
    "netpnl": 196949.76491399994
  },
  {
    "pnl": 224950.75,
    "date": "2023-12-20T00:00:00",
    "weekday": "Dec 2023",
    "netpnl": 185913.97132899996
  },
  {
    "pnl": 196703.5,
    "date": "2023-12-21T00:00:00",
    "weekday": "Dec 2023",
    "netpnl": 156751.14315699995
  },
  {
    "pnl": 222136.0,
    "date": "2023-12-22T00:00:00",
    "weekday": "Dec 2023",
    "netpnl": 181642.657215
  },
  {
    "pnl": 222136.0,
    "date": "2023-12-23T00:00:00",
    "weekday": "Dec 2023",
    "netpnl": 181642.657215
  },
  {
    "pnl": 222136.0,
    "date": "2023-12-24T00:00:00",
    "weekday": "Dec 2023",
    "netpnl": 181642.657215
  },
  {
    "pnl": 222136.0,
    "date": "2023-12-25T00:00:00",
    "weekday": "Dec 2023",
    "netpnl": 181642.657215
  },
  {
    "pnl": 221328.25,
    "date": "2023-12-26T00:00:00",
    "weekday": "Dec 2023",
    "netpnl": 180410.85763800004
  },
  {
    "pnl": 233186.5,
    "date": "2023-12-27T00:00:00",
    "weekday": "Dec 2023",
    "netpnl": 191089.6334889999
  },
  {
    "pnl": 255619.0,
    "date": "2023-12-28T00:00:00",
    "weekday": "Dec 2023",
    "netpnl": 212871.00162499992
  },
  {
    "pnl": 265600.0,
    "date": "2023-12-29T00:00:00",
    "weekday": "Dec 2023",
    "netpnl": 222490.8850779998
  },
  {
    "pnl": 265600.0,
    "date": "2023-12-30T00:00:00",
    "weekday": "Dec 2023",
    "netpnl": 222490.8850779998
  },
  {
    "pnl": 265600.0,
    "date": "2023-12-31T00:00:00",
    "weekday": "Dec 2023",
    "netpnl": 222490.8850779998
  },
  {
    "pnl": 279071.5,
    "date": "2024-01-01T00:00:00",
    "weekday": "Jan 2024",
    "netpnl": 235037.99530999982
  },
  {
    "pnl": 284337.25,
    "date": "2024-01-02T00:00:00",
    "weekday": "Jan 2024",
    "netpnl": 240114.95129699985
  },
  {
    "pnl": 274411.75,
    "date": "2024-01-03T00:00:00",
    "weekday": "Jan 2024",
    "netpnl": 229284.3332649998
  },
  {
    "pnl": 271712.5,
    "date": "2024-01-04T00:00:00",
    "weekday": "Jan 2024",
    "netpnl": 226015.08921899984
  },
  {
    "pnl": 284426.5,
    "date": "2024-01-05T00:00:00",
    "weekday": "Jan 2024",
    "netpnl": 238516.17720699988
  },
  {
    "pnl": 284426.5,
    "date": "2024-01-06T00:00:00",
    "weekday": "Jan 2024",
    "netpnl": 238516.17720699988
  },
  {
    "pnl": 284426.5,
    "date": "2024-01-07T00:00:00",
    "weekday": "Jan 2024",
    "netpnl": 238516.17720699988
  },
  {
    "pnl": 218739.25,
    "date": "2024-01-08T00:00:00",
    "weekday": "Jan 2024",
    "netpnl": 172113.48060999997
  },
  {
    "pnl": 243349.0,
    "date": "2024-01-09T00:00:00",
    "weekday": "Jan 2024",
    "netpnl": 196386.99593799992
  },
  {
    "pnl": 264012.25,
    "date": "2024-01-10T00:00:00",
    "weekday": "Jan 2024",
    "netpnl": 216759.36094399984
  },
  {
    "pnl": 276780.25,
    "date": "2024-01-11T00:00:00",
    "weekday": "Jan 2024",
    "netpnl": 229267.03170999978
  },
  {
    "pnl": 282274.0,
    "date": "2024-01-12T00:00:00",
    "weekday": "Jan 2024",
    "netpnl": 233982.68884899982
  },
  {
    "pnl": 282274.0,
    "date": "2024-01-13T00:00:00",
    "weekday": "Jan 2024",
    "netpnl": 233982.68884899982
  },
  {
    "pnl": 282274.0,
    "date": "2024-01-14T00:00:00",
    "weekday": "Jan 2024",
    "netpnl": 233982.68884899982
  },
  {
    "pnl": 230663.5,
    "date": "2024-01-15T00:00:00",
    "weekday": "Jan 2024",
    "netpnl": 180959.64390200004
  },
  {
    "pnl": 228335.5,
    "date": "2024-01-16T00:00:00",
    "weekday": "Jan 2024",
    "netpnl": 177425.621789
  },
  {
    "pnl": 287953.0,
    "date": "2024-01-17T00:00:00",
    "weekday": "Jan 2024",
    "netpnl": 236862.42894699986
  },
  {
    "pnl": 299108.5,
    "date": "2024-01-18T00:00:00",
    "weekday": "Jan 2024",
    "netpnl": 247554.38104699986
  },
  {
    "pnl": 353204.5,
    "date": "2024-01-19T00:00:00",
    "weekday": "Jan 2024",
    "netpnl": 301077.3196349999
  },
  {
    "pnl": 352045.75,
    "date": "2024-01-20T00:00:00",
    "weekday": "Jan 2024",
    "netpnl": 296816.1804039999
  },
  {
    "pnl": 352045.75,
    "date": "2024-01-21T00:00:00",
    "weekday": "Jan 2024",
    "netpnl": 296816.1804039999
  },
  {
    "pnl": 352045.75,
    "date": "2024-01-22T00:00:00",
    "weekday": "Jan 2024",
    "netpnl": 296816.1804039999
  },
  {
    "pnl": 299033.75,
    "date": "2024-01-23T00:00:00",
    "weekday": "Jan 2024",
    "netpnl": 237216.70448999983
  },
  {
    "pnl": 315299.75,
    "date": "2024-01-24T00:00:00",
    "weekday": "Jan 2024",
    "netpnl": 252642.62254899988
  },
  {
    "pnl": 255193.25,
    "date": "2024-01-25T00:00:00",
    "weekday": "Jan 2024",
    "netpnl": 190672.60670499993
  },
  {
    "pnl": 255193.25,
    "date": "2024-01-26T00:00:00",
    "weekday": "Jan 2024",
    "netpnl": 190672.60670499993
  },
  {
    "pnl": 255193.25,
    "date": "2024-01-27T00:00:00",
    "weekday": "Jan 2024",
    "netpnl": 190672.60670499993
  },
  {
    "pnl": 255193.25,
    "date": "2024-01-28T00:00:00",
    "weekday": "Jan 2024",
    "netpnl": 190672.60670499993
  },
  {
    "pnl": 207512.75,
    "date": "2024-01-29T00:00:00",
    "weekday": "Jan 2024",
    "netpnl": 142188.47245399997
  },
  {
    "pnl": 228385.25,
    "date": "2024-01-30T00:00:00",
    "weekday": "Jan 2024",
    "netpnl": 162440.25774899998
  },
  {
    "pnl": 245013.5,
    "date": "2024-01-31T00:00:00",
    "weekday": "Jan 2024",
    "netpnl": 178832.16707099997
  },
  {
    "pnl": 254206.25,
    "date": "2024-02-01T00:00:00",
    "weekday": "Feb 2024",
    "netpnl": 187822.8253759999
  },
  {
    "pnl": 267226.25,
    "date": "2024-02-02T00:00:00",
    "weekday": "Feb 2024",
    "netpnl": 200353.76199699985
  },
  {
    "pnl": 267226.25,
    "date": "2024-02-03T00:00:00",
    "weekday": "Feb 2024",
    "netpnl": 200353.76199699985
  },
  {
    "pnl": 267226.25,
    "date": "2024-02-04T00:00:00",
    "weekday": "Feb 2024",
    "netpnl": 200353.76199699985
  },
  {
    "pnl": 209918.0,
    "date": "2024-02-05T00:00:00",
    "weekday": "Feb 2024",
    "netpnl": 142488.82393899997
  },
  {
    "pnl": 196378.25,
    "date": "2024-02-06T00:00:00",
    "weekday": "Feb 2024",
    "netpnl": 128522.14288699997
  },
  {
    "pnl": 216664.25,
    "date": "2024-02-07T00:00:00",
    "weekday": "Feb 2024",
    "netpnl": 148732.29601199995
  },
  {
    "pnl": 236670.5,
    "date": "2024-02-08T00:00:00",
    "weekday": "Feb 2024",
    "netpnl": 168386.73471899994
  },
  {
    "pnl": 260403.5,
    "date": "2024-02-09T00:00:00",
    "weekday": "Feb 2024",
    "netpnl": 191939.36551199993
  },
  {
    "pnl": 260403.5,
    "date": "2024-02-10T00:00:00",
    "weekday": "Feb 2024",
    "netpnl": 191939.36551199993
  },
  {
    "pnl": 260403.5,
    "date": "2024-02-11T00:00:00",
    "weekday": "Feb 2024",
    "netpnl": 191939.36551199993
  },
  {
    "pnl": 284843.75,
    "date": "2024-02-12T00:00:00",
    "weekday": "Feb 2024",
    "netpnl": 216071.52157999983
  },
  {
    "pnl": 291880.25,
    "date": "2024-02-13T00:00:00",
    "weekday": "Feb 2024",
    "netpnl": 222800.03459699976
  },
  {
    "pnl": 278789.0,
    "date": "2024-02-14T00:00:00",
    "weekday": "Feb 2024",
    "netpnl": 209173.20288699993
  },
  {
    "pnl": 237260.0,
    "date": "2024-02-15T00:00:00",
    "weekday": "Feb 2024",
    "netpnl": 166939.0527319999
  },
  {
    "pnl": 242488.25,
    "date": "2024-02-16T00:00:00",
    "weekday": "Feb 2024",
    "netpnl": 171948.62070399988
  },
  {
    "pnl": 242488.25,
    "date": "2024-02-17T00:00:00",
    "weekday": "Feb 2024",
    "netpnl": 171948.62070399988
  },
  {
    "pnl": 242488.25,
    "date": "2024-02-18T00:00:00",
    "weekday": "Feb 2024",
    "netpnl": 171948.62070399988
  },
  {
    "pnl": 248971.25,
    "date": "2024-02-19T00:00:00",
    "weekday": "Feb 2024",
    "netpnl": 178108.34484999988
  },
  {
    "pnl": 256849.25,
    "date": "2024-02-20T00:00:00",
    "weekday": "Feb 2024",
    "netpnl": 185693.51971299993
  },
  {
    "pnl": 272606.0,
    "date": "2024-02-21T00:00:00",
    "weekday": "Feb 2024",
    "netpnl": 201213.02581699984
  },
  {
    "pnl": 304694.75,
    "date": "2024-02-22T00:00:00",
    "weekday": "Feb 2024",
    "netpnl": 233123.3080219998
  },
  {
    "pnl": 238997.0,
    "date": "2024-02-23T00:00:00",
    "weekday": "Feb 2024",
    "netpnl": 166566.4508569998
  },
  {
    "pnl": 238997.0,
    "date": "2024-02-24T00:00:00",
    "weekday": "Feb 2024",
    "netpnl": 166566.4508569998
  },
  {
    "pnl": 238997.0,
    "date": "2024-02-25T00:00:00",
    "weekday": "Feb 2024",
    "netpnl": 166566.4508569998
  },
  {
    "pnl": 241714.25,
    "date": "2024-02-26T00:00:00",
    "weekday": "Feb 2024",
    "netpnl": 168919.6344199998
  },
  {
    "pnl": 237392.0,
    "date": "2024-02-27T00:00:00",
    "weekday": "Feb 2024",
    "netpnl": 164259.36628799982
  },
  {
    "pnl": 263893.25,
    "date": "2024-02-28T00:00:00",
    "weekday": "Feb 2024",
    "netpnl": 190653.03938299982
  },
  {
    "pnl": 225677.0,
    "date": "2024-02-29T00:00:00",
    "weekday": "Feb 2024",
    "netpnl": 152156.98777999982
  },
  {
    "pnl": 254975.0,
    "date": "2024-03-01T00:00:00",
    "weekday": "Mar 2024",
    "netpnl": 181270.51908099983
  },
  {
    "pnl": 254975.0,
    "date": "2024-03-02T00:00:00",
    "weekday": "Mar 2024",
    "netpnl": 181270.51908099983
  },
  {
    "pnl": 254975.0,
    "date": "2024-03-03T00:00:00",
    "weekday": "Mar 2024",
    "netpnl": 181270.51908099983
  },
  {
    "pnl": 288288.5,
    "date": "2024-03-04T00:00:00",
    "weekday": "Mar 2024",
    "netpnl": 214375.76976899983
  },
  {
    "pnl": 302354.75,
    "date": "2024-03-05T00:00:00",
    "weekday": "Mar 2024",
    "netpnl": 228063.77199299983
  },
  {
    "pnl": 334477.25,
    "date": "2024-03-06T00:00:00",
    "weekday": "Mar 2024",
    "netpnl": 259866.49345299983
  },
  {
    "pnl": 369810.5,
    "date": "2024-03-07T00:00:00",
    "weekday": "Mar 2024",
    "netpnl": 294971.5573399998
  },
  {
    "pnl": 369810.5,
    "date": "2024-03-08T00:00:00",
    "weekday": "Mar 2024",
    "netpnl": 294971.5573399998
  },
  {
    "pnl": 369810.5,
    "date": "2024-03-09T00:00:00",
    "weekday": "Mar 2024",
    "netpnl": 294971.5573399998
  },
  {
    "pnl": 369810.5,
    "date": "2024-03-10T00:00:00",
    "weekday": "Mar 2024",
    "netpnl": 294971.5573399998
  },
  {
    "pnl": 418709.75,
    "date": "2024-03-11T00:00:00",
    "weekday": "Mar 2024",
    "netpnl": 343692.29609599983
  },
  {
    "pnl": 348867.5,
    "date": "2024-03-12T00:00:00",
    "weekday": "Mar 2024",
    "netpnl": 273365.43846499984
  },
  {
    "pnl": 399416.0,
    "date": "2024-03-13T00:00:00",
    "weekday": "Mar 2024",
    "netpnl": 323495.24007299985
  },
  {
    "pnl": 391264.25,
    "date": "2024-03-14T00:00:00",
    "weekday": "Mar 2024",
    "netpnl": 314457.91901699983
  },
  {
    "pnl": 406369.25,
    "date": "2024-03-15T00:00:00",
    "weekday": "Mar 2024",
    "netpnl": 328982.68466499983
  },
  {
    "pnl": 406369.25,
    "date": "2024-03-16T00:00:00",
    "weekday": "Mar 2024",
    "netpnl": 328982.68466499983
  },
  {
    "pnl": 406369.25,
    "date": "2024-03-17T00:00:00",
    "weekday": "Mar 2024",
    "netpnl": 328982.68466499983
  },
  {
    "pnl": 429899.0,
    "date": "2024-03-18T00:00:00",
    "weekday": "Mar 2024",
    "netpnl": 351770.0502359998
  },
  {
    "pnl": 472430.0,
    "date": "2024-03-19T00:00:00",
    "weekday": "Mar 2024",
    "netpnl": 393898.1472399998
  }
]