[
  {
    "pnl": 373378.10868699994,
    "pnlstr": null,
    "date": "0001-01-01T00:00:00",
    "weekday": "Wednesday",
    "charges": 0.0,
    "color": null
  },
  {
    "pnl": 110677.24134,
    "pnlstr": null,
    "date": "0001-01-01T00:00:00",
    "weekday": "Thursday",
    "charges": 0.0,
    "color": null
  },
  {
    "pnl": -10838.616732000006,
    "pnlstr": null,
    "date": "0001-01-01T00:00:00",
    "weekday": "Friday",
    "charges": 0.0,
    "color": null
  },
  {
    "pnl": -4261.139231,
    "pnlstr": null,
    "date": "0001-01-01T00:00:00",
    "weekday": "Saturday",
    "charges": 0.0,
    "color": null
  },
  {
    "pnl": -3959.41338,
    "pnlstr": null,
    "date": "0001-01-01T00:00:00",
    "weekday": "Sunday",
    "charges": 0.0,
    "color": null
  },
  {
    "pnl": -176305.81519200004,
    "pnlstr": null,
    "date": "0001-01-01T00:00:00",
    "weekday": "Monday",
    "charges": 0.0,
    "color": null
  },
  {
    "pnl": 105207.78174800001,
    "pnlstr": null,
    "date": "0001-01-01T00:00:00",
    "weekday": "Tuesday",
    "charges": 0.0,
    "color": null
  }
]