[
  {
    "pnl": 0.0,
    "date": "2023-09-30T00:00:00",
    "weekday": "Sep 2023",
    "netpnl": 86968.52611300001
  },
  {
    "pnl": 0.0,
    "date": "2023-10-31T00:00:00",
    "weekday": "Oct 2023",
    "netpnl": 189470.43773299997
  },
  {
    "pnl": -96790.90286599999,
    "date": "2023-11-30T00:00:00",
    "weekday": "Nov 2023",
    "netpnl": 92679.53486699998
  },
  {
    "pnl": 0.0,
    "date": "2023-12-31T00:00:00",
    "weekday": "Dec 2023",
    "netpnl": 222490.8850779998
  },
  {
    "pnl": -43658.718006999814,
    "date": "2024-01-31T00:00:00",
    "weekday": "Jan 2024",
    "netpnl": 178832.16707099997
  },
  {
    "pnl": -70333.89729799997,
    "date": "2024-02-29T00:00:00",
    "weekday": "Feb 2024",
    "netpnl": 152156.98777999982
  },
  {
    "pnl": 0.0,
    "date": "2024-03-31T00:00:00",
    "weekday": "Mar 2024",
    "netpnl": 393898.1472399998
  }
]