{
  "capital": 0.0,
  "totaltradingdays": 128,
  "windays": 83,
  "lossdays": 45,
  "maxwinningstreakdays": 8,
  "maxlosingstreakdays": 6,
  "maxdddays": 124,
  "maxdddaysstr": "07/11/2023 to 10/03/2024",
  "rewardtorisk": 0.0,
  "winrate": 64.84375,
  "lossrate": 35.15625,
  "avgmonthlyprofit": 49237.26840499997,
  "totalprofit": 393898.1472399998,
  "maxprofitaday": 59436.81,
  "maxlossaday": -70326.86,
  "avgprofit_lossdaily": 2073.1480000000006,
  "avgprofitonprofitdays": 18830.74831325301,
  "avglossonlossdays": -25978.97755555556,
  "maxdrawdown": 235880.19901499987,
  "maxdrawdownper": 0.0,
  "avgmonthlyprofitstr": "49.24K",
  "totalprofitstr": "3.94L",
  "maxprofitadaystr": "59.44K",
  "maxlossadaystr": "-70.33K",
  "avgprofit_lossdailystr": "2.07K",
  "avgprofitonprofitdaysstr": "18.83K",
  "avglossonlossdaysstr": "-25.98K",
  "maxdrawdownstr": "2.36L",
  "expectancyratio": 0.0
}