[
  {
    "pnl": 32655.25,
    "netpnl": 31744.617156,
    "date": "2023-09-17T00:00:00",
    "weekday": "Sep 2023",
    "charges": 910.632844,
    "color": null
  },
  {
    "pnl": 6056.25,
    "netpnl": 4048.1908209999965,
    "date": "2023-09-24T00:00:00",
    "weekday": "Sep 2023",
    "charges": 2008.0591789999999,
    "color": null
  },
  {
    "pnl": 52734.75,
    "netpnl": 51175.718136,
    "date": "2023-10-01T00:00:00",
    "weekday": "Oct 2023",
    "charges": 1559.031864,
    "color": null
  },
  {
    "pnl": 3456.75,
    "netpnl": 828.6803019999988,
    "date": "2023-10-08T00:00:00",
    "weekday": "Oct 2023",
    "charges": 2628.0696980000002,
    "color": null
  },
  {
    "pnl": 1743.75,
    "netpnl": -1385.9091139999982,
    "date": "2023-10-15T00:00:00",
    "weekday": "Oct 2023",
    "charges": 3129.659114,
    "color": null
  },
  {
    "pnl": 10289.25,
    "netpnl": 6506.929284,
    "date": "2023-10-22T00:00:00",
    "weekday": "Oct 2023",
    "charges": 3782.3207159999997,
    "color": null
  },
  {
    "pnl": 88525.5,
    "netpnl": 86366.442716,
    "date": "2023-10-29T00:00:00",
    "weekday": "Oct 2023",
    "charges": 2159.057284,
    "color": null
  },
  {
    "pnl": 81797.25,
    "netpnl": 78443.208117,
    "date": "2023-11-05T00:00:00",
    "weekday": "Nov 2023",
    "charges": 3354.0418829999994,
    "color": null
  },
  {
    "pnl": -22419.75,
    "netpnl": -28288.265997,
    "date": "2023-11-12T00:00:00",
    "weekday": "Nov 2023",
    "charges": 5868.515997,
    "color": null
  },
  {
    "pnl": -59354.25,
    "netpnl": -61765.307527,
    "date": "2023-11-19T00:00:00",
    "weekday": "Nov 2023",
    "charges": 2411.057527,
    "color": null
  },
  {
    "pnl": -75473.25,
    "netpnl": -78012.483434,
    "date": "2023-11-26T00:00:00",
    "weekday": "Nov 2023",
    "charges": 2539.233434,
    "color": null
  },
  {
    "pnl": 10346.25,
    "netpnl": 9058.673860999997,
    "date": "2023-12-03T00:00:00",
    "weekday": "Dec 2023",
    "charges": 1287.576139,
    "color": null
  },
  {
    "pnl": 39449.25,
    "netpnl": 37185.422612,
    "date": "2023-12-10T00:00:00",
    "weekday": "Dec 2023",
    "charges": 2263.827388,
    "color": null
  },
  {
    "pnl": 40101.0,
    "netpnl": 36264.64108,
    "date": "2023-12-17T00:00:00",
    "weekday": "Dec 2023",
    "charges": 3836.35892,
    "color": null
  },
  {
    "pnl": 12228.0,
    "netpnl": 9472.099202000001,
    "date": "2023-12-24T00:00:00",
    "weekday": "Dec 2023",
    "charges": 2755.9007979999997,
    "color": null
  },
  {
    "pnl": 43464.0,
    "netpnl": 40848.227863,
    "date": "2023-12-31T00:00:00",
    "weekday": "Dec 2023",
    "charges": 2615.772137,
    "color": null
  },
  {
    "pnl": 18826.5,
    "netpnl": 16025.292129,
    "date": "2024-01-07T00:00:00",
    "weekday": "Jan 2024",
    "charges": 2801.2078709999996,
    "color": null
  },
  {
    "pnl": -2152.5,
    "netpnl": -4533.488357999995,
    "date": "2024-01-14T00:00:00",
    "weekday": "Jan 2024",
    "charges": 2380.988358,
    "color": null
  },
  {
    "pnl": 69771.75,
    "netpnl": 62833.49155499999,
    "date": "2024-01-21T00:00:00",
    "weekday": "Jan 2024",
    "charges": 6938.258445,
    "color": null
  },
  {
    "pnl": -96852.5,
    "netpnl": -106143.573699,
    "date": "2024-01-28T00:00:00",
    "weekday": "Jan 2024",
    "charges": 9291.073699,
    "color": null
  },
  {
    "pnl": 12033.0,
    "netpnl": 9681.155292,
    "date": "2024-02-04T00:00:00",
    "weekday": "Feb 2024",
    "charges": 2351.844708,
    "color": null
  },
  {
    "pnl": -6822.75,
    "netpnl": -8414.396485000001,
    "date": "2024-02-11T00:00:00",
    "weekday": "Feb 2024",
    "charges": 1591.646485,
    "color": null
  },
  {
    "pnl": -17915.25,
    "netpnl": -19990.744808,
    "date": "2024-02-18T00:00:00",
    "weekday": "Feb 2024",
    "charges": 2075.494808,
    "color": null
  },
  {
    "pnl": -3491.25,
    "netpnl": -5382.169846999997,
    "date": "2024-02-25T00:00:00",
    "weekday": "Feb 2024",
    "charges": 1890.9198470000001,
    "color": null
  },
  {
    "pnl": 15978.0,
    "netpnl": 14704.068223999999,
    "date": "2024-03-03T00:00:00",
    "weekday": "Mar 2024",
    "charges": 1273.9317760000001,
    "color": null
  },
  {
    "pnl": 114835.5,
    "netpnl": 113701.038259,
    "date": "2024-03-10T00:00:00",
    "weekday": "Mar 2024",
    "charges": 1134.461741,
    "color": null
  },
  {
    "pnl": 36558.75,
    "netpnl": 34011.127324999994,
    "date": "2024-03-17T00:00:00",
    "weekday": "Mar 2024",
    "charges": 2547.622675,
    "color": null
  },
  {
    "pnl": 66060.75,
    "netpnl": 64915.462575,
    "date": "2024-03-24T00:00:00",
    "weekday": "Mar 2024",
    "charges": 1145.287425,
    "color": null
  }
]