[
  {
    "pnl": 0.0,
    "date": "2023-09-17T00:00:00",
    "weekday": "Sep 2023",
    "netpnl": 31744.617156
  },
  {
    "pnl": 0.0,
    "date": "2023-09-24T00:00:00",
    "weekday": "Sep 2023",
    "netpnl": 35792.807977000004
  },
  {
    "pnl": 0.0,
    "date": "2023-10-01T00:00:00",
    "weekday": "Oct 2023",
    "netpnl": 86968.52611300001
  },
  {
    "pnl": 0.0,
    "date": "2023-10-08T00:00:00",
    "weekday": "Oct 2023",
    "netpnl": 87797.20641500001
  },
  {
    "pnl": -1385.9091140000091,
    "date": "2023-10-15T00:00:00",
    "weekday": "Oct 2023",
    "netpnl": 86411.297301
  },
  {
    "pnl": 0.0,
    "date": "2023-10-22T00:00:00",
    "weekday": "Oct 2023",
    "netpnl": 92918.22658500001
  },
  {
    "pnl": 0.0,
    "date": "2023-10-29T00:00:00",
    "weekday": "Oct 2023",
    "netpnl": 179284.669301
  },
  {
    "pnl": 0.0,
    "date": "2023-11-05T00:00:00",
    "weekday": "Nov 2023",
    "netpnl": 257727.87741799993
  },
  {
    "pnl": -32247.679376999964,
    "date": "2023-11-12T00:00:00",
    "weekday": "Nov 2023",
    "netpnl": 225480.19804099997
  },
  {
    "pnl": -90053.57352399995,
    "date": "2023-11-19T00:00:00",
    "weekday": "Nov 2023",
    "netpnl": 167674.30389399998
  },
  {
    "pnl": -168066.05695799994,
    "date": "2023-11-26T00:00:00",
    "weekday": "Nov 2023",
    "netpnl": 89661.82046
  },
  {
    "pnl": -159007.383097,
    "date": "2023-12-03T00:00:00",
    "weekday": "Dec 2023",
    "netpnl": 98720.49432099992
  },
  {
    "pnl": -121821.9604849999,
    "date": "2023-12-10T00:00:00",
    "weekday": "Dec 2023",
    "netpnl": 135905.91693300003
  },
  {
    "pnl": -85557.31940499987,
    "date": "2023-12-17T00:00:00",
    "weekday": "Dec 2023",
    "netpnl": 172170.55801300006
  },
  {
    "pnl": -76085.22020299992,
    "date": "2023-12-24T00:00:00",
    "weekday": "Dec 2023",
    "netpnl": 181642.657215
  },
  {
    "pnl": -35236.99234000014,
    "date": "2023-12-31T00:00:00",
    "weekday": "Dec 2023",
    "netpnl": 222490.8850779998
  },
  {
    "pnl": -19211.700211000047,
    "date": "2024-01-07T00:00:00",
    "weekday": "Jan 2024",
    "netpnl": 238516.17720699988
  },
  {
    "pnl": -23745.188569000107,
    "date": "2024-01-14T00:00:00",
    "weekday": "Jan 2024",
    "netpnl": 233982.68884899982
  },
  {
    "pnl": 0.0,
    "date": "2024-01-21T00:00:00",
    "weekday": "Jan 2024",
    "netpnl": 296816.1804039999
  },
  {
    "pnl": -106143.573699,
    "date": "2024-01-28T00:00:00",
    "weekday": "Jan 2024",
    "netpnl": 190672.60670499993
  },
  {
    "pnl": -96462.41840700008,
    "date": "2024-02-04T00:00:00",
    "weekday": "Feb 2024",
    "netpnl": 200353.76199699985
  },
  {
    "pnl": -104876.814892,
    "date": "2024-02-11T00:00:00",
    "weekday": "Feb 2024",
    "netpnl": 191939.36551199993
  },
  {
    "pnl": -124867.55970000004,
    "date": "2024-02-18T00:00:00",
    "weekday": "Feb 2024",
    "netpnl": 171948.62070399988
  },
  {
    "pnl": -130249.72954700011,
    "date": "2024-02-25T00:00:00",
    "weekday": "Feb 2024",
    "netpnl": 166566.4508569998
  },
  {
    "pnl": -115545.6613230001,
    "date": "2024-03-03T00:00:00",
    "weekday": "Mar 2024",
    "netpnl": 181270.51908099983
  },
  {
    "pnl": -1844.6230640001013,
    "date": "2024-03-10T00:00:00",
    "weekday": "Mar 2024",
    "netpnl": 294971.5573399998
  },
  {
    "pnl": 0.0,
    "date": "2024-03-17T00:00:00",
    "weekday": "Mar 2024",
    "netpnl": 328982.68466499983
  },
  {
    "pnl": 0.0,
    "date": "2024-03-24T00:00:00",
    "weekday": "Mar 2024",
    "netpnl": 393898.1472399998
  }
]