[
  {
    "pnl": -9037.321056,
    "date": "2024-03-14T00:00:00",
    "weekday": "Mar 2024",
    "netpnl": -9037.321056
  },
  {
    "pnl": 0.0,
    "date": "2024-03-15T00:00:00",
    "weekday": "Mar 2024",
    "netpnl": 5487.444592
  },
  {
    "pnl": 0.0,
    "date": "2024-03-16T00:00:00",
    "weekday": "Mar 2024",
    "netpnl": 5487.444592
  },
  {
    "pnl": 0.0,
    "date": "2024-03-17T00:00:00",
    "weekday": "Mar 2024",
    "netpnl": 5487.444592
  },
  {
    "pnl": 0.0,
    "date": "2024-03-18T00:00:00",
    "weekday": "Mar 2024",
    "netpnl": 28274.810163
  },
  {
    "pnl": 0.0,
    "date": "2024-03-19T00:00:00",
    "weekday": "Mar 2024",
    "netpnl": 70402.907167
  },
  {
    "pnl": -1858.6121180000046,
    "date": "2024-03-20T00:00:00",
    "weekday": "Mar 2024",
    "netpnl": 68544.295049
  }
]