[
  {
    "pnl": 0.0,
    "date": "2023-09-23T00:00:00",
    "weekday": "Sep 2023",
    "netpnl": 0.0
  },
  {
    "pnl": 0.0,
    "date": "2023-09-24T00:00:00",
    "weekday": "Sep 2023",
    "netpnl": 0.0
  },
  {
    "pnl": 0.0,
    "date": "2023-09-25T00:00:00",
    "weekday": "Sep 2023",
    "netpnl": 0.0
  },
  {
    "pnl": -23892.0,
    "date": "2023-09-26T00:00:00",
    "weekday": "Sep 2023",
    "netpnl": -25057.210851
  },
  {
    "pnl": -23892.0,
    "date": "2023-09-27T00:00:00",
    "weekday": "Sep 2023",
    "netpnl": -25057.210851
  },
  {
    "pnl": -39621.75,
    "date": "2023-09-28T00:00:00",
    "weekday": "Sep 2023",
    "netpnl": -41961.92855
  },
  {
    "pnl": -39621.75,
    "date": "2023-09-29T00:00:00",
    "weekday": "Sep 2023",
    "netpnl": -41961.92855
  },
  {
    "pnl": -39621.75,
    "date": "2023-09-30T00:00:00",
    "weekday": "Sep 2023",
    "netpnl": -41961.92855
  },
  {
    "pnl": -39621.75,
    "date": "2023-10-01T00:00:00",
    "weekday": "Oct 2023",
    "netpnl": -41961.92855
  },
  {
    "pnl": -39621.75,
    "date": "2023-10-02T00:00:00",
    "weekday": "Oct 2023",
    "netpnl": -41961.92855
  },
  {
    "pnl": -23527.75,
    "date": "2023-10-03T00:00:00",
    "weekday": "Oct 2023",
    "netpnl": -27005.646375
  },
  {
    "pnl": 9605.75,
    "date": "2023-10-04T00:00:00",
    "weekday": "Oct 2023",
    "netpnl": 4914.813418999995
  },
  {
    "pnl": 56273.25,
    "date": "2023-10-05T00:00:00",
    "weekday": "Oct 2023",
    "netpnl": 50489.439176
  },
  {
    "pnl": 56273.25,
    "date": "2023-10-06T00:00:00",
    "weekday": "Oct 2023",
    "netpnl": 50489.439176
  },
  {
    "pnl": 56273.25,
    "date": "2023-10-07T00:00:00",
    "weekday": "Oct 2023",
    "netpnl": 50489.439176
  },
  {
    "pnl": 56273.25,
    "date": "2023-10-08T00:00:00",
    "weekday": "Oct 2023",
    "netpnl": 50489.439176
  },
  {
    "pnl": 56273.25,
    "date": "2023-10-09T00:00:00",
    "weekday": "Oct 2023",
    "netpnl": 50489.439176
  },
  {
    "pnl": 155661.25,
    "date": "2023-10-10T00:00:00",
    "weekday": "Oct 2023",
    "netpnl": 148640.06709799997
  },
  {
    "pnl": 146689.75,
    "date": "2023-10-11T00:00:00",
    "weekday": "Oct 2023",
    "netpnl": 138416.50496099997
  },
  {
    "pnl": 175177.25,
    "date": "2023-10-12T00:00:00",
    "weekday": "Oct 2023",
    "netpnl": 165788.31919699998
  },
  {
    "pnl": 175177.25,
    "date": "2023-10-13T00:00:00",
    "weekday": "Oct 2023",
    "netpnl": 165788.31919699998
  },
  {
    "pnl": 175177.25,
    "date": "2023-10-14T00:00:00",
    "weekday": "Oct 2023",
    "netpnl": 165788.31919699998
  },
  {
    "pnl": 175177.25,
    "date": "2023-10-15T00:00:00",
    "weekday": "Oct 2023",
    "netpnl": 165788.31919699998
  },
  {
    "pnl": 175177.25,
    "date": "2023-10-16T00:00:00",
    "weekday": "Oct 2023",
    "netpnl": 165788.31919699998
  },
  {
    "pnl": 264613.25,
    "date": "2023-10-17T00:00:00",
    "weekday": "Oct 2023",
    "netpnl": 254235.41429000002
  },
  {
    "pnl": 279708.5,
    "date": "2023-10-18T00:00:00",
    "weekday": "Oct 2023",
    "netpnl": 268182.54066100006
  },
  {
    "pnl": 295836.0,
    "date": "2023-10-19T00:00:00",
    "weekday": "Oct 2023",
    "netpnl": 283111.335171
  },
  {
    "pnl": 295836.0,
    "date": "2023-10-20T00:00:00",
    "weekday": "Oct 2023",
    "netpnl": 283111.335171
  },
  {
    "pnl": 295836.0,
    "date": "2023-10-21T00:00:00",
    "weekday": "Oct 2023",
    "netpnl": 283111.335171
  },
  {
    "pnl": 295836.0,
    "date": "2023-10-22T00:00:00",
    "weekday": "Oct 2023",
    "netpnl": 283111.335171
  },
  {
    "pnl": 321390.0,
    "date": "2023-10-23T00:00:00",
    "weekday": "Oct 2023",
    "netpnl": 307569.36133600003
  },
  {
    "pnl": 321390.0,
    "date": "2023-10-24T00:00:00",
    "weekday": "Oct 2023",
    "netpnl": 307569.36133600003
  },
  {
    "pnl": 321390.0,
    "date": "2023-10-25T00:00:00",
    "weekday": "Oct 2023",
    "netpnl": 307569.36133600003
  },
  {
    "pnl": 301750.5,
    "date": "2023-10-26T00:00:00",
    "weekday": "Oct 2023",
    "netpnl": 286641.25756000006
  },
  {
    "pnl": 301750.5,
    "date": "2023-10-27T00:00:00",
    "weekday": "Oct 2023",
    "netpnl": 286641.25756000006
  },
  {
    "pnl": 301750.5,
    "date": "2023-10-28T00:00:00",
    "weekday": "Oct 2023",
    "netpnl": 286641.25756000006
  },
  {
    "pnl": 301750.5,
    "date": "2023-10-29T00:00:00",
    "weekday": "Oct 2023",
    "netpnl": 286641.25756000006
  },
  {
    "pnl": 331053.0,
    "date": "2023-10-30T00:00:00",
    "weekday": "Oct 2023",
    "netpnl": 314842.70582100004
  },
  {
    "pnl": 348945.0,
    "date": "2023-10-31T00:00:00",
    "weekday": "Oct 2023",
    "netpnl": 331373.25504200003
  },
  {
    "pnl": 484455.0,
    "date": "2023-11-01T00:00:00",
    "weekday": "Nov 2023",
    "netpnl": 465738.548228
  },
  {
    "pnl": 519600.0,
    "date": "2023-11-02T00:00:00",
    "weekday": "Nov 2023",
    "netpnl": 499493.95525100006
  },
  {
    "pnl": 519600.0,
    "date": "2023-11-03T00:00:00",
    "weekday": "Nov 2023",
    "netpnl": 499493.95525100006
  },
  {
    "pnl": 519600.0,
    "date": "2023-11-04T00:00:00",
    "weekday": "Nov 2023",
    "netpnl": 499493.95525100006
  },
  {
    "pnl": 519600.0,
    "date": "2023-11-05T00:00:00",
    "weekday": "Nov 2023",
    "netpnl": 499493.95525100006
  },
  {
    "pnl": 554081.25,
    "date": "2023-11-06T00:00:00",
    "weekday": "Nov 2023",
    "netpnl": 532823.0018670002
  },
  {
    "pnl": 466643.25,
    "date": "2023-11-07T00:00:00",
    "weekday": "Nov 2023",
    "netpnl": 443871.782007
  },
  {
    "pnl": 507728.25,
    "date": "2023-11-08T00:00:00",
    "weekday": "Nov 2023",
    "netpnl": 483809.15147700004
  },
  {
    "pnl": 613405.75,
    "date": "2023-11-09T00:00:00",
    "weekday": "Nov 2023",
    "netpnl": 588160.49224
  },
  {
    "pnl": 613405.75,
    "date": "2023-11-10T00:00:00",
    "weekday": "Nov 2023",
    "netpnl": 588160.49224
  },
  {
    "pnl": 613405.75,
    "date": "2023-11-11T00:00:00",
    "weekday": "Nov 2023",
    "netpnl": 588160.49224
  },
  {
    "pnl": 613405.75,
    "date": "2023-11-12T00:00:00",
    "weekday": "Nov 2023",
    "netpnl": 588160.49224
  },
  {
    "pnl": 637775.75,
    "date": "2023-11-13T00:00:00",
    "weekday": "Nov 2023",
    "netpnl": 611222.62502
  },
  {
    "pnl": 637775.75,
    "date": "2023-11-14T00:00:00",
    "weekday": "Nov 2023",
    "netpnl": 611222.62502
  },
  {
    "pnl": 740267.0,
    "date": "2023-11-15T00:00:00",
    "weekday": "Nov 2023",
    "netpnl": 712509.173459
  },
  {
    "pnl": 719784.5,
    "date": "2023-11-16T00:00:00",
    "weekday": "Nov 2023",
    "netpnl": 690627.547513
  },
  {
    "pnl": 719784.5,
    "date": "2023-11-17T00:00:00",
    "weekday": "Nov 2023",
    "netpnl": 690627.547513
  },
  {
    "pnl": 719784.5,
    "date": "2023-11-18T00:00:00",
    "weekday": "Nov 2023",
    "netpnl": 690627.547513
  },
  {
    "pnl": 719784.5,
    "date": "2023-11-19T00:00:00",
    "weekday": "Nov 2023",
    "netpnl": 690627.547513
  },
  {
    "pnl": 693947.0,
    "date": "2023-11-20T00:00:00",
    "weekday": "Nov 2023",
    "netpnl": 663499.404418
  },
  {
    "pnl": 781639.0,
    "date": "2023-11-21T00:00:00",
    "weekday": "Nov 2023",
    "netpnl": 750237.552653
  },
  {
    "pnl": 829751.5,
    "date": "2023-11-22T00:00:00",
    "weekday": "Nov 2023",
    "netpnl": 797180.951662
  },
  {
    "pnl": 879744.0,
    "date": "2023-11-23T00:00:00",
    "weekday": "Nov 2023",
    "netpnl": 845860.542828
  },
  {
    "pnl": 931977.75,
    "date": "2023-11-24T00:00:00",
    "weekday": "Nov 2023",
    "netpnl": 896955.6030550001
  },
  {
    "pnl": 931977.75,
    "date": "2023-11-25T00:00:00",
    "weekday": "Nov 2023",
    "netpnl": 896955.6030550001
  },
  {
    "pnl": 931977.75,
    "date": "2023-11-26T00:00:00",
    "weekday": "Nov 2023",
    "netpnl": 896955.6030550001
  },
  {
    "pnl": 931977.75,
    "date": "2023-11-27T00:00:00",
    "weekday": "Nov 2023",
    "netpnl": 896955.6030550001
  },
  {
    "pnl": 931231.75,
    "date": "2023-11-28T00:00:00",
    "weekday": "Nov 2023",
    "netpnl": 894987.0113140001
  },
  {
    "pnl": 931231.75,
    "date": "2023-11-29T00:00:00",
    "weekday": "Nov 2023",
    "netpnl": 894987.0113140001
  },
  {
    "pnl": 924757.75,
    "date": "2023-11-30T00:00:00",
    "weekday": "Nov 2023",
    "netpnl": 887170.5296840001
  },
  {
    "pnl": 924757.75,
    "date": "2023-12-01T00:00:00",
    "weekday": "Dec 2023",
    "netpnl": 887170.5296840001
  },
  {
    "pnl": 924757.75,
    "date": "2023-12-02T00:00:00",
    "weekday": "Dec 2023",
    "netpnl": 887170.5296840001
  },
  {
    "pnl": 924757.75,
    "date": "2023-12-03T00:00:00",
    "weekday": "Dec 2023",
    "netpnl": 887170.5296840001
  },
  {
    "pnl": 881602.75,
    "date": "2023-12-04T00:00:00",
    "weekday": "Dec 2023",
    "netpnl": 842029.1741270002
  },
  {
    "pnl": 896118.75,
    "date": "2023-12-05T00:00:00",
    "weekday": "Dec 2023",
    "netpnl": 855111.3025650001
  },
  {
    "pnl": 903885.75,
    "date": "2023-12-06T00:00:00",
    "weekday": "Dec 2023",
    "netpnl": 861461.576206
  },
  {
    "pnl": 988025.75,
    "date": "2023-12-07T00:00:00",
    "weekday": "Dec 2023",
    "netpnl": 944283.7275610002
  },
  {
    "pnl": 988025.75,
    "date": "2023-12-08T00:00:00",
    "weekday": "Dec 2023",
    "netpnl": 944283.7275610002
  },
  {
    "pnl": 988025.75,
    "date": "2023-12-09T00:00:00",
    "weekday": "Dec 2023",
    "netpnl": 944283.7275610002
  },
  {
    "pnl": 988025.75,
    "date": "2023-12-10T00:00:00",
    "weekday": "Dec 2023",
    "netpnl": 944283.7275610002
  },
  {
    "pnl": 942377.0,
    "date": "2023-12-11T00:00:00",
    "weekday": "Dec 2023",
    "netpnl": 897406.8117750001
  },
  {
    "pnl": 960719.0,
    "date": "2023-12-12T00:00:00",
    "weekday": "Dec 2023",
    "netpnl": 914351.6792280001
  },
  {
    "pnl": 999025.25,
    "date": "2023-12-13T00:00:00",
    "weekday": "Dec 2023",
    "netpnl": 951263.2277540001
  },
  {
    "pnl": 959595.25,
    "date": "2023-12-14T00:00:00",
    "weekday": "Dec 2023",
    "netpnl": 910423.5619190001
  },
  {
    "pnl": 959595.25,
    "date": "2023-12-15T00:00:00",
    "weekday": "Dec 2023",
    "netpnl": 910423.5619190001
  },
  {
    "pnl": 959595.25,
    "date": "2023-12-16T00:00:00",
    "weekday": "Dec 2023",
    "netpnl": 910423.5619190001
  },
  {
    "pnl": 959595.25,
    "date": "2023-12-17T00:00:00",
    "weekday": "Dec 2023",
    "netpnl": 910423.5619190001
  },
  {
    "pnl": 965666.5,
    "date": "2023-12-18T00:00:00",
    "weekday": "Dec 2023",
    "netpnl": 915493.7010980002
  },
  {
    "pnl": 991076.5,
    "date": "2023-12-19T00:00:00",
    "weekday": "Dec 2023",
    "netpnl": 939546.8255460002
  },
  {
    "pnl": 1011763.0,
    "date": "2023-12-20T00:00:00",
    "weekday": "Dec 2023",
    "netpnl": 958654.4467370001
  },
  {
    "pnl": 1012613.0,
    "date": "2023-12-21T00:00:00",
    "weekday": "Dec 2023",
    "netpnl": 957983.5463920002
  },
  {
    "pnl": 1020315.5,
    "date": "2023-12-22T00:00:00",
    "weekday": "Dec 2023",
    "netpnl": 964273.2030620002
  },
  {
    "pnl": 1020315.5,
    "date": "2023-12-23T00:00:00",
    "weekday": "Dec 2023",
    "netpnl": 964273.2030620002
  },
  {
    "pnl": 1020315.5,
    "date": "2023-12-24T00:00:00",
    "weekday": "Dec 2023",
    "netpnl": 964273.2030620002
  },
  {
    "pnl": 1020315.5,
    "date": "2023-12-25T00:00:00",
    "weekday": "Dec 2023",
    "netpnl": 964273.2030620002
  },
  {
    "pnl": 923281.5,
    "date": "2023-12-26T00:00:00",
    "weekday": "Dec 2023",
    "netpnl": 865545.1427850003
  },
  {
    "pnl": 923281.5,
    "date": "2023-12-27T00:00:00",
    "weekday": "Dec 2023",
    "netpnl": 865545.1427850003
  },
  {
    "pnl": 971700.75,
    "date": "2023-12-28T00:00:00",
    "weekday": "Dec 2023",
    "netpnl": 912496.1423010003
  },
  {
    "pnl": 971700.75,
    "date": "2023-12-29T00:00:00",
    "weekday": "Dec 2023",
    "netpnl": 912496.1423010003
  },
  {
    "pnl": 971700.75,
    "date": "2023-12-30T00:00:00",
    "weekday": "Dec 2023",
    "netpnl": 912496.1423010003
  },
  {
    "pnl": 971700.75,
    "date": "2023-12-31T00:00:00",
    "weekday": "Dec 2023",
    "netpnl": 912496.1423010003
  },
  {
    "pnl": 995078.25,
    "date": "2024-01-01T00:00:00",
    "weekday": "Jan 2024",
    "netpnl": 934688.8290810003
  },
  {
    "pnl": 1046302.25,
    "date": "2024-01-02T00:00:00",
    "weekday": "Jan 2024",
    "netpnl": 984559.3675550002
  },
  {
    "pnl": 1053511.25,
    "date": "2024-01-03T00:00:00",
    "weekday": "Jan 2024",
    "netpnl": 990470.6619700001
  },
  {
    "pnl": 1128791.25,
    "date": "2024-01-04T00:00:00",
    "weekday": "Jan 2024",
    "netpnl": 1064499.557534
  },
  {
    "pnl": 1128791.25,
    "date": "2024-01-05T00:00:00",
    "weekday": "Jan 2024",
    "netpnl": 1064499.557534
  },
  {
    "pnl": 1128791.25,
    "date": "2024-01-06T00:00:00",
    "weekday": "Jan 2024",
    "netpnl": 1064499.557534
  },
  {
    "pnl": 1128791.25,
    "date": "2024-01-07T00:00:00",
    "weekday": "Jan 2024",
    "netpnl": 1064499.557534
  },
  {
    "pnl": 1121298.75,
    "date": "2024-01-08T00:00:00",
    "weekday": "Jan 2024",
    "netpnl": 1055720.986527
  },
  {
    "pnl": 1088422.75,
    "date": "2024-01-09T00:00:00",
    "weekday": "Jan 2024",
    "netpnl": 1021186.328018
  },
  {
    "pnl": 1034823.25,
    "date": "2024-01-10T00:00:00",
    "weekday": "Jan 2024",
    "netpnl": 966144.9104330003
  },
  {
    "pnl": 1063488.25,
    "date": "2024-01-11T00:00:00",
    "weekday": "Jan 2024",
    "netpnl": 993397.8517110002
  },
  {
    "pnl": 1063488.25,
    "date": "2024-01-12T00:00:00",
    "weekday": "Jan 2024",
    "netpnl": 993397.8517110002
  },
  {
    "pnl": 1063488.25,
    "date": "2024-01-13T00:00:00",
    "weekday": "Jan 2024",
    "netpnl": 993397.8517110002
  },
  {
    "pnl": 1063488.25,
    "date": "2024-01-14T00:00:00",
    "weekday": "Jan 2024",
    "netpnl": 993397.8517110002
  },
  {
    "pnl": 1124534.5,
    "date": "2024-01-15T00:00:00",
    "weekday": "Jan 2024",
    "netpnl": 1053115.3073749999
  },
  {
    "pnl": 1056716.5,
    "date": "2024-01-16T00:00:00",
    "weekday": "Jan 2024",
    "netpnl": 983878.8248070002
  },
  {
    "pnl": 1054009.75,
    "date": "2024-01-17T00:00:00",
    "weekday": "Jan 2024",
    "netpnl": 979755.1728210003
  },
  {
    "pnl": 1006982.25,
    "date": "2024-01-18T00:00:00",
    "weekday": "Jan 2024",
    "netpnl": 931289.0014670003
  },
  {
    "pnl": 1006982.25,
    "date": "2024-01-19T00:00:00",
    "weekday": "Jan 2024",
    "netpnl": 931289.0014670003
  },
  {
    "pnl": 1006982.25,
    "date": "2024-01-20T00:00:00",
    "weekday": "Jan 2024",
    "netpnl": 931289.0014670003
  },
  {
    "pnl": 1006982.25,
    "date": "2024-01-21T00:00:00",
    "weekday": "Jan 2024",
    "netpnl": 931289.0014670003
  },
  {
    "pnl": 1006982.25,
    "date": "2024-01-22T00:00:00",
    "weekday": "Jan 2024",
    "netpnl": 931289.0014670003
  },
  {
    "pnl": 1039574.25,
    "date": "2024-01-23T00:00:00",
    "weekday": "Jan 2024",
    "netpnl": 962272.3300130003
  },
  {
    "pnl": 1039574.25,
    "date": "2024-01-24T00:00:00",
    "weekday": "Jan 2024",
    "netpnl": 962272.3300130003
  },
  {
    "pnl": 1027356.75,
    "date": "2024-01-25T00:00:00",
    "weekday": "Jan 2024",
    "netpnl": 948526.9088290003
  },
  {
    "pnl": 1027356.75,
    "date": "2024-01-26T00:00:00",
    "weekday": "Jan 2024",
    "netpnl": 948526.9088290003
  },
  {
    "pnl": 1027356.75,
    "date": "2024-01-27T00:00:00",
    "weekday": "Jan 2024",
    "netpnl": 948526.9088290003
  },
  {
    "pnl": 1027356.75,
    "date": "2024-01-28T00:00:00",
    "weekday": "Jan 2024",
    "netpnl": 948526.9088290003
  },
  {
    "pnl": 939775.5,
    "date": "2024-01-29T00:00:00",
    "weekday": "Jan 2024",
    "netpnl": 859544.4533580003
  },
  {
    "pnl": 977685.5,
    "date": "2024-01-30T00:00:00",
    "weekday": "Jan 2024",
    "netpnl": 895779.4654590003
  },
  {
    "pnl": 978327.5,
    "date": "2024-01-31T00:00:00",
    "weekday": "Jan 2024",
    "netpnl": 894652.9050210003
  },
  {
    "pnl": 1087262.5,
    "date": "2024-02-01T00:00:00",
    "weekday": "Feb 2024",
    "netpnl": 1002276.2047050003
  },
  {
    "pnl": 1087262.5,
    "date": "2024-02-02T00:00:00",
    "weekday": "Feb 2024",
    "netpnl": 1002276.2047050003
  },
  {
    "pnl": 1087262.5,
    "date": "2024-02-03T00:00:00",
    "weekday": "Feb 2024",
    "netpnl": 1002276.2047050003
  },
  {
    "pnl": 1087262.5,
    "date": "2024-02-04T00:00:00",
    "weekday": "Feb 2024",
    "netpnl": 1002276.2047050003
  },
  {
    "pnl": 1037263.75,
    "date": "2024-02-05T00:00:00",
    "weekday": "Feb 2024",
    "netpnl": 950708.8927150002
  },
  {
    "pnl": 1096651.75,
    "date": "2024-02-06T00:00:00",
    "weekday": "Feb 2024",
    "netpnl": 1008582.6020430002
  },
  {
    "pnl": 1098690.25,
    "date": "2024-02-07T00:00:00",
    "weekday": "Feb 2024",
    "netpnl": 1009178.3802290001
  },
  {
    "pnl": 1095450.25,
    "date": "2024-02-08T00:00:00",
    "weekday": "Feb 2024",
    "netpnl": 1004256.7055060001
  },
  {
    "pnl": 1095450.25,
    "date": "2024-02-09T00:00:00",
    "weekday": "Feb 2024",
    "netpnl": 1004256.7055060001
  },
  {
    "pnl": 1095450.25,
    "date": "2024-02-10T00:00:00",
    "weekday": "Feb 2024",
    "netpnl": 1004256.7055060001
  },
  {
    "pnl": 1095450.25,
    "date": "2024-02-11T00:00:00",
    "weekday": "Feb 2024",
    "netpnl": 1004256.7055060001
  },
  {
    "pnl": 1127336.5,
    "date": "2024-02-12T00:00:00",
    "weekday": "Feb 2024",
    "netpnl": 1034928.4167630001
  },
  {
    "pnl": 1169074.5,
    "date": "2024-02-13T00:00:00",
    "weekday": "Feb 2024",
    "netpnl": 1075210.1666830003
  },
  {
    "pnl": 1154046.75,
    "date": "2024-02-14T00:00:00",
    "weekday": "Feb 2024",
    "netpnl": 1058622.1523150003
  },
  {
    "pnl": 1251619.25,
    "date": "2024-02-15T00:00:00",
    "weekday": "Feb 2024",
    "netpnl": 1154866.5301260003
  },
  {
    "pnl": 1251619.25,
    "date": "2024-02-16T00:00:00",
    "weekday": "Feb 2024",
    "netpnl": 1154866.5301260003
  },
  {
    "pnl": 1251619.25,
    "date": "2024-02-17T00:00:00",
    "weekday": "Feb 2024",
    "netpnl": 1154866.5301260003
  },
  {
    "pnl": 1251619.25,
    "date": "2024-02-18T00:00:00",
    "weekday": "Feb 2024",
    "netpnl": 1154866.5301260003
  },
  {
    "pnl": 1277861.75,
    "date": "2024-02-19T00:00:00",
    "weekday": "Feb 2024",
    "netpnl": 1180047.0754400003
  },
  {
    "pnl": 1328707.75,
    "date": "2024-02-20T00:00:00",
    "weekday": "Feb 2024",
    "netpnl": 1229572.6649340002
  },
  {
    "pnl": 1363641.25,
    "date": "2024-02-21T00:00:00",
    "weekday": "Feb 2024",
    "netpnl": 1263297.1958170002
  },
  {
    "pnl": 1378121.25,
    "date": "2024-02-22T00:00:00",
    "weekday": "Feb 2024",
    "netpnl": 1276333.8100210002
  },
  {
    "pnl": 1378121.25,
    "date": "2024-02-23T00:00:00",
    "weekday": "Feb 2024",
    "netpnl": 1276333.8100210002
  },
  {
    "pnl": 1378121.25,
    "date": "2024-02-24T00:00:00",
    "weekday": "Feb 2024",
    "netpnl": 1276333.8100210002
  },
  {
    "pnl": 1378121.25,
    "date": "2024-02-25T00:00:00",
    "weekday": "Feb 2024",
    "netpnl": 1276333.8100210002
  },
  {
    "pnl": 1397887.5,
    "date": "2024-02-26T00:00:00",
    "weekday": "Feb 2024",
    "netpnl": 1294603.3275490003
  },
  {
    "pnl": 1530239.5,
    "date": "2024-02-27T00:00:00",
    "weekday": "Feb 2024",
    "netpnl": 1425646.9898930003
  },
  {
    "pnl": 1530239.5,
    "date": "2024-02-28T00:00:00",
    "weekday": "Feb 2024",
    "netpnl": 1425646.9898930003
  },
  {
    "pnl": 1394827.0,
    "date": "2024-02-29T00:00:00",
    "weekday": "Feb 2024",
    "netpnl": 1288448.1241770003
  },
  {
    "pnl": 1394827.0,
    "date": "2024-03-01T00:00:00",
    "weekday": "Mar 2024",
    "netpnl": 1288448.1241770003
  },
  {
    "pnl": 1394827.0,
    "date": "2024-03-02T00:00:00",
    "weekday": "Mar 2024",
    "netpnl": 1288448.1241770003
  },
  {
    "pnl": 1394827.0,
    "date": "2024-03-03T00:00:00",
    "weekday": "Mar 2024",
    "netpnl": 1288448.1241770003
  },
  {
    "pnl": 1431145.75,
    "date": "2024-03-04T00:00:00",
    "weekday": "Mar 2024",
    "netpnl": 1323463.3722860003
  },
  {
    "pnl": 1390935.75,
    "date": "2024-03-05T00:00:00",
    "weekday": "Mar 2024",
    "netpnl": 1281827.6454830002
  },
  {
    "pnl": 1391606.25,
    "date": "2024-03-06T00:00:00",
    "weekday": "Mar 2024",
    "netpnl": 1281207.895593
  },
  {
    "pnl": 1496658.75,
    "date": "2024-03-07T00:00:00",
    "weekday": "Mar 2024",
    "netpnl": 1385083.6403760002
  },
  {
    "pnl": 1496658.75,
    "date": "2024-03-08T00:00:00",
    "weekday": "Mar 2024",
    "netpnl": 1385083.6403760002
  },
  {
    "pnl": 1496658.75,
    "date": "2024-03-09T00:00:00",
    "weekday": "Mar 2024",
    "netpnl": 1385083.6403760002
  },
  {
    "pnl": 1496658.75,
    "date": "2024-03-10T00:00:00",
    "weekday": "Mar 2024",
    "netpnl": 1385083.6403760002
  },
  {
    "pnl": 1574580.0,
    "date": "2024-03-11T00:00:00",
    "weekday": "Mar 2024",
    "netpnl": 1461734.3315790002
  },
  {
    "pnl": 1689882.0,
    "date": "2024-03-12T00:00:00",
    "weekday": "Mar 2024",
    "netpnl": 1575548.3992850003
  },
  {
    "pnl": 1738530.75,
    "date": "2024-03-13T00:00:00",
    "weekday": "Mar 2024",
    "netpnl": 1622979.0851100003
  },
  {
    "pnl": 1820573.25,
    "date": "2024-03-14T00:00:00",
    "weekday": "Mar 2024",
    "netpnl": 1703750.4126840003
  },
  {
    "pnl": 1820573.25,
    "date": "2024-03-15T00:00:00",
    "weekday": "Mar 2024",
    "netpnl": 1703750.4126840003
  },
  {
    "pnl": 1820573.25,
    "date": "2024-03-16T00:00:00",
    "weekday": "Mar 2024",
    "netpnl": 1703750.4126840003
  },
  {
    "pnl": 1820573.25,
    "date": "2024-03-17T00:00:00",
    "weekday": "Mar 2024",
    "netpnl": 1703750.4126840003
  },
  {
    "pnl": 1813647.0,
    "date": "2024-03-18T00:00:00",
    "weekday": "Mar 2024",
    "netpnl": 1695535.7642790002
  },
  {
    "pnl": 1753159.0,
    "date": "2024-03-19T00:00:00",
    "weekday": "Mar 2024",
    "netpnl": 1633817.7762900002
  }
]