[
  {
    "pnl": -39621.75,
    "date": "2023-09-30T00:00:00",
    "weekday": "Sep 2023",
    "netpnl": -41961.92855
  },
  {
    "pnl": 348945.0,
    "date": "2023-10-31T00:00:00",
    "weekday": "Oct 2023",
    "netpnl": 331373.25504200003
  },
  {
    "pnl": 924757.75,
    "date": "2023-11-30T00:00:00",
    "weekday": "Nov 2023",
    "netpnl": 887170.5296840001
  },
  {
    "pnl": 971700.75,
    "date": "2023-12-31T00:00:00",
    "weekday": "Dec 2023",
    "netpnl": 912496.1423010003
  },
  {
    "pnl": 978327.5,
    "date": "2024-01-31T00:00:00",
    "weekday": "Jan 2024",
    "netpnl": 894652.9050210003
  },
  {
    "pnl": 1394827.0,
    "date": "2024-02-29T00:00:00",
    "weekday": "Feb 2024",
    "netpnl": 1288448.1241770003
  },
  {
    "pnl": 1753159.0,
    "date": "2024-03-31T00:00:00",
    "weekday": "Mar 2024",
    "netpnl": 1633817.7762900002
  }
]