{
  "capital": 0.0,
  "totaltradingdays": 89,
  "windays": 58,
  "lossdays": 31,
  "maxwinningstreakdays": 7,
  "maxlosingstreakdays": 3,
  "maxdddays": 36,
  "maxdddaysstr": "07/01/2024 to 12/02/2024",
  "rewardtorisk": 0.0,
  "winrate": 65.1685393258427,
  "lossrate": 34.831460674157306,
  "avgmonthlyprofit": 204227.22203625002,
  "totalprofit": 1633817.7762900002,
  "maxprofitaday": 134365.29,
  "maxlossaday": -137198.87,
  "avgprofit_lossdaily": 9127.47374301676,
  "avgprofitonprofitdays": 47128.167758620686,
  "avglossonlossdays": -35471.48161290324,
  "maxdrawdown": 204955.10417599964,
  "maxdrawdownper": 0.0,
  "avgmonthlyprofitstr": "2.04L",
  "totalprofitstr": "16.34L",
  "maxprofitadaystr": "1.34L",
  "maxlossadaystr": "-1.37L",
  "avgprofit_lossdailystr": "9.13K",
  "avgprofitonprofitdaysstr": "47.13K",
  "avglossonlossdaysstr": "-35.47K",
  "maxdrawdownstr": "2.05L",
  "expectancyratio": 0.0
}