[
  {
    "pnl": 0.0,
    "pnlstr": null,
    "date": "2023-09-24T00:00:00",
    "weekday": "Sep 2023",
    "charges": 0.0,
    "color": null
  },
  {
    "pnl": -41961.92855,
    "pnlstr": null,
    "date": "2023-10-01T00:00:00",
    "weekday": "Oct 2023",
    "charges": 0.0,
    "color": null
  },
  {
    "pnl": 50489.439176,
    "pnlstr": null,
    "date": "2023-10-08T00:00:00",
    "weekday": "Oct 2023",
    "charges": 0.0,
    "color": null
  },
  {
    "pnl": 165788.31919699998,
    "pnlstr": null,
    "date": "2023-10-15T00:00:00",
    "weekday": "Oct 2023",
    "charges": 0.0,
    "color": null
  },
  {
    "pnl": 283111.335171,
    "pnlstr": null,
    "date": "2023-10-22T00:00:00",
    "weekday": "Oct 2023",
    "charges": 0.0,
    "color": null
  },
  {
    "pnl": 286641.25756000006,
    "pnlstr": null,
    "date": "2023-10-29T00:00:00",
    "weekday": "Oct 2023",
    "charges": 0.0,
    "color": null
  },
  {
    "pnl": 499493.95525100006,
    "pnlstr": null,
    "date": "2023-11-05T00:00:00",
    "weekday": "Nov 2023",
    "charges": 0.0,
    "color": null
  },
  {
    "pnl": 588160.49224,
    "pnlstr": null,
    "date": "2023-11-12T00:00:00",
    "weekday": "Nov 2023",
    "charges": 0.0,
    "color": null
  },
  {
    "pnl": 690627.547513,
    "pnlstr": null,
    "date": "2023-11-19T00:00:00",
    "weekday": "Nov 2023",
    "charges": 0.0,
    "color": null
  },
  {
    "pnl": 896955.6030550001,
    "pnlstr": null,
    "date": "2023-11-26T00:00:00",
    "weekday": "Nov 2023",
    "charges": 0.0,
    "color": null
  },
  {
    "pnl": 887170.5296840001,
    "pnlstr": null,
    "date": "2023-12-03T00:00:00",
    "weekday": "Dec 2023",
    "charges": 0.0,
    "color": null
  },
  {
    "pnl": 944283.7275610002,
    "pnlstr": null,
    "date": "2023-12-10T00:00:00",
    "weekday": "Dec 2023",
    "charges": 0.0,
    "color": null
  },
  {
    "pnl": 910423.5619190001,
    "pnlstr": null,
    "date": "2023-12-17T00:00:00",
    "weekday": "Dec 2023",
    "charges": 0.0,
    "color": null
  },
  {
    "pnl": 964273.2030620002,
    "pnlstr": null,
    "date": "2023-12-24T00:00:00",
    "weekday": "Dec 2023",
    "charges": 0.0,
    "color": null
  },
  {
    "pnl": 912496.1423010003,
    "pnlstr": null,
    "date": "2023-12-31T00:00:00",
    "weekday": "Dec 2023",
    "charges": 0.0,
    "color": null
  },
  {
    "pnl": 1064499.557534,
    "pnlstr": null,
    "date": "2024-01-07T00:00:00",
    "weekday": "Jan 2024",
    "charges": 0.0,
    "color": null
  },
  {
    "pnl": 993397.8517110002,
    "pnlstr": null,
    "date": "2024-01-14T00:00:00",
    "weekday": "Jan 2024",
    "charges": 0.0,
    "color": null
  },
  {
    "pnl": 931289.0014670003,
    "pnlstr": null,
    "date": "2024-01-21T00:00:00",
    "weekday": "Jan 2024",
    "charges": 0.0,
    "color": null
  },
  {
    "pnl": 948526.9088290003,
    "pnlstr": null,
    "date": "2024-01-28T00:00:00",
    "weekday": "Jan 2024",
    "charges": 0.0,
    "color": null
  },
  {
    "pnl": 1002276.2047050003,
    "pnlstr": null,
    "date": "2024-02-04T00:00:00",
    "weekday": "Feb 2024",
    "charges": 0.0,
    "color": null
  },
  {
    "pnl": 1004256.7055060001,
    "pnlstr": null,
    "date": "2024-02-11T00:00:00",
    "weekday": "Feb 2024",
    "charges": 0.0,
    "color": null
  },
  {
    "pnl": 1154866.5301260003,
    "pnlstr": null,
    "date": "2024-02-18T00:00:00",
    "weekday": "Feb 2024",
    "charges": 0.0,
    "color": null
  },
  {
    "pnl": 1276333.8100210002,
    "pnlstr": null,
    "date": "2024-02-25T00:00:00",
    "weekday": "Feb 2024",
    "charges": 0.0,
    "color": null
  },
  {
    "pnl": 1288448.1241770003,
    "pnlstr": null,
    "date": "2024-03-03T00:00:00",
    "weekday": "Mar 2024",
    "charges": 0.0,
    "color": null
  },
  {
    "pnl": 1385083.6403760002,
    "pnlstr": null,
    "date": "2024-03-10T00:00:00",
    "weekday": "Mar 2024",
    "charges": 0.0,
    "color": null
  },
  {
    "pnl": 1703750.4126840003,
    "pnlstr": null,
    "date": "2024-03-17T00:00:00",
    "weekday": "Mar 2024",
    "charges": 0.0,
    "color": null
  },
  {
    "pnl": 1633817.7762900002,
    "pnlstr": null,
    "date": "2024-03-24T00:00:00",
    "weekday": "Mar 2024",
    "charges": 0.0,
    "color": null
  }
]