[
  {
    "pnl": 0.0,
    "date": "2023-09-24T00:00:00",
    "weekday": "Sep 2023",
    "netpnl": 0.0
  },
  {
    "pnl": -41961.92855,
    "date": "2023-10-01T00:00:00",
    "weekday": "Oct 2023",
    "netpnl": -41961.92855
  },
  {
    "pnl": 0.0,
    "date": "2023-10-08T00:00:00",
    "weekday": "Oct 2023",
    "netpnl": 50489.439176
  },
  {
    "pnl": 0.0,
    "date": "2023-10-15T00:00:00",
    "weekday": "Oct 2023",
    "netpnl": 165788.31919699998
  },
  {
    "pnl": 0.0,
    "date": "2023-10-22T00:00:00",
    "weekday": "Oct 2023",
    "netpnl": 283111.335171
  },
  {
    "pnl": 0.0,
    "date": "2023-10-29T00:00:00",
    "weekday": "Oct 2023",
    "netpnl": 286641.25756000006
  },
  {
    "pnl": 0.0,
    "date": "2023-11-05T00:00:00",
    "weekday": "Nov 2023",
    "netpnl": 499493.95525100006
  },
  {
    "pnl": 0.0,
    "date": "2023-11-12T00:00:00",
    "weekday": "Nov 2023",
    "netpnl": 588160.49224
  },
  {
    "pnl": 0.0,
    "date": "2023-11-19T00:00:00",
    "weekday": "Nov 2023",
    "netpnl": 690627.547513
  },
  {
    "pnl": 0.0,
    "date": "2023-11-26T00:00:00",
    "weekday": "Nov 2023",
    "netpnl": 896955.6030550001
  },
  {
    "pnl": -9785.073371000006,
    "date": "2023-12-03T00:00:00",
    "weekday": "Dec 2023",
    "netpnl": 887170.5296840001
  },
  {
    "pnl": 0.0,
    "date": "2023-12-10T00:00:00",
    "weekday": "Dec 2023",
    "netpnl": 944283.7275610002
  },
  {
    "pnl": -33860.165642000036,
    "date": "2023-12-17T00:00:00",
    "weekday": "Dec 2023",
    "netpnl": 910423.5619190001
  },
  {
    "pnl": 0.0,
    "date": "2023-12-24T00:00:00",
    "weekday": "Dec 2023",
    "netpnl": 964273.2030620002
  },
  {
    "pnl": -51777.06076099991,
    "date": "2023-12-31T00:00:00",
    "weekday": "Dec 2023",
    "netpnl": 912496.1423010003
  },
  {
    "pnl": 0.0,
    "date": "2024-01-07T00:00:00",
    "weekday": "Jan 2024",
    "netpnl": 1064499.557534
  },
  {
    "pnl": -71101.7058229997,
    "date": "2024-01-14T00:00:00",
    "weekday": "Jan 2024",
    "netpnl": 993397.8517110002
  },
  {
    "pnl": -133210.55606699956,
    "date": "2024-01-21T00:00:00",
    "weekday": "Jan 2024",
    "netpnl": 931289.0014670003
  },
  {
    "pnl": -115972.64870499959,
    "date": "2024-01-28T00:00:00",
    "weekday": "Jan 2024",
    "netpnl": 948526.9088290003
  },
  {
    "pnl": -62223.35282899963,
    "date": "2024-02-04T00:00:00",
    "weekday": "Feb 2024",
    "netpnl": 1002276.2047050003
  },
  {
    "pnl": -60242.85202799982,
    "date": "2024-02-11T00:00:00",
    "weekday": "Feb 2024",
    "netpnl": 1004256.7055060001
  },
  {
    "pnl": 0.0,
    "date": "2024-02-18T00:00:00",
    "weekday": "Feb 2024",
    "netpnl": 1154866.5301260003
  },
  {
    "pnl": 0.0,
    "date": "2024-02-25T00:00:00",
    "weekday": "Feb 2024",
    "netpnl": 1276333.8100210002
  },
  {
    "pnl": 0.0,
    "date": "2024-03-03T00:00:00",
    "weekday": "Mar 2024",
    "netpnl": 1288448.1241770003
  },
  {
    "pnl": 0.0,
    "date": "2024-03-10T00:00:00",
    "weekday": "Mar 2024",
    "netpnl": 1385083.6403760002
  },
  {
    "pnl": 0.0,
    "date": "2024-03-17T00:00:00",
    "weekday": "Mar 2024",
    "netpnl": 1703750.4126840003
  },
  {
    "pnl": -69932.63639400015,
    "date": "2024-03-24T00:00:00",
    "weekday": "Mar 2024",
    "netpnl": 1633817.7762900002
  }
]