[
  {
    "pnl": 0.0,
    "date": "2024-03-14T00:00:00",
    "weekday": "Mar 2024",
    "netpnl": 80771.327574
  },
  {
    "pnl": 0.0,
    "date": "2024-03-15T00:00:00",
    "weekday": "Mar 2024",
    "netpnl": 80771.327574
  },
  {
    "pnl": 0.0,
    "date": "2024-03-16T00:00:00",
    "weekday": "Mar 2024",
    "netpnl": 80771.327574
  },
  {
    "pnl": 0.0,
    "date": "2024-03-17T00:00:00",
    "weekday": "Mar 2024",
    "netpnl": 80771.327574
  },
  {
    "pnl": -8214.648405,
    "date": "2024-03-18T00:00:00",
    "weekday": "Mar 2024",
    "netpnl": 72556.679169
  },
  {
    "pnl": -69932.636394,
    "date": "2024-03-19T00:00:00",
    "weekday": "Mar 2024",
    "netpnl": 10838.691179999994
  },
  {
    "pnl": -94560.109,
    "date": "2024-03-20T00:00:00",
    "weekday": "Mar 2024",
    "netpnl": -13788.781426000005
  }
]