{
  "capital": 0.0,
  "totaltradingdays": 4,
  "windays": 1,
  "lossdays": 3,
  "maxwinningstreakdays": 1,
  "maxlosingstreakdays": 3,
  "maxdddays": 3,
  "maxdddaysstr": "17/03/2024 to 20/03/2024",
  "rewardtorisk": 0.0,
  "winrate": 25.0,
  "lossrate": 75.0,
  "avgmonthlyprofit": 0.0,
  "totalprofit": -13788.781426000005,
  "maxprofitaday": 80771.33,
  "maxlossaday": -61717.99,
  "avgprofit_lossdaily": -1969.825714285713,
  "avgprofitonprofitdays": 80771.33,
  "avglossonlossdays": -31520.036666666667,
  "maxdrawdown": 94560.109,
  "maxdrawdownper": 0.0,
  "avgmonthlyprofitstr": "",
  "totalprofitstr": "-13.79K",
  "maxprofitadaystr": "80.77K",
  "maxlossadaystr": "-61.72K",
  "avgprofit_lossdailystr": "-1.97K",
  "avgprofitonprofitdaysstr": "80.77K",
  "avglossonlossdaysstr": "-31.52K",
  "maxdrawdownstr": "94.56K",
  "expectancyratio": 0.0
}