[
  {
    "pnl": 50846.0,
    "netpnl": 49525.589494,
    "date": "2024-02-20T00:00:00",
    "weekday": "Feb 2024",
    "charges": 1320.410506,
    "color": null
  },
  {
    "pnl": 34933.5,
    "netpnl": 33724.530883,
    "date": "2024-02-21T00:00:00",
    "weekday": "Feb 2024",
    "charges": 1208.969117,
    "color": null
  },
  {
    "pnl": 14480.0,
    "netpnl": 13036.614204,
    "date": "2024-02-22T00:00:00",
    "weekday": "Feb 2024",
    "charges": 1443.385796,
    "color": null
  },
  {
    "pnl": 0.0,
    "netpnl": 0.0,
    "date": "2024-02-23T00:00:00",
    "weekday": "Feb 2024",
    "charges": 0.0,
    "color": null
  },
  {
    "pnl": 0.0,
    "netpnl": 0.0,
    "date": "2024-02-24T00:00:00",
    "weekday": "Feb 2024",
    "charges": 0.0,
    "color": null
  },
  {
    "pnl": 0.0,
    "netpnl": 0.0,
    "date": "2024-02-25T00:00:00",
    "weekday": "Feb 2024",
    "charges": 0.0,
    "color": null
  },
  {
    "pnl": 19766.25,
    "netpnl": 18269.517528,
    "date": "2024-02-26T00:00:00",
    "weekday": "Feb 2024",
    "charges": 1496.732472,
    "color": null
  },
  {
    "pnl": 132352.0,
    "netpnl": 131043.662344,
    "date": "2024-02-27T00:00:00",
    "weekday": "Feb 2024",
    "charges": 1308.337656,
    "color": null
  },
  {
    "pnl": 0.0,
    "netpnl": 0.0,
    "date": "2024-02-28T00:00:00",
    "weekday": "Feb 2024",
    "charges": 0.0,
    "color": null
  },
  {
    "pnl": -135412.5,
    "netpnl": -137198.865716,
    "date": "2024-02-29T00:00:00",
    "weekday": "Feb 2024",
    "charges": 1786.365716,
    "color": null
  },
  {
    "pnl": 0.0,
    "netpnl": 0.0,
    "date": "2024-03-01T00:00:00",
    "weekday": "Mar 2024",
    "charges": 0.0,
    "color": null
  },
  {
    "pnl": 0.0,
    "netpnl": 0.0,
    "date": "2024-03-02T00:00:00",
    "weekday": "Mar 2024",
    "charges": 0.0,
    "color": null
  },
  {
    "pnl": 0.0,
    "netpnl": 0.0,
    "date": "2024-03-03T00:00:00",
    "weekday": "Mar 2024",
    "charges": 0.0,
    "color": null
  },
  {
    "pnl": 36318.75,
    "netpnl": 35015.248109,
    "date": "2024-03-04T00:00:00",
    "weekday": "Mar 2024",
    "charges": 1303.501891,
    "color": null
  },
  {
    "pnl": -40210.0,
    "netpnl": -41635.726803,
    "date": "2024-03-05T00:00:00",
    "weekday": "Mar 2024",
    "charges": 1425.726803,
    "color": null
  },
  {
    "pnl": 670.5,
    "netpnl": -619.74989,
    "date": "2024-03-06T00:00:00",
    "weekday": "Mar 2024",
    "charges": 1290.24989,
    "color": null
  },
  {
    "pnl": 105052.5,
    "netpnl": 103875.744783,
    "date": "2024-03-07T00:00:00",
    "weekday": "Mar 2024",
    "charges": 1176.755217,
    "color": null
  },
  {
    "pnl": 0.0,
    "netpnl": 0.0,
    "date": "2024-03-08T00:00:00",
    "weekday": "Mar 2024",
    "charges": 0.0,
    "color": null
  },
  {
    "pnl": 0.0,
    "netpnl": 0.0,
    "date": "2024-03-09T00:00:00",
    "weekday": "Mar 2024",
    "charges": 0.0,
    "color": null
  },
  {
    "pnl": 0.0,
    "netpnl": 0.0,
    "date": "2024-03-10T00:00:00",
    "weekday": "Mar 2024",
    "charges": 0.0,
    "color": null
  },
  {
    "pnl": 77921.25,
    "netpnl": 76650.691203,
    "date": "2024-03-11T00:00:00",
    "weekday": "Mar 2024",
    "charges": 1270.558797,
    "color": null
  },
  {
    "pnl": 115302.0,
    "netpnl": 113814.067706,
    "date": "2024-03-12T00:00:00",
    "weekday": "Mar 2024",
    "charges": 1487.932294,
    "color": null
  },
  {
    "pnl": 48648.75,
    "netpnl": 47430.685825,
    "date": "2024-03-13T00:00:00",
    "weekday": "Mar 2024",
    "charges": 1218.064175,
    "color": null
  },
  {
    "pnl": 82042.5,
    "netpnl": 80771.327574,
    "date": "2024-03-14T00:00:00",
    "weekday": "Mar 2024",
    "charges": 1271.1724259999999,
    "color": null
  },
  {
    "pnl": 0.0,
    "netpnl": 0.0,
    "date": "2024-03-15T00:00:00",
    "weekday": "Mar 2024",
    "charges": 0.0,
    "color": null
  },
  {
    "pnl": 0.0,
    "netpnl": 0.0,
    "date": "2024-03-16T00:00:00",
    "weekday": "Mar 2024",
    "charges": 0.0,
    "color": null
  },
  {
    "pnl": 0.0,
    "netpnl": 0.0,
    "date": "2024-03-17T00:00:00",
    "weekday": "Mar 2024",
    "charges": 0.0,
    "color": null
  },
  {
    "pnl": -6926.25,
    "netpnl": -8214.648405,
    "date": "2024-03-18T00:00:00",
    "weekday": "Mar 2024",
    "charges": 1288.398405,
    "color": null
  },
  {
    "pnl": -60488.0,
    "netpnl": -61717.987989,
    "date": "2024-03-19T00:00:00",
    "weekday": "Mar 2024",
    "charges": 1229.9879890000002,
    "color": null
  },
  {
    "pnl": -23190.0,
    "netpnl": -24627.472606,
    "date": "2024-03-20T00:00:00",
    "weekday": "Mar 2024",
    "charges": 1437.472606,
    "color": null
  }
]