[
  {
    "pnl": 50846.0,
    "date": "2024-02-20T00:00:00",
    "weekday": "Feb 2024",
    "netpnl": 49525.589494
  },
  {
    "pnl": 85779.5,
    "date": "2024-02-21T00:00:00",
    "weekday": "Feb 2024",
    "netpnl": 83250.120377
  },
  {
    "pnl": 100259.5,
    "date": "2024-02-22T00:00:00",
    "weekday": "Feb 2024",
    "netpnl": 96286.734581
  },
  {
    "pnl": 100259.5,
    "date": "2024-02-23T00:00:00",
    "weekday": "Feb 2024",
    "netpnl": 96286.734581
  },
  {
    "pnl": 100259.5,
    "date": "2024-02-24T00:00:00",
    "weekday": "Feb 2024",
    "netpnl": 96286.734581
  },
  {
    "pnl": 100259.5,
    "date": "2024-02-25T00:00:00",
    "weekday": "Feb 2024",
    "netpnl": 96286.734581
  },
  {
    "pnl": 120025.75,
    "date": "2024-02-26T00:00:00",
    "weekday": "Feb 2024",
    "netpnl": 114556.252109
  },
  {
    "pnl": 252377.75,
    "date": "2024-02-27T00:00:00",
    "weekday": "Feb 2024",
    "netpnl": 245599.914453
  },
  {
    "pnl": 252377.75,
    "date": "2024-02-28T00:00:00",
    "weekday": "Feb 2024",
    "netpnl": 245599.914453
  },
  {
    "pnl": 116965.25,
    "date": "2024-02-29T00:00:00",
    "weekday": "Feb 2024",
    "netpnl": 108401.048737
  },
  {
    "pnl": 116965.25,
    "date": "2024-03-01T00:00:00",
    "weekday": "Mar 2024",
    "netpnl": 108401.048737
  },
  {
    "pnl": 116965.25,
    "date": "2024-03-02T00:00:00",
    "weekday": "Mar 2024",
    "netpnl": 108401.048737
  },
  {
    "pnl": 116965.25,
    "date": "2024-03-03T00:00:00",
    "weekday": "Mar 2024",
    "netpnl": 108401.048737
  },
  {
    "pnl": 153284.0,
    "date": "2024-03-04T00:00:00",
    "weekday": "Mar 2024",
    "netpnl": 143416.296846
  },
  {
    "pnl": 113074.0,
    "date": "2024-03-05T00:00:00",
    "weekday": "Mar 2024",
    "netpnl": 101780.57004300001
  },
  {
    "pnl": 113744.5,
    "date": "2024-03-06T00:00:00",
    "weekday": "Mar 2024",
    "netpnl": 101160.82015300001
  },
  {
    "pnl": 218797.0,
    "date": "2024-03-07T00:00:00",
    "weekday": "Mar 2024",
    "netpnl": 205036.564936
  },
  {
    "pnl": 218797.0,
    "date": "2024-03-08T00:00:00",
    "weekday": "Mar 2024",
    "netpnl": 205036.564936
  },
  {
    "pnl": 218797.0,
    "date": "2024-03-09T00:00:00",
    "weekday": "Mar 2024",
    "netpnl": 205036.564936
  },
  {
    "pnl": 218797.0,
    "date": "2024-03-10T00:00:00",
    "weekday": "Mar 2024",
    "netpnl": 205036.564936
  },
  {
    "pnl": 296718.25,
    "date": "2024-03-11T00:00:00",
    "weekday": "Mar 2024",
    "netpnl": 281687.256139
  },
  {
    "pnl": 412020.25,
    "date": "2024-03-12T00:00:00",
    "weekday": "Mar 2024",
    "netpnl": 395501.323845
  },
  {
    "pnl": 460669.0,
    "date": "2024-03-13T00:00:00",
    "weekday": "Mar 2024",
    "netpnl": 442932.00967
  },
  {
    "pnl": 542711.5,
    "date": "2024-03-14T00:00:00",
    "weekday": "Mar 2024",
    "netpnl": 523703.337244
  },
  {
    "pnl": 542711.5,
    "date": "2024-03-15T00:00:00",
    "weekday": "Mar 2024",
    "netpnl": 523703.337244
  },
  {
    "pnl": 542711.5,
    "date": "2024-03-16T00:00:00",
    "weekday": "Mar 2024",
    "netpnl": 523703.337244
  },
  {
    "pnl": 542711.5,
    "date": "2024-03-17T00:00:00",
    "weekday": "Mar 2024",
    "netpnl": 523703.337244
  },
  {
    "pnl": 535785.25,
    "date": "2024-03-18T00:00:00",
    "weekday": "Mar 2024",
    "netpnl": 515488.688839
  },
  {
    "pnl": 475297.25,
    "date": "2024-03-19T00:00:00",
    "weekday": "Mar 2024",
    "netpnl": 453770.70085
  },
  {
    "pnl": 452107.25,
    "date": "2024-03-20T00:00:00",
    "weekday": "Mar 2024",
    "netpnl": 429143.228244
  }
]