[
  {
    "year": 2024,
    "monthly": [
      {
        "pnl": 0.0,
        "pnlstr": "",
        "date": "2024-01-01T00:00:00",
        "weekday": "",
        "charges": 0.0,
        "color": null
      },
      {
        "pnl": 108401.05,
        "pnlstr": "1.08L",
        "date": "2024-02-01T00:00:00",
        "weekday": "Feb 2024",
        "charges": 0.0,
        "color": null
      },
      {
        "pnl": 320742.18,
        "pnlstr": "3.21L",
        "date": "2024-03-01T00:00:00",
        "weekday": "Mar 2024",
        "charges": 0.0,
        "color": null
      },
      {
        "pnl": 0.0,
        "pnlstr": "",
        "date": "2024-04-01T00:00:00",
        "weekday": "",
        "charges": 0.0,
        "color": null
      },
      {
        "pnl": 0.0,
        "pnlstr": "",
        "date": "2024-05-01T00:00:00",
        "weekday": "",
        "charges": 0.0,
        "color": null
      },
      {
        "pnl": 0.0,
        "pnlstr": "",
        "date": "2024-06-01T00:00:00",
        "weekday": "",
        "charges": 0.0,
        "color": null
      },
      {
        "pnl": 0.0,
        "pnlstr": "",
        "date": "2024-07-01T00:00:00",
        "weekday": "",
        "charges": 0.0,
        "color": null
      },
      {
        "pnl": 0.0,
        "pnlstr": "",
        "date": "2024-08-01T00:00:00",
        "weekday": "",
        "charges": 0.0,
        "color": null
      },
      {
        "pnl": 0.0,
        "pnlstr": "",
        "date": "2024-09-01T00:00:00",
        "weekday": "",
        "charges": 0.0,
        "color": null
      },
      {
        "pnl": 0.0,
        "pnlstr": "",
        "date": "2024-10-01T00:00:00",
        "weekday": "",
        "charges": 0.0,
        "color": null
      },
      {
        "pnl": 0.0,
        "pnlstr": "",
        "date": "2024-11-01T00:00:00",
        "weekday": "",
        "charges": 0.0,
        "color": null
      },
      {
        "pnl": 0.0,
        "pnlstr": "",
        "date": "2024-12-01T00:00:00",
        "weekday": "",
        "charges": 0.0,
        "color": null
      }
    ],
    "total": 429143.23,
    "totalstr": "4.29L"
  }
]