{
  "capital": 0.0,
  "totaltradingdays": 17,
  "windays": 11,
  "lossdays": 6,
  "maxwinningstreakdays": 5,
  "maxlosingstreakdays": 3,
  "maxdddays": 11,
  "maxdddaysstr": "28/02/2024 to 10/03/2024",
  "rewardtorisk": 0.0,
  "winrate": 64.70588235294117,
  "lossrate": 35.294117647058826,
  "avgmonthlyprofit": 429143.228244,
  "totalprofit": 429143.228244,
  "maxprofitaday": 131043.66,
  "maxlossaday": -137198.87,
  "avgprofit_lossdaily": 14304.774,
  "avgprofitonprofitdays": 63923.42545454546,
  "avglossonlossdays": -45669.07666666666,
  "maxdrawdown": 144439.0943,
  "maxdrawdownper": 0.0,
  "avgmonthlyprofitstr": "4.29L",
  "totalprofitstr": "4.29L",
  "maxprofitadaystr": "1.31L",
  "maxlossadaystr": "-1.37L",
  "avgprofit_lossdailystr": "14.3K",
  "avgprofitonprofitdaysstr": "63.92K",
  "avglossonlossdaysstr": "-45.67K",
  "maxdrawdownstr": "1.44L",
  "expectancyratio": 0.0
}