[
  {
    "pnl": 100259.5,
    "netpnl": 96286.734581,
    "date": "2024-02-19T00:00:00",
    "weekday": "Feb 2024",
    "charges": 3972.7654190000003,
    "color": null
  },
  {
    "pnl": 16705.75,
    "netpnl": 12114.314155999979,
    "date": "2024-02-26T00:00:00",
    "weekday": "Feb 2024",
    "charges": 4591.435844,
    "color": null
  },
  {
    "pnl": 101831.75,
    "netpnl": 96635.516199,
    "date": "2024-03-04T00:00:00",
    "weekday": "Mar 2024",
    "charges": 5196.233801,
    "color": null
  },
  {
    "pnl": 323914.5,
    "netpnl": 318666.772308,
    "date": "2024-03-11T00:00:00",
    "weekday": "Mar 2024",
    "charges": 5247.7276919999995,
    "color": null
  },
  {
    "pnl": -90604.25,
    "netpnl": -94560.109,
    "date": "2024-03-18T00:00:00",
    "weekday": "Mar 2024",
    "charges": 3955.8590000000004,
    "color": null
  }
]