[
  {
    "pnl": 0.0,
    "date": "2024-01-21T00:00:00",
    "weekday": "Jan 2024",
    "netpnl": 0.0
  },
  {
    "pnl": 0.0,
    "date": "2024-01-22T00:00:00",
    "weekday": "Jan 2024",
    "netpnl": 0.0
  },
  {
    "pnl": -59599.475914,
    "date": "2024-01-23T00:00:00",
    "weekday": "Jan 2024",
    "netpnl": -59599.475914
  },
  {
    "pnl": -44173.55785500001,
    "date": "2024-01-24T00:00:00",
    "weekday": "Jan 2024",
    "netpnl": -44173.55785500001
  },
  {
    "pnl": -106143.573699,
    "date": "2024-01-25T00:00:00",
    "weekday": "Jan 2024",
    "netpnl": -106143.573699
  },
  {
    "pnl": -106143.573699,
    "date": "2024-01-26T00:00:00",
    "weekday": "Jan 2024",
    "netpnl": -106143.573699
  },
  {
    "pnl": -106143.573699,
    "date": "2024-01-27T00:00:00",
    "weekday": "Jan 2024",
    "netpnl": -106143.573699
  },
  {
    "pnl": -106143.573699,
    "date": "2024-01-28T00:00:00",
    "weekday": "Jan 2024",
    "netpnl": -106143.573699
  },
  {
    "pnl": -154627.70795,
    "date": "2024-01-29T00:00:00",
    "weekday": "Jan 2024",
    "netpnl": -154627.70795
  },
  {
    "pnl": -134375.922655,
    "date": "2024-01-30T00:00:00",
    "weekday": "Jan 2024",
    "netpnl": -134375.922655
  },
  {
    "pnl": -117984.01333300001,
    "date": "2024-01-31T00:00:00",
    "weekday": "Jan 2024",
    "netpnl": -117984.01333300001
  },
  {
    "pnl": -108993.35502800002,
    "date": "2024-02-01T00:00:00",
    "weekday": "Feb 2024",
    "netpnl": -108993.35502800002
  },
  {
    "pnl": -96462.41840700002,
    "date": "2024-02-02T00:00:00",
    "weekday": "Feb 2024",
    "netpnl": -96462.41840700002
  },
  {
    "pnl": -96462.41840700002,
    "date": "2024-02-03T00:00:00",
    "weekday": "Feb 2024",
    "netpnl": -96462.41840700002
  },
  {
    "pnl": -96462.41840700002,
    "date": "2024-02-04T00:00:00",
    "weekday": "Feb 2024",
    "netpnl": -96462.41840700002
  },
  {
    "pnl": -154327.356465,
    "date": "2024-02-05T00:00:00",
    "weekday": "Feb 2024",
    "netpnl": -154327.356465
  },
  {
    "pnl": -168294.037517,
    "date": "2024-02-06T00:00:00",
    "weekday": "Feb 2024",
    "netpnl": -168294.037517
  },
  {
    "pnl": -148083.884392,
    "date": "2024-02-07T00:00:00",
    "weekday": "Feb 2024",
    "netpnl": -148083.884392
  },
  {
    "pnl": -128429.44568500001,
    "date": "2024-02-08T00:00:00",
    "weekday": "Feb 2024",
    "netpnl": -128429.44568500001
  },
  {
    "pnl": -104876.814892,
    "date": "2024-02-09T00:00:00",
    "weekday": "Feb 2024",
    "netpnl": -104876.814892
  },
  {
    "pnl": -104876.814892,
    "date": "2024-02-10T00:00:00",
    "weekday": "Feb 2024",
    "netpnl": -104876.814892
  },
  {
    "pnl": -104876.814892,
    "date": "2024-02-11T00:00:00",
    "weekday": "Feb 2024",
    "netpnl": -104876.814892
  },
  {
    "pnl": -80744.658824,
    "date": "2024-02-12T00:00:00",
    "weekday": "Feb 2024",
    "netpnl": -80744.658824
  },
  {
    "pnl": -74016.145807,
    "date": "2024-02-13T00:00:00",
    "weekday": "Feb 2024",
    "netpnl": -74016.145807
  },
  {
    "pnl": -87642.97751699999,
    "date": "2024-02-14T00:00:00",
    "weekday": "Feb 2024",
    "netpnl": -87642.97751699999
  },
  {
    "pnl": -129877.127672,
    "date": "2024-02-15T00:00:00",
    "weekday": "Feb 2024",
    "netpnl": -129877.127672
  },
  {
    "pnl": -124867.5597,
    "date": "2024-02-16T00:00:00",
    "weekday": "Feb 2024",
    "netpnl": -124867.5597
  },
  {
    "pnl": -124867.5597,
    "date": "2024-02-17T00:00:00",
    "weekday": "Feb 2024",
    "netpnl": -124867.5597
  },
  {
    "pnl": -124867.5597,
    "date": "2024-02-18T00:00:00",
    "weekday": "Feb 2024",
    "netpnl": -124867.5597
  },
  {
    "pnl": -118707.835554,
    "date": "2024-02-19T00:00:00",
    "weekday": "Feb 2024",
    "netpnl": -118707.835554
  },
  {
    "pnl": -111122.660691,
    "date": "2024-02-20T00:00:00",
    "weekday": "Feb 2024",
    "netpnl": -111122.660691
  },
  {
    "pnl": -95603.154587,
    "date": "2024-02-21T00:00:00",
    "weekday": "Feb 2024",
    "netpnl": -95603.154587
  },
  {
    "pnl": -63692.872382,
    "date": "2024-02-22T00:00:00",
    "weekday": "Feb 2024",
    "netpnl": -63692.872382
  },
  {
    "pnl": -130249.729547,
    "date": "2024-02-23T00:00:00",
    "weekday": "Feb 2024",
    "netpnl": -130249.729547
  },
  {
    "pnl": -130249.729547,
    "date": "2024-02-24T00:00:00",
    "weekday": "Feb 2024",
    "netpnl": -130249.729547
  },
  {
    "pnl": -130249.729547,
    "date": "2024-02-25T00:00:00",
    "weekday": "Feb 2024",
    "netpnl": -130249.729547
  },
  {
    "pnl": -127896.545984,
    "date": "2024-02-26T00:00:00",
    "weekday": "Feb 2024",
    "netpnl": -127896.545984
  },
  {
    "pnl": -132556.814116,
    "date": "2024-02-27T00:00:00",
    "weekday": "Feb 2024",
    "netpnl": -132556.814116
  },
  {
    "pnl": -106163.14102099999,
    "date": "2024-02-28T00:00:00",
    "weekday": "Feb 2024",
    "netpnl": -106163.14102099999
  },
  {
    "pnl": -144659.192624,
    "date": "2024-02-29T00:00:00",
    "weekday": "Feb 2024",
    "netpnl": -144659.192624
  },
  {
    "pnl": -115545.661323,
    "date": "2024-03-01T00:00:00",
    "weekday": "Mar 2024",
    "netpnl": -115545.661323
  },
  {
    "pnl": -115545.661323,
    "date": "2024-03-02T00:00:00",
    "weekday": "Mar 2024",
    "netpnl": -115545.661323
  },
  {
    "pnl": -115545.661323,
    "date": "2024-03-03T00:00:00",
    "weekday": "Mar 2024",
    "netpnl": -115545.661323
  },
  {
    "pnl": -82440.410635,
    "date": "2024-03-04T00:00:00",
    "weekday": "Mar 2024",
    "netpnl": -82440.410635
  },
  {
    "pnl": -68752.408411,
    "date": "2024-03-05T00:00:00",
    "weekday": "Mar 2024",
    "netpnl": -68752.408411
  },
  {
    "pnl": -36949.686950999996,
    "date": "2024-03-06T00:00:00",
    "weekday": "Mar 2024",
    "netpnl": -36949.686950999996
  },
  {
    "pnl": -1844.6230639999994,
    "date": "2024-03-07T00:00:00",
    "weekday": "Mar 2024",
    "netpnl": -1844.6230639999994
  },
  {
    "pnl": -1844.6230639999994,
    "date": "2024-03-08T00:00:00",
    "weekday": "Mar 2024",
    "netpnl": -1844.6230639999994
  },
  {
    "pnl": -1844.6230639999994,
    "date": "2024-03-09T00:00:00",
    "weekday": "Mar 2024",
    "netpnl": -1844.6230639999994
  },
  {
    "pnl": -1844.6230639999994,
    "date": "2024-03-10T00:00:00",
    "weekday": "Mar 2024",
    "netpnl": -1844.6230639999994
  },
  {
    "pnl": 0.0,
    "date": "2024-03-11T00:00:00",
    "weekday": "Mar 2024",
    "netpnl": 46876.115692
  },
  {
    "pnl": -70326.857631,
    "date": "2024-03-12T00:00:00",
    "weekday": "Mar 2024",
    "netpnl": -23450.741939000007
  },
  {
    "pnl": -20197.056023000005,
    "date": "2024-03-13T00:00:00",
    "weekday": "Mar 2024",
    "netpnl": 26679.059668999995
  },
  {
    "pnl": -29234.377079000005,
    "date": "2024-03-14T00:00:00",
    "weekday": "Mar 2024",
    "netpnl": 17641.738612999994
  },
  {
    "pnl": -14709.611431000005,
    "date": "2024-03-15T00:00:00",
    "weekday": "Mar 2024",
    "netpnl": 32166.504260999995
  },
  {
    "pnl": -14709.611431000005,
    "date": "2024-03-16T00:00:00",
    "weekday": "Mar 2024",
    "netpnl": 32166.504260999995
  },
  {
    "pnl": -14709.611431000005,
    "date": "2024-03-17T00:00:00",
    "weekday": "Mar 2024",
    "netpnl": 32166.504260999995
  },
  {
    "pnl": 0.0,
    "date": "2024-03-18T00:00:00",
    "weekday": "Mar 2024",
    "netpnl": 54953.869832
  },
  {
    "pnl": 0.0,
    "date": "2024-03-19T00:00:00",
    "weekday": "Mar 2024",
    "netpnl": 97081.966836
  }
]