[
  {
    "pnl": -107032.25,
    "netpnl": -117984.01333300001,
    "date": "2024-01-01T00:00:00",
    "weekday": "Jan 2024",
    "charges": 10951.763333,
    "color": null
  },
  {
    "pnl": -19336.5,
    "netpnl": -26675.179290999986,
    "date": "2024-02-01T00:00:00",
    "weekday": "Feb 2024",
    "charges": 7338.679291,
    "color": null
  },
  {
    "pnl": 246753.0,
    "netpnl": 241741.15946,
    "date": "2024-03-01T00:00:00",
    "weekday": "Mar 2024",
    "charges": 5011.84054,
    "color": null
  }
]