{
  "capital": 0.0,
  "totaltradingdays": 39,
  "windays": 27,
  "lossdays": 12,
  "maxwinningstreakdays": 6,
  "maxlosingstreakdays": 2,
  "maxdddays": 48,
  "maxdddaysstr": "22/01/2024 to 10/03/2024",
  "rewardtorisk": 0.0,
  "winrate": 69.23076923076923,
  "lossrate": 30.76923076923077,
  "avgmonthlyprofit": 48540.983418,
  "totalprofit": 97081.966836,
  "maxprofitaday": 50129.8,
  "maxlossaday": -70326.86,
  "avgprofit_lossdaily": 1645.4569491525426,
  "avgprofitonprofitdays": 21626.13148148148,
  "avglossonlossdays": -40568.6325,
  "maxdrawdown": 168294.037517,
  "maxdrawdownper": 0.0,
  "avgmonthlyprofitstr": "48.54K",
  "totalprofitstr": "97.08K",
  "maxprofitadaystr": "50.13K",
  "maxlossadaystr": "-70.33K",
  "avgprofit_lossdailystr": "1.65K",
  "avgprofitonprofitdaysstr": "21.63K",
  "avglossonlossdaysstr": "-40.57K",
  "maxdrawdownstr": "1.68L",
  "expectancyratio": 0.0
}