[
  {
    "pnl": -96852.5,
    "date": "2024-01-28T00:00:00",
    "weekday": "Jan 2024",
    "netpnl": -106143.573699
  },
  {
    "pnl": -84819.5,
    "date": "2024-02-04T00:00:00",
    "weekday": "Feb 2024",
    "netpnl": -96462.41840700002
  },
  {
    "pnl": -91642.25,
    "date": "2024-02-11T00:00:00",
    "weekday": "Feb 2024",
    "netpnl": -104876.814892
  },
  {
    "pnl": -109557.5,
    "date": "2024-02-18T00:00:00",
    "weekday": "Feb 2024",
    "netpnl": -124867.5597
  },
  {
    "pnl": -113048.75,
    "date": "2024-02-25T00:00:00",
    "weekday": "Feb 2024",
    "netpnl": -130249.729547
  },
  {
    "pnl": -97070.75,
    "date": "2024-03-03T00:00:00",
    "weekday": "Mar 2024",
    "netpnl": -115545.661323
  },
  {
    "pnl": 17764.75,
    "date": "2024-03-10T00:00:00",
    "weekday": "Mar 2024",
    "netpnl": -1844.6230639999994
  },
  {
    "pnl": 54323.5,
    "date": "2024-03-17T00:00:00",
    "weekday": "Mar 2024",
    "netpnl": 32166.504260999995
  },
  {
    "pnl": 120384.25,
    "date": "2024-03-24T00:00:00",
    "weekday": "Mar 2024",
    "netpnl": 97081.966836
  }
]