{
  "capital": 0.0,
  "totaltradingdays": 13,
  "windays": 10,
  "lossdays": 3,
  "maxwinningstreakdays": 6,
  "maxlosingstreakdays": 1,
  "maxdddays": 6,
  "maxdddaysstr": "11/03/2024 to 17/03/2024",
  "rewardtorisk": 0.0,
  "winrate": 76.92307692307693,
  "lossrate": 23.076923076923077,
  "avgmonthlyprofit": 0.0,
  "totalprofit": 239882.547342,
  "maxprofitaday": 50129.8,
  "maxlossaday": -70326.86,
  "avgprofit_lossdaily": 11994.127499999999,
  "avgprofitonprofitdays": 32110.533999999996,
  "avglossonlossdays": -27074.263333333332,
  "maxdrawdown": 70326.857631,
  "maxdrawdownper": 0.0,
  "avgmonthlyprofitstr": "",
  "totalprofitstr": "2.4L",
  "maxprofitadaystr": "50.13K",
  "maxlossadaystr": "-70.33K",
  "avgprofit_lossdailystr": "11.99K",
  "avgprofitonprofitdaysstr": "32.11K",
  "avglossonlossdaysstr": "-27.07K",
  "maxdrawdownstr": "70.33K",
  "expectancyratio": 0.0
}