[
  {
    "pnl": 29298.0,
    "netpnl": 29113.531301,
    "date": "2024-02-26T00:00:00",
    "weekday": "Feb 2024",
    "charges": 184.46869900000002,
    "color": null
  },
  {
    "pnl": 114835.5,
    "netpnl": 113701.038259,
    "date": "2024-03-04T00:00:00",
    "weekday": "Mar 2024",
    "charges": 1134.461741,
    "color": null
  },
  {
    "pnl": 36558.75,
    "netpnl": 34011.127324999994,
    "date": "2024-03-11T00:00:00",
    "weekday": "Mar 2024",
    "charges": 2547.622675,
    "color": null
  },
  {
    "pnl": 64595.25,
    "netpnl": 63056.850457,
    "date": "2024-03-18T00:00:00",
    "weekday": "Mar 2024",
    "charges": 1538.399543,
    "color": null
  }
]