[
  {
    "pnl": 29298.0,
    "date": "2024-02-26T00:00:00",
    "weekday": "Feb 2024",
    "netpnl": 29113.531301
  },
  {
    "pnl": 144133.5,
    "date": "2024-03-04T00:00:00",
    "weekday": "Mar 2024",
    "netpnl": 142814.56956
  },
  {
    "pnl": 180692.25,
    "date": "2024-03-11T00:00:00",
    "weekday": "Mar 2024",
    "netpnl": 176825.69688499998
  },
  {
    "pnl": 245287.5,
    "date": "2024-03-18T00:00:00",
    "weekday": "Mar 2024",
    "netpnl": 239882.54734199998
  }
]