[
  {
    "pnl": 0.0,
    "date": "2023-02-28T00:00:00",
    "weekday": "Feb 2023",
    "netpnl": 29465.389863
  },
  {
    "pnl": 0.0,
    "date": "2023-03-01T00:00:00",
    "weekday": "Mar 2023",
    "netpnl": 37220.307071
  },
  {
    "pnl": 0.0,
    "date": "2023-03-02T00:00:00",
    "weekday": "Mar 2023",
    "netpnl": 55672.654332000006
  },
  {
    "pnl": 0.0,
    "date": "2023-03-03T00:00:00",
    "weekday": "Mar 2023",
    "netpnl": 55672.654332000006
  },
  {
    "pnl": 0.0,
    "date": "2023-03-04T00:00:00",
    "weekday": "Mar 2023",
    "netpnl": 55672.654332000006
  },
  {
    "pnl": 0.0,
    "date": "2023-03-05T00:00:00",
    "weekday": "Mar 2023",
    "netpnl": 55672.654332000006
  },
  {
    "pnl": 0.0,
    "date": "2023-03-06T00:00:00",
    "weekday": "Mar 2023",
    "netpnl": 61016.600337
  },
  {
    "pnl": 0.0,
    "date": "2023-03-07T00:00:00",
    "weekday": "Mar 2023",
    "netpnl": 61016.600337
  },
  {
    "pnl": 0.0,
    "date": "2023-03-08T00:00:00",
    "weekday": "Mar 2023",
    "netpnl": 69434.974277
  },
  {
    "pnl": -48838.492266,
    "date": "2023-03-09T00:00:00",
    "weekday": "Mar 2023",
    "netpnl": 20596.482011
  },
  {
    "pnl": -48838.492266,
    "date": "2023-03-10T00:00:00",
    "weekday": "Mar 2023",
    "netpnl": 20596.482011
  },
  {
    "pnl": -48838.492266,
    "date": "2023-03-11T00:00:00",
    "weekday": "Mar 2023",
    "netpnl": 20596.482011
  },
  {
    "pnl": -48838.492266,
    "date": "2023-03-12T00:00:00",
    "weekday": "Mar 2023",
    "netpnl": 20596.482011
  },
  {
    "pnl": -19800.130052,
    "date": "2023-03-13T00:00:00",
    "weekday": "Mar 2023",
    "netpnl": 49634.844225
  },
  {
    "pnl": 0.0,
    "date": "2023-03-14T00:00:00",
    "weekday": "Mar 2023",
    "netpnl": 75746.72422999999
  },
  {
    "pnl": -19251.584848,
    "date": "2023-03-15T00:00:00",
    "weekday": "Mar 2023",
    "netpnl": 56495.139381999994
  },
  {
    "pnl": -84321.381008,
    "date": "2023-03-16T00:00:00",
    "weekday": "Mar 2023",
    "netpnl": -8574.656778000004
  },
  {
    "pnl": -84321.381008,
    "date": "2023-03-17T00:00:00",
    "weekday": "Mar 2023",
    "netpnl": -8574.656778000004
  },
  {
    "pnl": -84321.381008,
    "date": "2023-03-18T00:00:00",
    "weekday": "Mar 2023",
    "netpnl": -8574.656778000004
  },
  {
    "pnl": -84321.381008,
    "date": "2023-03-19T00:00:00",
    "weekday": "Mar 2023",
    "netpnl": -8574.656778000004
  },
  {
    "pnl": -109844.880481,
    "date": "2023-03-20T00:00:00",
    "weekday": "Mar 2023",
    "netpnl": -34098.15625100001
  },
  {
    "pnl": -113478.57311900001,
    "date": "2023-03-21T00:00:00",
    "weekday": "Mar 2023",
    "netpnl": -37731.84888900001
  },
  {
    "pnl": -98427.780063,
    "date": "2023-03-22T00:00:00",
    "weekday": "Mar 2023",
    "netpnl": -22681.055833000006
  },
  {
    "pnl": -165731.490221,
    "date": "2023-03-23T00:00:00",
    "weekday": "Mar 2023",
    "netpnl": -89984.76599100001
  },
  {
    "pnl": -165731.490221,
    "date": "2023-03-24T00:00:00",
    "weekday": "Mar 2023",
    "netpnl": -89984.76599100001
  },
  {
    "pnl": -165731.490221,
    "date": "2023-03-25T00:00:00",
    "weekday": "Mar 2023",
    "netpnl": -89984.76599100001
  },
  {
    "pnl": -165731.490221,
    "date": "2023-03-26T00:00:00",
    "weekday": "Mar 2023",
    "netpnl": -89984.76599100001
  },
  {
    "pnl": -114925.92788100001,
    "date": "2023-03-27T00:00:00",
    "weekday": "Mar 2023",
    "netpnl": -39179.20365100001
  },
  {
    "pnl": -78317.702451,
    "date": "2023-03-28T00:00:00",
    "weekday": "Mar 2023",
    "netpnl": -2570.978221000012
  },
  {
    "pnl": -72180.392596,
    "date": "2023-03-29T00:00:00",
    "weekday": "Mar 2023",
    "netpnl": 3566.3316339999883
  },
  {
    "pnl": -72180.392596,
    "date": "2023-03-30T00:00:00",
    "weekday": "Mar 2023",
    "netpnl": 3566.3316339999883
  },
  {
    "pnl": -72180.392596,
    "date": "2023-03-31T00:00:00",
    "weekday": "Mar 2023",
    "netpnl": 3566.3316339999883
  },
  {
    "pnl": -72180.392596,
    "date": "2023-04-01T00:00:00",
    "weekday": "Apr 2023",
    "netpnl": 3566.3316339999883
  },
  {
    "pnl": -72180.392596,
    "date": "2023-04-02T00:00:00",
    "weekday": "Apr 2023",
    "netpnl": 3566.3316339999883
  },
  {
    "pnl": -54238.99303400001,
    "date": "2023-04-03T00:00:00",
    "weekday": "Apr 2023",
    "netpnl": 21507.731195999986
  },
  {
    "pnl": -54238.99303400001,
    "date": "2023-04-04T00:00:00",
    "weekday": "Apr 2023",
    "netpnl": 21507.731195999986
  },
  {
    "pnl": -35495.18827900001,
    "date": "2023-04-05T00:00:00",
    "weekday": "Apr 2023",
    "netpnl": 40251.53595099998
  },
  {
    "pnl": 0.0,
    "date": "2023-04-06T00:00:00",
    "weekday": "Apr 2023",
    "netpnl": 90947.54646299998
  },
  {
    "pnl": 0.0,
    "date": "2023-04-07T00:00:00",
    "weekday": "Apr 2023",
    "netpnl": 90947.54646299998
  },
  {
    "pnl": 0.0,
    "date": "2023-04-08T00:00:00",
    "weekday": "Apr 2023",
    "netpnl": 90947.54646299998
  },
  {
    "pnl": 0.0,
    "date": "2023-04-09T00:00:00",
    "weekday": "Apr 2023",
    "netpnl": 90947.54646299998
  },
  {
    "pnl": -16281.621851999997,
    "date": "2023-04-10T00:00:00",
    "weekday": "Apr 2023",
    "netpnl": 74665.92461099998
  },
  {
    "pnl": -17057.10975399999,
    "date": "2023-04-11T00:00:00",
    "weekday": "Apr 2023",
    "netpnl": 73890.43670899999
  },
  {
    "pnl": -10080.933828999987,
    "date": "2023-04-12T00:00:00",
    "weekday": "Apr 2023",
    "netpnl": 80866.61263399999
  },
  {
    "pnl": -37019.98064999998,
    "date": "2023-04-13T00:00:00",
    "weekday": "Apr 2023",
    "netpnl": 53927.565812999994
  },
  {
    "pnl": -37019.98064999998,
    "date": "2023-04-14T00:00:00",
    "weekday": "Apr 2023",
    "netpnl": 53927.565812999994
  },
  {
    "pnl": -37019.98064999998,
    "date": "2023-04-15T00:00:00",
    "weekday": "Apr 2023",
    "netpnl": 53927.565812999994
  },
  {
    "pnl": -37019.98064999998,
    "date": "2023-04-16T00:00:00",
    "weekday": "Apr 2023",
    "netpnl": 53927.565812999994
  },
  {
    "pnl": -52638.63029699998,
    "date": "2023-04-17T00:00:00",
    "weekday": "Apr 2023",
    "netpnl": 38308.916165999995
  },
  {
    "pnl": -76222.37623699999,
    "date": "2023-04-18T00:00:00",
    "weekday": "Apr 2023",
    "netpnl": 14725.170225999995
  },
  {
    "pnl": -67019.88899199998,
    "date": "2023-04-19T00:00:00",
    "weekday": "Apr 2023",
    "netpnl": 23927.657470999995
  },
  {
    "pnl": -50342.05977699999,
    "date": "2023-04-20T00:00:00",
    "weekday": "Apr 2023",
    "netpnl": 40605.48668599999
  },
  {
    "pnl": -50342.05977699999,
    "date": "2023-04-21T00:00:00",
    "weekday": "Apr 2023",
    "netpnl": 40605.48668599999
  },
  {
    "pnl": -50342.05977699999,
    "date": "2023-04-22T00:00:00",
    "weekday": "Apr 2023",
    "netpnl": 40605.48668599999
  },
  {
    "pnl": -50342.05977699999,
    "date": "2023-04-23T00:00:00",
    "weekday": "Apr 2023",
    "netpnl": 40605.48668599999
  },
  {
    "pnl": -66919.67362699998,
    "date": "2023-04-24T00:00:00",
    "weekday": "Apr 2023",
    "netpnl": 24027.872835999988
  },
  {
    "pnl": -74937.23017199998,
    "date": "2023-04-25T00:00:00",
    "weekday": "Apr 2023",
    "netpnl": 16010.316290999988
  },
  {
    "pnl": -69443.99204499999,
    "date": "2023-04-26T00:00:00",
    "weekday": "Apr 2023",
    "netpnl": 21503.55441799999
  },
  {
    "pnl": -59719.42596599999,
    "date": "2023-04-27T00:00:00",
    "weekday": "Apr 2023",
    "netpnl": 31228.12049699999
  },
  {
    "pnl": -59719.42596599999,
    "date": "2023-04-28T00:00:00",
    "weekday": "Apr 2023",
    "netpnl": 31228.12049699999
  },
  {
    "pnl": -59719.42596599999,
    "date": "2023-04-29T00:00:00",
    "weekday": "Apr 2023",
    "netpnl": 31228.12049699999
  },
  {
    "pnl": -59719.42596599999,
    "date": "2023-04-30T00:00:00",
    "weekday": "Apr 2023",
    "netpnl": 31228.12049699999
  },
  {
    "pnl": -59719.42596599999,
    "date": "2023-05-01T00:00:00",
    "weekday": "May 2023",
    "netpnl": 31228.12049699999
  },
  {
    "pnl": -32553.40237199999,
    "date": "2023-05-02T00:00:00",
    "weekday": "May 2023",
    "netpnl": 58394.14409099999
  },
  {
    "pnl": -31301.28154699999,
    "date": "2023-05-03T00:00:00",
    "weekday": "May 2023",
    "netpnl": 59646.264915999986
  },
  {
    "pnl": -66028.68790199999,
    "date": "2023-05-04T00:00:00",
    "weekday": "May 2023",
    "netpnl": 24918.858560999986
  },
  {
    "pnl": -66028.68790199999,
    "date": "2023-05-05T00:00:00",
    "weekday": "May 2023",
    "netpnl": 24918.858560999986
  },
  {
    "pnl": -66028.68790199999,
    "date": "2023-05-06T00:00:00",
    "weekday": "May 2023",
    "netpnl": 24918.858560999986
  },
  {
    "pnl": -66028.68790199999,
    "date": "2023-05-07T00:00:00",
    "weekday": "May 2023",
    "netpnl": 24918.858560999986
  },
  {
    "pnl": -51566.90604299999,
    "date": "2023-05-08T00:00:00",
    "weekday": "May 2023",
    "netpnl": 39380.64041999999
  },
  {
    "pnl": -72963.10030299998,
    "date": "2023-05-09T00:00:00",
    "weekday": "May 2023",
    "netpnl": 17984.44615999999
  },
  {
    "pnl": -89163.65440399999,
    "date": "2023-05-10T00:00:00",
    "weekday": "May 2023",
    "netpnl": 1783.8920589999889
  },
  {
    "pnl": -93123.69073999999,
    "date": "2023-05-11T00:00:00",
    "weekday": "May 2023",
    "netpnl": -2176.144277000011
  },
  {
    "pnl": -93123.69073999999,
    "date": "2023-05-12T00:00:00",
    "weekday": "May 2023",
    "netpnl": -2176.144277000011
  },
  {
    "pnl": -93123.69073999999,
    "date": "2023-05-13T00:00:00",
    "weekday": "May 2023",
    "netpnl": -2176.144277000011
  },
  {
    "pnl": -93123.69073999999,
    "date": "2023-05-14T00:00:00",
    "weekday": "May 2023",
    "netpnl": -2176.144277000011
  },
  {
    "pnl": -79735.00420199998,
    "date": "2023-05-15T00:00:00",
    "weekday": "May 2023",
    "netpnl": 11212.54226099999
  },
  {
    "pnl": -87280.20082799999,
    "date": "2023-05-16T00:00:00",
    "weekday": "May 2023",
    "netpnl": 3667.3456349999897
  },
  {
    "pnl": -91341.04217999999,
    "date": "2023-05-17T00:00:00",
    "weekday": "May 2023",
    "netpnl": -393.4957170000107
  },
  {
    "pnl": -132621.74386,
    "date": "2023-05-18T00:00:00",
    "weekday": "May 2023",
    "netpnl": -41674.19739700001
  },
  {
    "pnl": -132621.74386,
    "date": "2023-05-19T00:00:00",
    "weekday": "May 2023",
    "netpnl": -41674.19739700001
  },
  {
    "pnl": -132621.74386,
    "date": "2023-05-20T00:00:00",
    "weekday": "May 2023",
    "netpnl": -41674.19739700001
  },
  {
    "pnl": -132621.74386,
    "date": "2023-05-21T00:00:00",
    "weekday": "May 2023",
    "netpnl": -41674.19739700001
  },
  {
    "pnl": -157191.164415,
    "date": "2023-05-22T00:00:00",
    "weekday": "May 2023",
    "netpnl": -66243.61795200002
  },
  {
    "pnl": -137484.291396,
    "date": "2023-05-23T00:00:00",
    "weekday": "May 2023",
    "netpnl": -46536.744933000016
  },
  {
    "pnl": -163835.40882299998,
    "date": "2023-05-24T00:00:00",
    "weekday": "May 2023",
    "netpnl": -72887.86236000001
  },
  {
    "pnl": -140764.51197599998,
    "date": "2023-05-25T00:00:00",
    "weekday": "May 2023",
    "netpnl": -49816.96551300002
  },
  {
    "pnl": -140764.51197599998,
    "date": "2023-05-26T00:00:00",
    "weekday": "May 2023",
    "netpnl": -49816.96551300002
  },
  {
    "pnl": -140764.51197599998,
    "date": "2023-05-27T00:00:00",
    "weekday": "May 2023",
    "netpnl": -49816.96551300002
  },
  {
    "pnl": -140764.51197599998,
    "date": "2023-05-28T00:00:00",
    "weekday": "May 2023",
    "netpnl": -49816.96551300002
  },
  {
    "pnl": -153051.28028,
    "date": "2023-05-29T00:00:00",
    "weekday": "May 2023",
    "netpnl": -62103.733817000015
  },
  {
    "pnl": -117154.502348,
    "date": "2023-05-30T00:00:00",
    "weekday": "May 2023",
    "netpnl": -26206.955885000018
  },
  {
    "pnl": -132219.121009,
    "date": "2023-05-31T00:00:00",
    "weekday": "May 2023",
    "netpnl": -41271.57454600002
  },
  {
    "pnl": -79601.139831,
    "date": "2023-06-01T00:00:00",
    "weekday": "Jun 2023",
    "netpnl": 11346.406631999984
  },
  {
    "pnl": -79601.139831,
    "date": "2023-06-02T00:00:00",
    "weekday": "Jun 2023",
    "netpnl": 11346.406631999984
  },
  {
    "pnl": -79601.139831,
    "date": "2023-06-03T00:00:00",
    "weekday": "Jun 2023",
    "netpnl": 11346.406631999984
  },
  {
    "pnl": -79601.139831,
    "date": "2023-06-04T00:00:00",
    "weekday": "Jun 2023",
    "netpnl": 11346.406631999984
  },
  {
    "pnl": -52540.46328799999,
    "date": "2023-06-05T00:00:00",
    "weekday": "Jun 2023",
    "netpnl": 38407.083174999985
  },
  {
    "pnl": -13126.473022999999,
    "date": "2023-06-06T00:00:00",
    "weekday": "Jun 2023",
    "netpnl": 77821.07343999998
  },
  {
    "pnl": -4600.024609999993,
    "date": "2023-06-07T00:00:00",
    "weekday": "Jun 2023",
    "netpnl": 86347.52185299998
  },
  {
    "pnl": 0.0,
    "date": "2023-06-08T00:00:00",
    "weekday": "Jun 2023",
    "netpnl": 116867.52056999998
  },
  {
    "pnl": 0.0,
    "date": "2023-06-09T00:00:00",
    "weekday": "Jun 2023",
    "netpnl": 116867.52056999998
  },
  {
    "pnl": 0.0,
    "date": "2023-06-10T00:00:00",
    "weekday": "Jun 2023",
    "netpnl": 116867.52056999998
  },
  {
    "pnl": 0.0,
    "date": "2023-06-11T00:00:00",
    "weekday": "Jun 2023",
    "netpnl": 116867.52056999998
  },
  {
    "pnl": 0.0,
    "date": "2023-06-12T00:00:00",
    "weekday": "Jun 2023",
    "netpnl": 133416.37859599997
  },
  {
    "pnl": 0.0,
    "date": "2023-06-13T00:00:00",
    "weekday": "Jun 2023",
    "netpnl": 145257.27726799998
  },
  {
    "pnl": 0.0,
    "date": "2023-06-14T00:00:00",
    "weekday": "Jun 2023",
    "netpnl": 147464.22513599996
  },
  {
    "pnl": 0.0,
    "date": "2023-06-15T00:00:00",
    "weekday": "Jun 2023",
    "netpnl": 186992.68525899996
  },
  {
    "pnl": 0.0,
    "date": "2023-06-16T00:00:00",
    "weekday": "Jun 2023",
    "netpnl": 186992.68525899996
  },
  {
    "pnl": 0.0,
    "date": "2023-06-17T00:00:00",
    "weekday": "Jun 2023",
    "netpnl": 186992.68525899996
  },
  {
    "pnl": 0.0,
    "date": "2023-06-18T00:00:00",
    "weekday": "Jun 2023",
    "netpnl": 186992.68525899996
  },
  {
    "pnl": 0.0,
    "date": "2023-06-19T00:00:00",
    "weekday": "Jun 2023",
    "netpnl": 208837.79644999997
  },
  {
    "pnl": -10318.989215999987,
    "date": "2023-06-20T00:00:00",
    "weekday": "Jun 2023",
    "netpnl": 198518.80723399998
  },
  {
    "pnl": -24730.32705999998,
    "date": "2023-06-21T00:00:00",
    "weekday": "Jun 2023",
    "netpnl": 184107.46938999998
  },
  {
    "pnl": -36670.38788099997,
    "date": "2023-06-22T00:00:00",
    "weekday": "Jun 2023",
    "netpnl": 172167.408569
  },
  {
    "pnl": -36670.38788099997,
    "date": "2023-06-23T00:00:00",
    "weekday": "Jun 2023",
    "netpnl": 172167.408569
  },
  {
    "pnl": -36670.38788099997,
    "date": "2023-06-24T00:00:00",
    "weekday": "Jun 2023",
    "netpnl": 172167.408569
  },
  {
    "pnl": -36670.38788099997,
    "date": "2023-06-25T00:00:00",
    "weekday": "Jun 2023",
    "netpnl": 172167.408569
  },
  {
    "pnl": -30575.496858999977,
    "date": "2023-06-26T00:00:00",
    "weekday": "Jun 2023",
    "netpnl": 178262.299591
  },
  {
    "pnl": -14050.524653999979,
    "date": "2023-06-27T00:00:00",
    "weekday": "Jun 2023",
    "netpnl": 194787.271796
  },
  {
    "pnl": -9350.830018999986,
    "date": "2023-06-28T00:00:00",
    "weekday": "Jun 2023",
    "netpnl": 199486.96643099998
  },
  {
    "pnl": -9350.830018999986,
    "date": "2023-06-29T00:00:00",
    "weekday": "Jun 2023",
    "netpnl": 199486.96643099998
  },
  {
    "pnl": -9350.830018999986,
    "date": "2023-06-30T00:00:00",
    "weekday": "Jun 2023",
    "netpnl": 199486.96643099998
  },
  {
    "pnl": -9350.830018999986,
    "date": "2023-07-01T00:00:00",
    "weekday": "Jul 2023",
    "netpnl": 199486.96643099998
  },
  {
    "pnl": -9350.830018999986,
    "date": "2023-07-02T00:00:00",
    "weekday": "Jul 2023",
    "netpnl": 199486.96643099998
  },
  {
    "pnl": -25340.734116999985,
    "date": "2023-07-03T00:00:00",
    "weekday": "Jul 2023",
    "netpnl": 183497.06233299998
  },
  {
    "pnl": -39597.98120499999,
    "date": "2023-07-04T00:00:00",
    "weekday": "Jul 2023",
    "netpnl": 169239.81524499998
  },
  {
    "pnl": -10082.468751999986,
    "date": "2023-07-05T00:00:00",
    "weekday": "Jul 2023",
    "netpnl": 198755.32769799998
  },
  {
    "pnl": 0.0,
    "date": "2023-07-06T00:00:00",
    "weekday": "Jul 2023",
    "netpnl": 272011.852486
  },
  {
    "pnl": 0.0,
    "date": "2023-07-07T00:00:00",
    "weekday": "Jul 2023",
    "netpnl": 272011.852486
  },
  {
    "pnl": 0.0,
    "date": "2023-07-08T00:00:00",
    "weekday": "Jul 2023",
    "netpnl": 272011.852486
  },
  {
    "pnl": 0.0,
    "date": "2023-07-09T00:00:00",
    "weekday": "Jul 2023",
    "netpnl": 272011.852486
  },
  {
    "pnl": -20572.44595699999,
    "date": "2023-07-10T00:00:00",
    "weekday": "Jul 2023",
    "netpnl": 251439.406529
  },
  {
    "pnl": -8805.989726,
    "date": "2023-07-11T00:00:00",
    "weekday": "Jul 2023",
    "netpnl": 263205.86276
  },
  {
    "pnl": -30749.607571,
    "date": "2023-07-12T00:00:00",
    "weekday": "Jul 2023",
    "netpnl": 241262.244915
  },
  {
    "pnl": -48671.35904000001,
    "date": "2023-07-13T00:00:00",
    "weekday": "Jul 2023",
    "netpnl": 223340.49344599998
  },
  {
    "pnl": -48671.35904000001,
    "date": "2023-07-14T00:00:00",
    "weekday": "Jul 2023",
    "netpnl": 223340.49344599998
  },
  {
    "pnl": -48671.35904000001,
    "date": "2023-07-15T00:00:00",
    "weekday": "Jul 2023",
    "netpnl": 223340.49344599998
  },
  {
    "pnl": -48671.35904000001,
    "date": "2023-07-16T00:00:00",
    "weekday": "Jul 2023",
    "netpnl": 223340.49344599998
  },
  {
    "pnl": -44648.99000300001,
    "date": "2023-07-17T00:00:00",
    "weekday": "Jul 2023",
    "netpnl": 227362.86248299998
  },
  {
    "pnl": -59717.96629500002,
    "date": "2023-07-18T00:00:00",
    "weekday": "Jul 2023",
    "netpnl": 212293.88619099997
  },
  {
    "pnl": -26893.635356000013,
    "date": "2023-07-19T00:00:00",
    "weekday": "Jul 2023",
    "netpnl": 245118.21712999998
  },
  {
    "pnl": -63138.94869800002,
    "date": "2023-07-20T00:00:00",
    "weekday": "Jul 2023",
    "netpnl": 208872.90378799997
  },
  {
    "pnl": -63138.94869800002,
    "date": "2023-07-21T00:00:00",
    "weekday": "Jul 2023",
    "netpnl": 208872.90378799997
  },
  {
    "pnl": -63138.94869800002,
    "date": "2023-07-22T00:00:00",
    "weekday": "Jul 2023",
    "netpnl": 208872.90378799997
  },
  {
    "pnl": -63138.94869800002,
    "date": "2023-07-23T00:00:00",
    "weekday": "Jul 2023",
    "netpnl": 208872.90378799997
  },
  {
    "pnl": -89602.87750200002,
    "date": "2023-07-24T00:00:00",
    "weekday": "Jul 2023",
    "netpnl": 182408.97498399997
  },
  {
    "pnl": -101617.26002500003,
    "date": "2023-07-25T00:00:00",
    "weekday": "Jul 2023",
    "netpnl": 170394.59246099996
  },
  {
    "pnl": -93524.72223600003,
    "date": "2023-07-26T00:00:00",
    "weekday": "Jul 2023",
    "netpnl": 178487.13024999996
  },
  {
    "pnl": -70599.65715900002,
    "date": "2023-07-27T00:00:00",
    "weekday": "Jul 2023",
    "netpnl": 201412.19532699996
  },
  {
    "pnl": -70599.65715900002,
    "date": "2023-07-28T00:00:00",
    "weekday": "Jul 2023",
    "netpnl": 201412.19532699996
  },
  {
    "pnl": -70599.65715900002,
    "date": "2023-07-29T00:00:00",
    "weekday": "Jul 2023",
    "netpnl": 201412.19532699996
  },
  {
    "pnl": -70599.65715900002,
    "date": "2023-07-30T00:00:00",
    "weekday": "Jul 2023",
    "netpnl": 201412.19532699996
  },
  {
    "pnl": -41291.76706000001,
    "date": "2023-07-31T00:00:00",
    "weekday": "Jul 2023",
    "netpnl": 230720.08542599998
  },
  {
    "pnl": 0.0,
    "date": "2023-08-01T00:00:00",
    "weekday": "Aug 2023",
    "netpnl": 276581.440221
  },
  {
    "pnl": -19430.591401000012,
    "date": "2023-08-02T00:00:00",
    "weekday": "Aug 2023",
    "netpnl": 257150.84881999998
  },
  {
    "pnl": -14890.141212000017,
    "date": "2023-08-03T00:00:00",
    "weekday": "Aug 2023",
    "netpnl": 261691.29900899998
  },
  {
    "pnl": -14890.141212000017,
    "date": "2023-08-04T00:00:00",
    "weekday": "Aug 2023",
    "netpnl": 261691.29900899998
  },
  {
    "pnl": -14890.141212000017,
    "date": "2023-08-05T00:00:00",
    "weekday": "Aug 2023",
    "netpnl": 261691.29900899998
  },
  {
    "pnl": -14890.141212000017,
    "date": "2023-08-06T00:00:00",
    "weekday": "Aug 2023",
    "netpnl": 261691.29900899998
  },
  {
    "pnl": -41407.99695100001,
    "date": "2023-08-07T00:00:00",
    "weekday": "Aug 2023",
    "netpnl": 235173.44327
  },
  {
    "pnl": 0.0,
    "date": "2023-08-08T00:00:00",
    "weekday": "Aug 2023",
    "netpnl": 285558.70898
  },
  {
    "pnl": 0.0,
    "date": "2023-08-09T00:00:00",
    "weekday": "Aug 2023",
    "netpnl": 285558.70898
  },
  {
    "pnl": 0.0,
    "date": "2023-08-10T00:00:00",
    "weekday": "Aug 2023",
    "netpnl": 302364.996889
  },
  {
    "pnl": 0.0,
    "date": "2023-08-11T00:00:00",
    "weekday": "Aug 2023",
    "netpnl": 302364.996889
  },
  {
    "pnl": 0.0,
    "date": "2023-08-12T00:00:00",
    "weekday": "Aug 2023",
    "netpnl": 302364.996889
  },
  {
    "pnl": 0.0,
    "date": "2023-08-13T00:00:00",
    "weekday": "Aug 2023",
    "netpnl": 302364.996889
  },
  {
    "pnl": 0.0,
    "date": "2023-08-14T00:00:00",
    "weekday": "Aug 2023",
    "netpnl": 367928.608716
  },
  {
    "pnl": 0.0,
    "date": "2023-08-15T00:00:00",
    "weekday": "Aug 2023",
    "netpnl": 367928.608716
  },
  {
    "pnl": 0.0,
    "date": "2023-08-16T00:00:00",
    "weekday": "Aug 2023",
    "netpnl": 381519.716439
  },
  {
    "pnl": 0.0,
    "date": "2023-08-17T00:00:00",
    "weekday": "Aug 2023",
    "netpnl": 435171.146115
  },
  {
    "pnl": 0.0,
    "date": "2023-08-18T00:00:00",
    "weekday": "Aug 2023",
    "netpnl": 435171.146115
  },
  {
    "pnl": 0.0,
    "date": "2023-08-19T00:00:00",
    "weekday": "Aug 2023",
    "netpnl": 435171.146115
  },
  {
    "pnl": 0.0,
    "date": "2023-08-20T00:00:00",
    "weekday": "Aug 2023",
    "netpnl": 435171.146115
  },
  {
    "pnl": 0.0,
    "date": "2023-08-21T00:00:00",
    "weekday": "Aug 2023",
    "netpnl": 435171.146115
  },
  {
    "pnl": -5531.738722999988,
    "date": "2023-08-22T00:00:00",
    "weekday": "Aug 2023",
    "netpnl": 429639.407392
  },
  {
    "pnl": -8634.08957499999,
    "date": "2023-08-23T00:00:00",
    "weekday": "Aug 2023",
    "netpnl": 426537.05654
  },
  {
    "pnl": -13139.040891000011,
    "date": "2023-08-24T00:00:00",
    "weekday": "Aug 2023",
    "netpnl": 422032.105224
  },
  {
    "pnl": -13139.040891000011,
    "date": "2023-08-25T00:00:00",
    "weekday": "Aug 2023",
    "netpnl": 422032.105224
  },
  {
    "pnl": -13139.040891000011,
    "date": "2023-08-26T00:00:00",
    "weekday": "Aug 2023",
    "netpnl": 422032.105224
  },
  {
    "pnl": -13139.040891000011,
    "date": "2023-08-27T00:00:00",
    "weekday": "Aug 2023",
    "netpnl": 422032.105224
  },
  {
    "pnl": -2731.9684439999983,
    "date": "2023-08-28T00:00:00",
    "weekday": "Aug 2023",
    "netpnl": 432439.177671
  },
  {
    "pnl": 0.0,
    "date": "2023-08-29T00:00:00",
    "weekday": "Aug 2023",
    "netpnl": 491403.95738700003
  },
  {
    "pnl": -12291.757114999986,
    "date": "2023-08-30T00:00:00",
    "weekday": "Aug 2023",
    "netpnl": 479112.20027200005
  },
  {
    "pnl": 0.0,
    "date": "2023-08-31T00:00:00",
    "weekday": "Aug 2023",
    "netpnl": 546009.010917
  },
  {
    "pnl": 0.0,
    "date": "2023-09-01T00:00:00",
    "weekday": "Sep 2023",
    "netpnl": 546009.010917
  },
  {
    "pnl": 0.0,
    "date": "2023-09-02T00:00:00",
    "weekday": "Sep 2023",
    "netpnl": 546009.010917
  },
  {
    "pnl": 0.0,
    "date": "2023-09-03T00:00:00",
    "weekday": "Sep 2023",
    "netpnl": 546009.010917
  },
  {
    "pnl": 0.0,
    "date": "2023-09-04T00:00:00",
    "weekday": "Sep 2023",
    "netpnl": 546009.010917
  },
  {
    "pnl": 0.0,
    "date": "2023-09-05T00:00:00",
    "weekday": "Sep 2023",
    "netpnl": 600387.320569
  },
  {
    "pnl": 0.0,
    "date": "2023-09-06T00:00:00",
    "weekday": "Sep 2023",
    "netpnl": 620731.293907
  },
  {
    "pnl": -36711.44184500002,
    "date": "2023-09-07T00:00:00",
    "weekday": "Sep 2023",
    "netpnl": 584019.852062
  },
  {
    "pnl": -36711.44184500002,
    "date": "2023-09-08T00:00:00",
    "weekday": "Sep 2023",
    "netpnl": 584019.852062
  },
  {
    "pnl": -36711.44184500002,
    "date": "2023-09-09T00:00:00",
    "weekday": "Sep 2023",
    "netpnl": 584019.852062
  },
  {
    "pnl": -36711.44184500002,
    "date": "2023-09-10T00:00:00",
    "weekday": "Sep 2023",
    "netpnl": 584019.852062
  },
  {
    "pnl": -36711.44184500002,
    "date": "2023-09-11T00:00:00",
    "weekday": "Sep 2023",
    "netpnl": 584019.852062
  },
  {
    "pnl": -38777.37698399997,
    "date": "2023-09-12T00:00:00",
    "weekday": "Sep 2023",
    "netpnl": 581953.916923
  },
  {
    "pnl": -35987.61014799995,
    "date": "2023-09-13T00:00:00",
    "weekday": "Sep 2023",
    "netpnl": 584743.683759
  },
  {
    "pnl": 0.0,
    "date": "2023-09-14T00:00:00",
    "weekday": "Sep 2023",
    "netpnl": 630074.426851
  },
  {
    "pnl": 0.0,
    "date": "2023-09-15T00:00:00",
    "weekday": "Sep 2023",
    "netpnl": 630074.426851
  },
  {
    "pnl": 0.0,
    "date": "2023-09-16T00:00:00",
    "weekday": "Sep 2023",
    "netpnl": 630074.426851
  },
  {
    "pnl": 0.0,
    "date": "2023-09-17T00:00:00",
    "weekday": "Sep 2023",
    "netpnl": 630074.426851
  },
  {
    "pnl": -10785.877853999962,
    "date": "2023-09-18T00:00:00",
    "weekday": "Sep 2023",
    "netpnl": 619288.5489970001
  },
  {
    "pnl": -10785.877853999962,
    "date": "2023-09-19T00:00:00",
    "weekday": "Sep 2023",
    "netpnl": 619288.5489970001
  },
  {
    "pnl": -23178.921923000016,
    "date": "2023-09-20T00:00:00",
    "weekday": "Sep 2023",
    "netpnl": 606895.504928
  },
  {
    "pnl": 0.0,
    "date": "2023-09-21T00:00:00",
    "weekday": "Sep 2023",
    "netpnl": 670410.8546150001
  },
  {
    "pnl": 0.0,
    "date": "2023-09-22T00:00:00",
    "weekday": "Sep 2023",
    "netpnl": 670410.8546150001
  },
  {
    "pnl": 0.0,
    "date": "2023-09-23T00:00:00",
    "weekday": "Sep 2023",
    "netpnl": 670410.8546150001
  },
  {
    "pnl": 0.0,
    "date": "2023-09-24T00:00:00",
    "weekday": "Sep 2023",
    "netpnl": 670410.8546150001
  },
  {
    "pnl": 0.0,
    "date": "2023-09-25T00:00:00",
    "weekday": "Sep 2023",
    "netpnl": 670410.8546150001
  },
  {
    "pnl": -25057.21085100004,
    "date": "2023-09-26T00:00:00",
    "weekday": "Sep 2023",
    "netpnl": 645353.643764
  },
  {
    "pnl": -25057.21085100004,
    "date": "2023-09-27T00:00:00",
    "weekday": "Sep 2023",
    "netpnl": 645353.643764
  },
  {
    "pnl": -41961.92855000007,
    "date": "2023-09-28T00:00:00",
    "weekday": "Sep 2023",
    "netpnl": 628448.926065
  },
  {
    "pnl": -41961.92855000007,
    "date": "2023-09-29T00:00:00",
    "weekday": "Sep 2023",
    "netpnl": 628448.926065
  },
  {
    "pnl": -41961.92855000007,
    "date": "2023-09-30T00:00:00",
    "weekday": "Sep 2023",
    "netpnl": 628448.926065
  },
  {
    "pnl": -41961.92855000007,
    "date": "2023-10-01T00:00:00",
    "weekday": "Oct 2023",
    "netpnl": 628448.926065
  },
  {
    "pnl": -41961.92855000007,
    "date": "2023-10-02T00:00:00",
    "weekday": "Oct 2023",
    "netpnl": 628448.926065
  },
  {
    "pnl": -27005.64637500001,
    "date": "2023-10-03T00:00:00",
    "weekday": "Oct 2023",
    "netpnl": 643405.2082400001
  },
  {
    "pnl": 0.0,
    "date": "2023-10-04T00:00:00",
    "weekday": "Oct 2023",
    "netpnl": 675325.6680340001
  },
  {
    "pnl": 0.0,
    "date": "2023-10-05T00:00:00",
    "weekday": "Oct 2023",
    "netpnl": 720900.293791
  },
  {
    "pnl": 0.0,
    "date": "2023-10-06T00:00:00",
    "weekday": "Oct 2023",
    "netpnl": 720900.293791
  },
  {
    "pnl": 0.0,
    "date": "2023-10-07T00:00:00",
    "weekday": "Oct 2023",
    "netpnl": 720900.293791
  },
  {
    "pnl": 0.0,
    "date": "2023-10-08T00:00:00",
    "weekday": "Oct 2023",
    "netpnl": 720900.293791
  },
  {
    "pnl": 0.0,
    "date": "2023-10-09T00:00:00",
    "weekday": "Oct 2023",
    "netpnl": 720900.293791
  },
  {
    "pnl": 0.0,
    "date": "2023-10-10T00:00:00",
    "weekday": "Oct 2023",
    "netpnl": 819050.921713
  },
  {
    "pnl": -10223.56213700003,
    "date": "2023-10-11T00:00:00",
    "weekday": "Oct 2023",
    "netpnl": 808827.359576
  },
  {
    "pnl": 0.0,
    "date": "2023-10-12T00:00:00",
    "weekday": "Oct 2023",
    "netpnl": 836199.173812
  },
  {
    "pnl": 0.0,
    "date": "2023-10-13T00:00:00",
    "weekday": "Oct 2023",
    "netpnl": 836199.173812
  },
  {
    "pnl": 0.0,
    "date": "2023-10-14T00:00:00",
    "weekday": "Oct 2023",
    "netpnl": 836199.173812
  },
  {
    "pnl": 0.0,
    "date": "2023-10-15T00:00:00",
    "weekday": "Oct 2023",
    "netpnl": 836199.173812
  },
  {
    "pnl": 0.0,
    "date": "2023-10-16T00:00:00",
    "weekday": "Oct 2023",
    "netpnl": 836199.173812
  },
  {
    "pnl": 0.0,
    "date": "2023-10-17T00:00:00",
    "weekday": "Oct 2023",
    "netpnl": 924646.268905
  },
  {
    "pnl": 0.0,
    "date": "2023-10-18T00:00:00",
    "weekday": "Oct 2023",
    "netpnl": 938593.3952759999
  },
  {
    "pnl": 0.0,
    "date": "2023-10-19T00:00:00",
    "weekday": "Oct 2023",
    "netpnl": 953522.189786
  },
  {
    "pnl": 0.0,
    "date": "2023-10-20T00:00:00",
    "weekday": "Oct 2023",
    "netpnl": 953522.189786
  },
  {
    "pnl": 0.0,
    "date": "2023-10-21T00:00:00",
    "weekday": "Oct 2023",
    "netpnl": 953522.189786
  },
  {
    "pnl": 0.0,
    "date": "2023-10-22T00:00:00",
    "weekday": "Oct 2023",
    "netpnl": 953522.189786
  },
  {
    "pnl": 0.0,
    "date": "2023-10-23T00:00:00",
    "weekday": "Oct 2023",
    "netpnl": 977980.215951
  },
  {
    "pnl": 0.0,
    "date": "2023-10-24T00:00:00",
    "weekday": "Oct 2023",
    "netpnl": 977980.215951
  },
  {
    "pnl": 0.0,
    "date": "2023-10-25T00:00:00",
    "weekday": "Oct 2023",
    "netpnl": 977980.215951
  },
  {
    "pnl": -20928.103775999974,
    "date": "2023-10-26T00:00:00",
    "weekday": "Oct 2023",
    "netpnl": 957052.112175
  },
  {
    "pnl": -20928.103775999974,
    "date": "2023-10-27T00:00:00",
    "weekday": "Oct 2023",
    "netpnl": 957052.112175
  },
  {
    "pnl": -20928.103775999974,
    "date": "2023-10-28T00:00:00",
    "weekday": "Oct 2023",
    "netpnl": 957052.112175
  },
  {
    "pnl": -20928.103775999974,
    "date": "2023-10-29T00:00:00",
    "weekday": "Oct 2023",
    "netpnl": 957052.112175
  },
  {
    "pnl": 0.0,
    "date": "2023-10-30T00:00:00",
    "weekday": "Oct 2023",
    "netpnl": 985253.560436
  },
  {
    "pnl": 0.0,
    "date": "2023-10-31T00:00:00",
    "weekday": "Oct 2023",
    "netpnl": 1001784.109657
  },
  {
    "pnl": 0.0,
    "date": "2023-11-01T00:00:00",
    "weekday": "Nov 2023",
    "netpnl": 1136149.4028430001
  },
  {
    "pnl": 0.0,
    "date": "2023-11-02T00:00:00",
    "weekday": "Nov 2023",
    "netpnl": 1169904.8098660002
  },
  {
    "pnl": 0.0,
    "date": "2023-11-03T00:00:00",
    "weekday": "Nov 2023",
    "netpnl": 1169904.8098660002
  },
  {
    "pnl": 0.0,
    "date": "2023-11-04T00:00:00",
    "weekday": "Nov 2023",
    "netpnl": 1169904.8098660002
  },
  {
    "pnl": 0.0,
    "date": "2023-11-05T00:00:00",
    "weekday": "Nov 2023",
    "netpnl": 1169904.8098660002
  },
  {
    "pnl": 0.0,
    "date": "2023-11-06T00:00:00",
    "weekday": "Nov 2023",
    "netpnl": 1203233.856482
  },
  {
    "pnl": -88951.21986000007,
    "date": "2023-11-07T00:00:00",
    "weekday": "Nov 2023",
    "netpnl": 1114282.636622
  },
  {
    "pnl": -49013.850390000036,
    "date": "2023-11-08T00:00:00",
    "weekday": "Nov 2023",
    "netpnl": 1154220.006092
  },
  {
    "pnl": 0.0,
    "date": "2023-11-09T00:00:00",
    "weekday": "Nov 2023",
    "netpnl": 1258571.3468550001
  },
  {
    "pnl": 0.0,
    "date": "2023-11-10T00:00:00",
    "weekday": "Nov 2023",
    "netpnl": 1258571.3468550001
  },
  {
    "pnl": 0.0,
    "date": "2023-11-11T00:00:00",
    "weekday": "Nov 2023",
    "netpnl": 1258571.3468550001
  },
  {
    "pnl": 0.0,
    "date": "2023-11-12T00:00:00",
    "weekday": "Nov 2023",
    "netpnl": 1258571.3468550001
  },
  {
    "pnl": 0.0,
    "date": "2023-11-13T00:00:00",
    "weekday": "Nov 2023",
    "netpnl": 1281633.4796350002
  },
  {
    "pnl": 0.0,
    "date": "2023-11-14T00:00:00",
    "weekday": "Nov 2023",
    "netpnl": 1281633.4796350002
  },
  {
    "pnl": 0.0,
    "date": "2023-11-15T00:00:00",
    "weekday": "Nov 2023",
    "netpnl": 1382920.0280740003
  },
  {
    "pnl": -21881.625945999986,
    "date": "2023-11-16T00:00:00",
    "weekday": "Nov 2023",
    "netpnl": 1361038.4021280003
  },
  {
    "pnl": -21881.625945999986,
    "date": "2023-11-17T00:00:00",
    "weekday": "Nov 2023",
    "netpnl": 1361038.4021280003
  },
  {
    "pnl": -21881.625945999986,
    "date": "2023-11-18T00:00:00",
    "weekday": "Nov 2023",
    "netpnl": 1361038.4021280003
  },
  {
    "pnl": -21881.625945999986,
    "date": "2023-11-19T00:00:00",
    "weekday": "Nov 2023",
    "netpnl": 1361038.4021280003
  },
  {
    "pnl": -49009.769040999934,
    "date": "2023-11-20T00:00:00",
    "weekday": "Nov 2023",
    "netpnl": 1333910.2590330003
  },
  {
    "pnl": 0.0,
    "date": "2023-11-21T00:00:00",
    "weekday": "Nov 2023",
    "netpnl": 1420648.4072680003
  },
  {
    "pnl": 0.0,
    "date": "2023-11-22T00:00:00",
    "weekday": "Nov 2023",
    "netpnl": 1467591.8062770003
  },
  {
    "pnl": 0.0,
    "date": "2023-11-23T00:00:00",
    "weekday": "Nov 2023",
    "netpnl": 1516271.3974430002
  },
  {
    "pnl": 0.0,
    "date": "2023-11-24T00:00:00",
    "weekday": "Nov 2023",
    "netpnl": 1567366.4576700001
  },
  {
    "pnl": 0.0,
    "date": "2023-11-25T00:00:00",
    "weekday": "Nov 2023",
    "netpnl": 1567366.4576700001
  },
  {
    "pnl": 0.0,
    "date": "2023-11-26T00:00:00",
    "weekday": "Nov 2023",
    "netpnl": 1567366.4576700001
  },
  {
    "pnl": 0.0,
    "date": "2023-11-27T00:00:00",
    "weekday": "Nov 2023",
    "netpnl": 1567366.4576700001
  },
  {
    "pnl": -1968.5917410000693,
    "date": "2023-11-28T00:00:00",
    "weekday": "Nov 2023",
    "netpnl": 1565397.865929
  },
  {
    "pnl": -1968.5917410000693,
    "date": "2023-11-29T00:00:00",
    "weekday": "Nov 2023",
    "netpnl": 1565397.865929
  },
  {
    "pnl": -9785.073371000122,
    "date": "2023-11-30T00:00:00",
    "weekday": "Nov 2023",
    "netpnl": 1557581.384299
  },
  {
    "pnl": -9785.073371000122,
    "date": "2023-12-01T00:00:00",
    "weekday": "Dec 2023",
    "netpnl": 1557581.384299
  },
  {
    "pnl": -9785.073371000122,
    "date": "2023-12-02T00:00:00",
    "weekday": "Dec 2023",
    "netpnl": 1557581.384299
  },
  {
    "pnl": -9785.073371000122,
    "date": "2023-12-03T00:00:00",
    "weekday": "Dec 2023",
    "netpnl": 1557581.384299
  },
  {
    "pnl": -54926.428928000154,
    "date": "2023-12-04T00:00:00",
    "weekday": "Dec 2023",
    "netpnl": 1512440.028742
  },
  {
    "pnl": -41844.30049000005,
    "date": "2023-12-05T00:00:00",
    "weekday": "Dec 2023",
    "netpnl": 1525522.15718
  },
  {
    "pnl": -35494.026849000016,
    "date": "2023-12-06T00:00:00",
    "weekday": "Dec 2023",
    "netpnl": 1531872.4308210001
  },
  {
    "pnl": 0.0,
    "date": "2023-12-07T00:00:00",
    "weekday": "Dec 2023",
    "netpnl": 1614694.582176
  },
  {
    "pnl": 0.0,
    "date": "2023-12-08T00:00:00",
    "weekday": "Dec 2023",
    "netpnl": 1614694.582176
  },
  {
    "pnl": 0.0,
    "date": "2023-12-09T00:00:00",
    "weekday": "Dec 2023",
    "netpnl": 1614694.582176
  },
  {
    "pnl": 0.0,
    "date": "2023-12-10T00:00:00",
    "weekday": "Dec 2023",
    "netpnl": 1614694.582176
  },
  {
    "pnl": -46876.91578599997,
    "date": "2023-12-11T00:00:00",
    "weekday": "Dec 2023",
    "netpnl": 1567817.6663900001
  },
  {
    "pnl": -29932.048332999926,
    "date": "2023-12-12T00:00:00",
    "weekday": "Dec 2023",
    "netpnl": 1584762.5338430002
  },
  {
    "pnl": 0.0,
    "date": "2023-12-13T00:00:00",
    "weekday": "Dec 2023",
    "netpnl": 1621674.0823690002
  },
  {
    "pnl": -40839.66583500011,
    "date": "2023-12-14T00:00:00",
    "weekday": "Dec 2023",
    "netpnl": 1580834.416534
  },
  {
    "pnl": -40839.66583500011,
    "date": "2023-12-15T00:00:00",
    "weekday": "Dec 2023",
    "netpnl": 1580834.416534
  },
  {
    "pnl": -40839.66583500011,
    "date": "2023-12-16T00:00:00",
    "weekday": "Dec 2023",
    "netpnl": 1580834.416534
  },
  {
    "pnl": -40839.66583500011,
    "date": "2023-12-17T00:00:00",
    "weekday": "Dec 2023",
    "netpnl": 1580834.416534
  },
  {
    "pnl": -35769.52665600018,
    "date": "2023-12-18T00:00:00",
    "weekday": "Dec 2023",
    "netpnl": 1585904.555713
  },
  {
    "pnl": -11716.402208000189,
    "date": "2023-12-19T00:00:00",
    "weekday": "Dec 2023",
    "netpnl": 1609957.680161
  },
  {
    "pnl": 0.0,
    "date": "2023-12-20T00:00:00",
    "weekday": "Dec 2023",
    "netpnl": 1629065.301352
  },
  {
    "pnl": -670.9003449999727,
    "date": "2023-12-21T00:00:00",
    "weekday": "Dec 2023",
    "netpnl": 1628394.4010070001
  },
  {
    "pnl": 0.0,
    "date": "2023-12-22T00:00:00",
    "weekday": "Dec 2023",
    "netpnl": 1634684.057677
  },
  {
    "pnl": 0.0,
    "date": "2023-12-23T00:00:00",
    "weekday": "Dec 2023",
    "netpnl": 1634684.057677
  },
  {
    "pnl": 0.0,
    "date": "2023-12-24T00:00:00",
    "weekday": "Dec 2023",
    "netpnl": 1634684.057677
  },
  {
    "pnl": 0.0,
    "date": "2023-12-25T00:00:00",
    "weekday": "Dec 2023",
    "netpnl": 1634684.057677
  },
  {
    "pnl": -98728.06027700007,
    "date": "2023-12-26T00:00:00",
    "weekday": "Dec 2023",
    "netpnl": 1535955.9974
  },
  {
    "pnl": -98728.06027700007,
    "date": "2023-12-27T00:00:00",
    "weekday": "Dec 2023",
    "netpnl": 1535955.9974
  },
  {
    "pnl": -51777.06076100003,
    "date": "2023-12-28T00:00:00",
    "weekday": "Dec 2023",
    "netpnl": 1582906.996916
  },
  {
    "pnl": -51777.06076100003,
    "date": "2023-12-29T00:00:00",
    "weekday": "Dec 2023",
    "netpnl": 1582906.996916
  },
  {
    "pnl": -51777.06076100003,
    "date": "2023-12-30T00:00:00",
    "weekday": "Dec 2023",
    "netpnl": 1582906.996916
  },
  {
    "pnl": -51777.06076100003,
    "date": "2023-12-31T00:00:00",
    "weekday": "Dec 2023",
    "netpnl": 1582906.996916
  },
  {
    "pnl": -29584.373980999924,
    "date": "2024-01-01T00:00:00",
    "weekday": "Jan 2024",
    "netpnl": 1605099.6836960001
  },
  {
    "pnl": 0.0,
    "date": "2024-01-02T00:00:00",
    "weekday": "Jan 2024",
    "netpnl": 1654970.2221700002
  },
  {
    "pnl": 0.0,
    "date": "2024-01-03T00:00:00",
    "weekday": "Jan 2024",
    "netpnl": 1660881.516585
  },
  {
    "pnl": 0.0,
    "date": "2024-01-04T00:00:00",
    "weekday": "Jan 2024",
    "netpnl": 1734910.412149
  },
  {
    "pnl": 0.0,
    "date": "2024-01-05T00:00:00",
    "weekday": "Jan 2024",
    "netpnl": 1734910.412149
  },
  {
    "pnl": 0.0,
    "date": "2024-01-06T00:00:00",
    "weekday": "Jan 2024",
    "netpnl": 1734910.412149
  },
  {
    "pnl": 0.0,
    "date": "2024-01-07T00:00:00",
    "weekday": "Jan 2024",
    "netpnl": 1734910.412149
  },
  {
    "pnl": -8778.57100700005,
    "date": "2024-01-08T00:00:00",
    "weekday": "Jan 2024",
    "netpnl": 1726131.841142
  },
  {
    "pnl": -43313.22951600002,
    "date": "2024-01-09T00:00:00",
    "weekday": "Jan 2024",
    "netpnl": 1691597.182633
  },
  {
    "pnl": -98354.64710099995,
    "date": "2024-01-10T00:00:00",
    "weekday": "Jan 2024",
    "netpnl": 1636555.765048
  },
  {
    "pnl": -71101.70582300005,
    "date": "2024-01-11T00:00:00",
    "weekday": "Jan 2024",
    "netpnl": 1663808.706326
  },
  {
    "pnl": -71101.70582300005,
    "date": "2024-01-12T00:00:00",
    "weekday": "Jan 2024",
    "netpnl": 1663808.706326
  },
  {
    "pnl": -71101.70582300005,
    "date": "2024-01-13T00:00:00",
    "weekday": "Jan 2024",
    "netpnl": 1663808.706326
  },
  {
    "pnl": -71101.70582300005,
    "date": "2024-01-14T00:00:00",
    "weekday": "Jan 2024",
    "netpnl": 1663808.706326
  },
  {
    "pnl": -11384.250159000047,
    "date": "2024-01-15T00:00:00",
    "weekday": "Jan 2024",
    "netpnl": 1723526.16199
  },
  {
    "pnl": -80620.73272700002,
    "date": "2024-01-16T00:00:00",
    "weekday": "Jan 2024",
    "netpnl": 1654289.679422
  },
  {
    "pnl": -84744.38471299992,
    "date": "2024-01-17T00:00:00",
    "weekday": "Jan 2024",
    "netpnl": 1650166.027436
  },
  {
    "pnl": -133210.5560669999,
    "date": "2024-01-18T00:00:00",
    "weekday": "Jan 2024",
    "netpnl": 1601699.856082
  },
  {
    "pnl": -133210.5560669999,
    "date": "2024-01-19T00:00:00",
    "weekday": "Jan 2024",
    "netpnl": 1601699.856082
  },
  {
    "pnl": -133210.5560669999,
    "date": "2024-01-20T00:00:00",
    "weekday": "Jan 2024",
    "netpnl": 1601699.856082
  },
  {
    "pnl": -133210.5560669999,
    "date": "2024-01-21T00:00:00",
    "weekday": "Jan 2024",
    "netpnl": 1601699.856082
  },
  {
    "pnl": -133210.5560669999,
    "date": "2024-01-22T00:00:00",
    "weekday": "Jan 2024",
    "netpnl": 1601699.856082
  },
  {
    "pnl": -102227.22752099996,
    "date": "2024-01-23T00:00:00",
    "weekday": "Jan 2024",
    "netpnl": 1632683.184628
  },
  {
    "pnl": -102227.22752099996,
    "date": "2024-01-24T00:00:00",
    "weekday": "Jan 2024",
    "netpnl": 1632683.184628
  },
  {
    "pnl": -115972.64870500006,
    "date": "2024-01-25T00:00:00",
    "weekday": "Jan 2024",
    "netpnl": 1618937.763444
  },
  {
    "pnl": -115972.64870500006,
    "date": "2024-01-26T00:00:00",
    "weekday": "Jan 2024",
    "netpnl": 1618937.763444
  },
  {
    "pnl": -115972.64870500006,
    "date": "2024-01-27T00:00:00",
    "weekday": "Jan 2024",
    "netpnl": 1618937.763444
  },
  {
    "pnl": -115972.64870500006,
    "date": "2024-01-28T00:00:00",
    "weekday": "Jan 2024",
    "netpnl": 1618937.763444
  },
  {
    "pnl": -204955.104176,
    "date": "2024-01-29T00:00:00",
    "weekday": "Jan 2024",
    "netpnl": 1529955.307973
  },
  {
    "pnl": -168720.09207500005,
    "date": "2024-01-30T00:00:00",
    "weekday": "Jan 2024",
    "netpnl": 1566190.320074
  },
  {
    "pnl": -169846.65251299995,
    "date": "2024-01-31T00:00:00",
    "weekday": "Jan 2024",
    "netpnl": 1565063.759636
  },
  {
    "pnl": -62223.35282899998,
    "date": "2024-02-01T00:00:00",
    "weekday": "Feb 2024",
    "netpnl": 1672687.05932
  },
  {
    "pnl": -62223.35282899998,
    "date": "2024-02-02T00:00:00",
    "weekday": "Feb 2024",
    "netpnl": 1672687.05932
  },
  {
    "pnl": -62223.35282899998,
    "date": "2024-02-03T00:00:00",
    "weekday": "Feb 2024",
    "netpnl": 1672687.05932
  },
  {
    "pnl": -62223.35282899998,
    "date": "2024-02-04T00:00:00",
    "weekday": "Feb 2024",
    "netpnl": 1672687.05932
  },
  {
    "pnl": -113790.66481900006,
    "date": "2024-02-05T00:00:00",
    "weekday": "Feb 2024",
    "netpnl": 1621119.74733
  },
  {
    "pnl": -55916.95549100009,
    "date": "2024-02-06T00:00:00",
    "weekday": "Feb 2024",
    "netpnl": 1678993.456658
  },
  {
    "pnl": -55321.177305000136,
    "date": "2024-02-07T00:00:00",
    "weekday": "Feb 2024",
    "netpnl": 1679589.2348439998
  },
  {
    "pnl": -60242.85202800017,
    "date": "2024-02-08T00:00:00",
    "weekday": "Feb 2024",
    "netpnl": 1674667.5601209998
  },
  {
    "pnl": -60242.85202800017,
    "date": "2024-02-09T00:00:00",
    "weekday": "Feb 2024",
    "netpnl": 1674667.5601209998
  },
  {
    "pnl": -60242.85202800017,
    "date": "2024-02-10T00:00:00",
    "weekday": "Feb 2024",
    "netpnl": 1674667.5601209998
  },
  {
    "pnl": -60242.85202800017,
    "date": "2024-02-11T00:00:00",
    "weekday": "Feb 2024",
    "netpnl": 1674667.5601209998
  },
  {
    "pnl": -29571.14077100018,
    "date": "2024-02-12T00:00:00",
    "weekday": "Feb 2024",
    "netpnl": 1705339.2713779998
  },
  {
    "pnl": 0.0,
    "date": "2024-02-13T00:00:00",
    "weekday": "Feb 2024",
    "netpnl": 1745621.021298
  },
  {
    "pnl": -16588.014367999975,
    "date": "2024-02-14T00:00:00",
    "weekday": "Feb 2024",
    "netpnl": 1729033.00693
  },
  {
    "pnl": 0.0,
    "date": "2024-02-15T00:00:00",
    "weekday": "Feb 2024",
    "netpnl": 1825277.384741
  },
  {
    "pnl": 0.0,
    "date": "2024-02-16T00:00:00",
    "weekday": "Feb 2024",
    "netpnl": 1825277.384741
  },
  {
    "pnl": 0.0,
    "date": "2024-02-17T00:00:00",
    "weekday": "Feb 2024",
    "netpnl": 1825277.384741
  },
  {
    "pnl": 0.0,
    "date": "2024-02-18T00:00:00",
    "weekday": "Feb 2024",
    "netpnl": 1825277.384741
  },
  {
    "pnl": 0.0,
    "date": "2024-02-19T00:00:00",
    "weekday": "Feb 2024",
    "netpnl": 1850457.930055
  },
  {
    "pnl": 0.0,
    "date": "2024-02-20T00:00:00",
    "weekday": "Feb 2024",
    "netpnl": 1899983.5195489998
  },
  {
    "pnl": 0.0,
    "date": "2024-02-21T00:00:00",
    "weekday": "Feb 2024",
    "netpnl": 1933708.0504319998
  },
  {
    "pnl": 0.0,
    "date": "2024-02-22T00:00:00",
    "weekday": "Feb 2024",
    "netpnl": 1946744.6646359998
  },
  {
    "pnl": 0.0,
    "date": "2024-02-23T00:00:00",
    "weekday": "Feb 2024",
    "netpnl": 1946744.6646359998
  },
  {
    "pnl": 0.0,
    "date": "2024-02-24T00:00:00",
    "weekday": "Feb 2024",
    "netpnl": 1946744.6646359998
  },
  {
    "pnl": 0.0,
    "date": "2024-02-25T00:00:00",
    "weekday": "Feb 2024",
    "netpnl": 1946744.6646359998
  },
  {
    "pnl": 0.0,
    "date": "2024-02-26T00:00:00",
    "weekday": "Feb 2024",
    "netpnl": 1965014.1821639999
  },
  {
    "pnl": 0.0,
    "date": "2024-02-27T00:00:00",
    "weekday": "Feb 2024",
    "netpnl": 2096057.844508
  },
  {
    "pnl": 0.0,
    "date": "2024-02-28T00:00:00",
    "weekday": "Feb 2024",
    "netpnl": 2096057.844508
  },
  {
    "pnl": -137198.8657160001,
    "date": "2024-02-29T00:00:00",
    "weekday": "Feb 2024",
    "netpnl": 1958858.9787919999
  },
  {
    "pnl": -137198.8657160001,
    "date": "2024-03-01T00:00:00",
    "weekday": "Mar 2024",
    "netpnl": 1958858.9787919999
  },
  {
    "pnl": -137198.8657160001,
    "date": "2024-03-02T00:00:00",
    "weekday": "Mar 2024",
    "netpnl": 1958858.9787919999
  },
  {
    "pnl": -137198.8657160001,
    "date": "2024-03-03T00:00:00",
    "weekday": "Mar 2024",
    "netpnl": 1958858.9787919999
  },
  {
    "pnl": -102183.61760700005,
    "date": "2024-03-04T00:00:00",
    "weekday": "Mar 2024",
    "netpnl": 1993874.226901
  },
  {
    "pnl": -143819.34441000014,
    "date": "2024-03-05T00:00:00",
    "weekday": "Mar 2024",
    "netpnl": 1952238.5000979998
  },
  {
    "pnl": -144439.09430000023,
    "date": "2024-03-06T00:00:00",
    "weekday": "Mar 2024",
    "netpnl": 1951618.7502079997
  },
  {
    "pnl": -40563.34951700014,
    "date": "2024-03-07T00:00:00",
    "weekday": "Mar 2024",
    "netpnl": 2055494.4949909998
  },
  {
    "pnl": -40563.34951700014,
    "date": "2024-03-08T00:00:00",
    "weekday": "Mar 2024",
    "netpnl": 2055494.4949909998
  },
  {
    "pnl": -40563.34951700014,
    "date": "2024-03-09T00:00:00",
    "weekday": "Mar 2024",
    "netpnl": 2055494.4949909998
  },
  {
    "pnl": -40563.34951700014,
    "date": "2024-03-10T00:00:00",
    "weekday": "Mar 2024",
    "netpnl": 2055494.4949909998
  },
  {
    "pnl": 0.0,
    "date": "2024-03-11T00:00:00",
    "weekday": "Mar 2024",
    "netpnl": 2132145.186194
  },
  {
    "pnl": 0.0,
    "date": "2024-03-12T00:00:00",
    "weekday": "Mar 2024",
    "netpnl": 2245959.2539
  },
  {
    "pnl": 0.0,
    "date": "2024-03-13T00:00:00",
    "weekday": "Mar 2024",
    "netpnl": 2293389.939725
  },
  {
    "pnl": 0.0,
    "date": "2024-03-14T00:00:00",
    "weekday": "Mar 2024",
    "netpnl": 2374161.267299
  },
  {
    "pnl": 0.0,
    "date": "2024-03-15T00:00:00",
    "weekday": "Mar 2024",
    "netpnl": 2374161.267299
  },
  {
    "pnl": 0.0,
    "date": "2024-03-16T00:00:00",
    "weekday": "Mar 2024",
    "netpnl": 2374161.267299
  },
  {
    "pnl": 0.0,
    "date": "2024-03-17T00:00:00",
    "weekday": "Mar 2024",
    "netpnl": 2374161.267299
  },
  {
    "pnl": -8214.648405000102,
    "date": "2024-03-18T00:00:00",
    "weekday": "Mar 2024",
    "netpnl": 2365946.618894
  },
  {
    "pnl": -69932.63639400015,
    "date": "2024-03-19T00:00:00",
    "weekday": "Mar 2024",
    "netpnl": 2304228.630905
  },
  {
    "pnl": -94560.10900000017,
    "date": "2024-03-20T00:00:00",
    "weekday": "Mar 2024",
    "netpnl": 2279601.158299
  }
]