[
  {
    "pnl": 29465.389863,
    "pnlstr": null,
    "date": "2023-02-28T00:00:00",
    "weekday": "Feb 2023",
    "charges": 0.0,
    "color": null
  },
  {
    "pnl": 37220.307071,
    "pnlstr": null,
    "date": "2023-03-01T00:00:00",
    "weekday": "Mar 2023",
    "charges": 0.0,
    "color": null
  },
  {
    "pnl": 55672.654332000006,
    "pnlstr": null,
    "date": "2023-03-02T00:00:00",
    "weekday": "Mar 2023",
    "charges": 0.0,
    "color": null
  },
  {
    "pnl": 55672.654332000006,
    "pnlstr": null,
    "date": "2023-03-03T00:00:00",
    "weekday": "Mar 2023",
    "charges": 0.0,
    "color": null
  },
  {
    "pnl": 55672.654332000006,
    "pnlstr": null,
    "date": "2023-03-04T00:00:00",
    "weekday": "Mar 2023",
    "charges": 0.0,
    "color": null
  },
  {
    "pnl": 55672.654332000006,
    "pnlstr": null,
    "date": "2023-03-05T00:00:00",
    "weekday": "Mar 2023",
    "charges": 0.0,
    "color": null
  },
  {
    "pnl": 61016.600337,
    "pnlstr": null,
    "date": "2023-03-06T00:00:00",
    "weekday": "Mar 2023",
    "charges": 0.0,
    "color": null
  },
  {
    "pnl": 61016.600337,
    "pnlstr": null,
    "date": "2023-03-07T00:00:00",
    "weekday": "Mar 2023",
    "charges": 0.0,
    "color": null
  },
  {
    "pnl": 69434.974277,
    "pnlstr": null,
    "date": "2023-03-08T00:00:00",
    "weekday": "Mar 2023",
    "charges": 0.0,
    "color": null
  },
  {
    "pnl": 20596.482011,
    "pnlstr": null,
    "date": "2023-03-09T00:00:00",
    "weekday": "Mar 2023",
    "charges": 0.0,
    "color": null
  },
  {
    "pnl": 20596.482011,
    "pnlstr": null,
    "date": "2023-03-10T00:00:00",
    "weekday": "Mar 2023",
    "charges": 0.0,
    "color": null
  },
  {
    "pnl": 20596.482011,
    "pnlstr": null,
    "date": "2023-03-11T00:00:00",
    "weekday": "Mar 2023",
    "charges": 0.0,
    "color": null
  },
  {
    "pnl": 20596.482011,
    "pnlstr": null,
    "date": "2023-03-12T00:00:00",
    "weekday": "Mar 2023",
    "charges": 0.0,
    "color": null
  },
  {
    "pnl": 49634.844225,
    "pnlstr": null,
    "date": "2023-03-13T00:00:00",
    "weekday": "Mar 2023",
    "charges": 0.0,
    "color": null
  },
  {
    "pnl": 75746.72422999999,
    "pnlstr": null,
    "date": "2023-03-14T00:00:00",
    "weekday": "Mar 2023",
    "charges": 0.0,
    "color": null
  },
  {
    "pnl": 56495.139381999994,
    "pnlstr": null,
    "date": "2023-03-15T00:00:00",
    "weekday": "Mar 2023",
    "charges": 0.0,
    "color": null
  },
  {
    "pnl": -8574.656778000004,
    "pnlstr": null,
    "date": "2023-03-16T00:00:00",
    "weekday": "Mar 2023",
    "charges": 0.0,
    "color": null
  },
  {
    "pnl": -8574.656778000004,
    "pnlstr": null,
    "date": "2023-03-17T00:00:00",
    "weekday": "Mar 2023",
    "charges": 0.0,
    "color": null
  },
  {
    "pnl": -8574.656778000004,
    "pnlstr": null,
    "date": "2023-03-18T00:00:00",
    "weekday": "Mar 2023",
    "charges": 0.0,
    "color": null
  },
  {
    "pnl": -8574.656778000004,
    "pnlstr": null,
    "date": "2023-03-19T00:00:00",
    "weekday": "Mar 2023",
    "charges": 0.0,
    "color": null
  },
  {
    "pnl": -34098.15625100001,
    "pnlstr": null,
    "date": "2023-03-20T00:00:00",
    "weekday": "Mar 2023",
    "charges": 0.0,
    "color": null
  },
  {
    "pnl": -37731.84888900001,
    "pnlstr": null,
    "date": "2023-03-21T00:00:00",
    "weekday": "Mar 2023",
    "charges": 0.0,
    "color": null
  },
  {
    "pnl": -22681.055833000006,
    "pnlstr": null,
    "date": "2023-03-22T00:00:00",
    "weekday": "Mar 2023",
    "charges": 0.0,
    "color": null
  },
  {
    "pnl": -89984.76599100001,
    "pnlstr": null,
    "date": "2023-03-23T00:00:00",
    "weekday": "Mar 2023",
    "charges": 0.0,
    "color": null
  },
  {
    "pnl": -89984.76599100001,
    "pnlstr": null,
    "date": "2023-03-24T00:00:00",
    "weekday": "Mar 2023",
    "charges": 0.0,
    "color": null
  },
  {
    "pnl": -89984.76599100001,
    "pnlstr": null,
    "date": "2023-03-25T00:00:00",
    "weekday": "Mar 2023",
    "charges": 0.0,
    "color": null
  },
  {
    "pnl": -89984.76599100001,
    "pnlstr": null,
    "date": "2023-03-26T00:00:00",
    "weekday": "Mar 2023",
    "charges": 0.0,
    "color": null
  },
  {
    "pnl": -39179.20365100001,
    "pnlstr": null,
    "date": "2023-03-27T00:00:00",
    "weekday": "Mar 2023",
    "charges": 0.0,
    "color": null
  },
  {
    "pnl": -2570.978221000012,
    "pnlstr": null,
    "date": "2023-03-28T00:00:00",
    "weekday": "Mar 2023",
    "charges": 0.0,
    "color": null
  },
  {
    "pnl": 3566.3316339999883,
    "pnlstr": null,
    "date": "2023-03-29T00:00:00",
    "weekday": "Mar 2023",
    "charges": 0.0,
    "color": null
  },
  {
    "pnl": 3566.3316339999883,
    "pnlstr": null,
    "date": "2023-03-30T00:00:00",
    "weekday": "Mar 2023",
    "charges": 0.0,
    "color": null
  },
  {
    "pnl": 3566.3316339999883,
    "pnlstr": null,
    "date": "2023-03-31T00:00:00",
    "weekday": "Mar 2023",
    "charges": 0.0,
    "color": null
  },
  {
    "pnl": 3566.3316339999883,
    "pnlstr": null,
    "date": "2023-04-01T00:00:00",
    "weekday": "Apr 2023",
    "charges": 0.0,
    "color": null
  },
  {
    "pnl": 3566.3316339999883,
    "pnlstr": null,
    "date": "2023-04-02T00:00:00",
    "weekday": "Apr 2023",
    "charges": 0.0,
    "color": null
  },
  {
    "pnl": 21507.731195999986,
    "pnlstr": null,
    "date": "2023-04-03T00:00:00",
    "weekday": "Apr 2023",
    "charges": 0.0,
    "color": null
  },
  {
    "pnl": 21507.731195999986,
    "pnlstr": null,
    "date": "2023-04-04T00:00:00",
    "weekday": "Apr 2023",
    "charges": 0.0,
    "color": null
  },
  {
    "pnl": 40251.53595099998,
    "pnlstr": null,
    "date": "2023-04-05T00:00:00",
    "weekday": "Apr 2023",
    "charges": 0.0,
    "color": null
  },
  {
    "pnl": 90947.54646299998,
    "pnlstr": null,
    "date": "2023-04-06T00:00:00",
    "weekday": "Apr 2023",
    "charges": 0.0,
    "color": null
  },
  {
    "pnl": 90947.54646299998,
    "pnlstr": null,
    "date": "2023-04-07T00:00:00",
    "weekday": "Apr 2023",
    "charges": 0.0,
    "color": null
  },
  {
    "pnl": 90947.54646299998,
    "pnlstr": null,
    "date": "2023-04-08T00:00:00",
    "weekday": "Apr 2023",
    "charges": 0.0,
    "color": null
  },
  {
    "pnl": 90947.54646299998,
    "pnlstr": null,
    "date": "2023-04-09T00:00:00",
    "weekday": "Apr 2023",
    "charges": 0.0,
    "color": null
  },
  {
    "pnl": 74665.92461099998,
    "pnlstr": null,
    "date": "2023-04-10T00:00:00",
    "weekday": "Apr 2023",
    "charges": 0.0,
    "color": null
  },
  {
    "pnl": 73890.43670899999,
    "pnlstr": null,
    "date": "2023-04-11T00:00:00",
    "weekday": "Apr 2023",
    "charges": 0.0,
    "color": null
  },
  {
    "pnl": 80866.61263399999,
    "pnlstr": null,
    "date": "2023-04-12T00:00:00",
    "weekday": "Apr 2023",
    "charges": 0.0,
    "color": null
  },
  {
    "pnl": 53927.565812999994,
    "pnlstr": null,
    "date": "2023-04-13T00:00:00",
    "weekday": "Apr 2023",
    "charges": 0.0,
    "color": null
  },
  {
    "pnl": 53927.565812999994,
    "pnlstr": null,
    "date": "2023-04-14T00:00:00",
    "weekday": "Apr 2023",
    "charges": 0.0,
    "color": null
  },
  {
    "pnl": 53927.565812999994,
    "pnlstr": null,
    "date": "2023-04-15T00:00:00",
    "weekday": "Apr 2023",
    "charges": 0.0,
    "color": null
  },
  {
    "pnl": 53927.565812999994,
    "pnlstr": null,
    "date": "2023-04-16T00:00:00",
    "weekday": "Apr 2023",
    "charges": 0.0,
    "color": null
  },
  {
    "pnl": 38308.916165999995,
    "pnlstr": null,
    "date": "2023-04-17T00:00:00",
    "weekday": "Apr 2023",
    "charges": 0.0,
    "color": null
  },
  {
    "pnl": 14725.170225999995,
    "pnlstr": null,
    "date": "2023-04-18T00:00:00",
    "weekday": "Apr 2023",
    "charges": 0.0,
    "color": null
  },
  {
    "pnl": 23927.657470999995,
    "pnlstr": null,
    "date": "2023-04-19T00:00:00",
    "weekday": "Apr 2023",
    "charges": 0.0,
    "color": null
  },
  {
    "pnl": 40605.48668599999,
    "pnlstr": null,
    "date": "2023-04-20T00:00:00",
    "weekday": "Apr 2023",
    "charges": 0.0,
    "color": null
  },
  {
    "pnl": 40605.48668599999,
    "pnlstr": null,
    "date": "2023-04-21T00:00:00",
    "weekday": "Apr 2023",
    "charges": 0.0,
    "color": null
  },
  {
    "pnl": 40605.48668599999,
    "pnlstr": null,
    "date": "2023-04-22T00:00:00",
    "weekday": "Apr 2023",
    "charges": 0.0,
    "color": null
  },
  {
    "pnl": 40605.48668599999,
    "pnlstr": null,
    "date": "2023-04-23T00:00:00",
    "weekday": "Apr 2023",
    "charges": 0.0,
    "color": null
  },
  {
    "pnl": 24027.872835999988,
    "pnlstr": null,
    "date": "2023-04-24T00:00:00",
    "weekday": "Apr 2023",
    "charges": 0.0,
    "color": null
  },
  {
    "pnl": 16010.316290999988,
    "pnlstr": null,
    "date": "2023-04-25T00:00:00",
    "weekday": "Apr 2023",
    "charges": 0.0,
    "color": null
  },
  {
    "pnl": 21503.55441799999,
    "pnlstr": null,
    "date": "2023-04-26T00:00:00",
    "weekday": "Apr 2023",
    "charges": 0.0,
    "color": null
  },
  {
    "pnl": 31228.12049699999,
    "pnlstr": null,
    "date": "2023-04-27T00:00:00",
    "weekday": "Apr 2023",
    "charges": 0.0,
    "color": null
  },
  {
    "pnl": 31228.12049699999,
    "pnlstr": null,
    "date": "2023-04-28T00:00:00",
    "weekday": "Apr 2023",
    "charges": 0.0,
    "color": null
  },
  {
    "pnl": 31228.12049699999,
    "pnlstr": null,
    "date": "2023-04-29T00:00:00",
    "weekday": "Apr 2023",
    "charges": 0.0,
    "color": null
  },
  {
    "pnl": 31228.12049699999,
    "pnlstr": null,
    "date": "2023-04-30T00:00:00",
    "weekday": "Apr 2023",
    "charges": 0.0,
    "color": null
  },
  {
    "pnl": 31228.12049699999,
    "pnlstr": null,
    "date": "2023-05-01T00:00:00",
    "weekday": "May 2023",
    "charges": 0.0,
    "color": null
  },
  {
    "pnl": 58394.14409099999,
    "pnlstr": null,
    "date": "2023-05-02T00:00:00",
    "weekday": "May 2023",
    "charges": 0.0,
    "color": null
  },
  {
    "pnl": 59646.264915999986,
    "pnlstr": null,
    "date": "2023-05-03T00:00:00",
    "weekday": "May 2023",
    "charges": 0.0,
    "color": null
  },
  {
    "pnl": 24918.858560999986,
    "pnlstr": null,
    "date": "2023-05-04T00:00:00",
    "weekday": "May 2023",
    "charges": 0.0,
    "color": null
  },
  {
    "pnl": 24918.858560999986,
    "pnlstr": null,
    "date": "2023-05-05T00:00:00",
    "weekday": "May 2023",
    "charges": 0.0,
    "color": null
  },
  {
    "pnl": 24918.858560999986,
    "pnlstr": null,
    "date": "2023-05-06T00:00:00",
    "weekday": "May 2023",
    "charges": 0.0,
    "color": null
  },
  {
    "pnl": 24918.858560999986,
    "pnlstr": null,
    "date": "2023-05-07T00:00:00",
    "weekday": "May 2023",
    "charges": 0.0,
    "color": null
  },
  {
    "pnl": 39380.64041999999,
    "pnlstr": null,
    "date": "2023-05-08T00:00:00",
    "weekday": "May 2023",
    "charges": 0.0,
    "color": null
  },
  {
    "pnl": 17984.44615999999,
    "pnlstr": null,
    "date": "2023-05-09T00:00:00",
    "weekday": "May 2023",
    "charges": 0.0,
    "color": null
  },
  {
    "pnl": 1783.8920589999889,
    "pnlstr": null,
    "date": "2023-05-10T00:00:00",
    "weekday": "May 2023",
    "charges": 0.0,
    "color": null
  },
  {
    "pnl": -2176.144277000011,
    "pnlstr": null,
    "date": "2023-05-11T00:00:00",
    "weekday": "May 2023",
    "charges": 0.0,
    "color": null
  },
  {
    "pnl": -2176.144277000011,
    "pnlstr": null,
    "date": "2023-05-12T00:00:00",
    "weekday": "May 2023",
    "charges": 0.0,
    "color": null
  },
  {
    "pnl": -2176.144277000011,
    "pnlstr": null,
    "date": "2023-05-13T00:00:00",
    "weekday": "May 2023",
    "charges": 0.0,
    "color": null
  },
  {
    "pnl": -2176.144277000011,
    "pnlstr": null,
    "date": "2023-05-14T00:00:00",
    "weekday": "May 2023",
    "charges": 0.0,
    "color": null
  },
  {
    "pnl": 11212.54226099999,
    "pnlstr": null,
    "date": "2023-05-15T00:00:00",
    "weekday": "May 2023",
    "charges": 0.0,
    "color": null
  },
  {
    "pnl": 3667.3456349999897,
    "pnlstr": null,
    "date": "2023-05-16T00:00:00",
    "weekday": "May 2023",
    "charges": 0.0,
    "color": null
  },
  {
    "pnl": -393.4957170000107,
    "pnlstr": null,
    "date": "2023-05-17T00:00:00",
    "weekday": "May 2023",
    "charges": 0.0,
    "color": null
  },
  {
    "pnl": -41674.19739700001,
    "pnlstr": null,
    "date": "2023-05-18T00:00:00",
    "weekday": "May 2023",
    "charges": 0.0,
    "color": null
  },
  {
    "pnl": -41674.19739700001,
    "pnlstr": null,
    "date": "2023-05-19T00:00:00",
    "weekday": "May 2023",
    "charges": 0.0,
    "color": null
  },
  {
    "pnl": -41674.19739700001,
    "pnlstr": null,
    "date": "2023-05-20T00:00:00",
    "weekday": "May 2023",
    "charges": 0.0,
    "color": null
  },
  {
    "pnl": -41674.19739700001,
    "pnlstr": null,
    "date": "2023-05-21T00:00:00",
    "weekday": "May 2023",
    "charges": 0.0,
    "color": null
  },
  {
    "pnl": -66243.61795200002,
    "pnlstr": null,
    "date": "2023-05-22T00:00:00",
    "weekday": "May 2023",
    "charges": 0.0,
    "color": null
  },
  {
    "pnl": -46536.744933000016,
    "pnlstr": null,
    "date": "2023-05-23T00:00:00",
    "weekday": "May 2023",
    "charges": 0.0,
    "color": null
  },
  {
    "pnl": -72887.86236000001,
    "pnlstr": null,
    "date": "2023-05-24T00:00:00",
    "weekday": "May 2023",
    "charges": 0.0,
    "color": null
  },
  {
    "pnl": -49816.96551300002,
    "pnlstr": null,
    "date": "2023-05-25T00:00:00",
    "weekday": "May 2023",
    "charges": 0.0,
    "color": null
  },
  {
    "pnl": -49816.96551300002,
    "pnlstr": null,
    "date": "2023-05-26T00:00:00",
    "weekday": "May 2023",
    "charges": 0.0,
    "color": null
  },
  {
    "pnl": -49816.96551300002,
    "pnlstr": null,
    "date": "2023-05-27T00:00:00",
    "weekday": "May 2023",
    "charges": 0.0,
    "color": null
  },
  {
    "pnl": -49816.96551300002,
    "pnlstr": null,
    "date": "2023-05-28T00:00:00",
    "weekday": "May 2023",
    "charges": 0.0,
    "color": null
  },
  {
    "pnl": -62103.733817000015,
    "pnlstr": null,
    "date": "2023-05-29T00:00:00",
    "weekday": "May 2023",
    "charges": 0.0,
    "color": null
  },
  {
    "pnl": -26206.955885000018,
    "pnlstr": null,
    "date": "2023-05-30T00:00:00",
    "weekday": "May 2023",
    "charges": 0.0,
    "color": null
  },
  {
    "pnl": -41271.57454600002,
    "pnlstr": null,
    "date": "2023-05-31T00:00:00",
    "weekday": "May 2023",
    "charges": 0.0,
    "color": null
  },
  {
    "pnl": 11346.406631999984,
    "pnlstr": null,
    "date": "2023-06-01T00:00:00",
    "weekday": "Jun 2023",
    "charges": 0.0,
    "color": null
  },
  {
    "pnl": 11346.406631999984,
    "pnlstr": null,
    "date": "2023-06-02T00:00:00",
    "weekday": "Jun 2023",
    "charges": 0.0,
    "color": null
  },
  {
    "pnl": 11346.406631999984,
    "pnlstr": null,
    "date": "2023-06-03T00:00:00",
    "weekday": "Jun 2023",
    "charges": 0.0,
    "color": null
  },
  {
    "pnl": 11346.406631999984,
    "pnlstr": null,
    "date": "2023-06-04T00:00:00",
    "weekday": "Jun 2023",
    "charges": 0.0,
    "color": null
  },
  {
    "pnl": 38407.083174999985,
    "pnlstr": null,
    "date": "2023-06-05T00:00:00",
    "weekday": "Jun 2023",
    "charges": 0.0,
    "color": null
  },
  {
    "pnl": 77821.07343999998,
    "pnlstr": null,
    "date": "2023-06-06T00:00:00",
    "weekday": "Jun 2023",
    "charges": 0.0,
    "color": null
  },
  {
    "pnl": 86347.52185299998,
    "pnlstr": null,
    "date": "2023-06-07T00:00:00",
    "weekday": "Jun 2023",
    "charges": 0.0,
    "color": null
  },
  {
    "pnl": 116867.52056999998,
    "pnlstr": null,
    "date": "2023-06-08T00:00:00",
    "weekday": "Jun 2023",
    "charges": 0.0,
    "color": null
  },
  {
    "pnl": 116867.52056999998,
    "pnlstr": null,
    "date": "2023-06-09T00:00:00",
    "weekday": "Jun 2023",
    "charges": 0.0,
    "color": null
  },
  {
    "pnl": 116867.52056999998,
    "pnlstr": null,
    "date": "2023-06-10T00:00:00",
    "weekday": "Jun 2023",
    "charges": 0.0,
    "color": null
  },
  {
    "pnl": 116867.52056999998,
    "pnlstr": null,
    "date": "2023-06-11T00:00:00",
    "weekday": "Jun 2023",
    "charges": 0.0,
    "color": null
  },
  {
    "pnl": 133416.37859599997,
    "pnlstr": null,
    "date": "2023-06-12T00:00:00",
    "weekday": "Jun 2023",
    "charges": 0.0,
    "color": null
  },
  {
    "pnl": 145257.27726799998,
    "pnlstr": null,
    "date": "2023-06-13T00:00:00",
    "weekday": "Jun 2023",
    "charges": 0.0,
    "color": null
  },
  {
    "pnl": 147464.22513599996,
    "pnlstr": null,
    "date": "2023-06-14T00:00:00",
    "weekday": "Jun 2023",
    "charges": 0.0,
    "color": null
  },
  {
    "pnl": 186992.68525899996,
    "pnlstr": null,
    "date": "2023-06-15T00:00:00",
    "weekday": "Jun 2023",
    "charges": 0.0,
    "color": null
  },
  {
    "pnl": 186992.68525899996,
    "pnlstr": null,
    "date": "2023-06-16T00:00:00",
    "weekday": "Jun 2023",
    "charges": 0.0,
    "color": null
  },
  {
    "pnl": 186992.68525899996,
    "pnlstr": null,
    "date": "2023-06-17T00:00:00",
    "weekday": "Jun 2023",
    "charges": 0.0,
    "color": null
  },
  {
    "pnl": 186992.68525899996,
    "pnlstr": null,
    "date": "2023-06-18T00:00:00",
    "weekday": "Jun 2023",
    "charges": 0.0,
    "color": null
  },
  {
    "pnl": 208837.79644999997,
    "pnlstr": null,
    "date": "2023-06-19T00:00:00",
    "weekday": "Jun 2023",
    "charges": 0.0,
    "color": null
  },
  {
    "pnl": 198518.80723399998,
    "pnlstr": null,
    "date": "2023-06-20T00:00:00",
    "weekday": "Jun 2023",
    "charges": 0.0,
    "color": null
  },
  {
    "pnl": 184107.46938999998,
    "pnlstr": null,
    "date": "2023-06-21T00:00:00",
    "weekday": "Jun 2023",
    "charges": 0.0,
    "color": null
  },
  {
    "pnl": 172167.408569,
    "pnlstr": null,
    "date": "2023-06-22T00:00:00",
    "weekday": "Jun 2023",
    "charges": 0.0,
    "color": null
  },
  {
    "pnl": 172167.408569,
    "pnlstr": null,
    "date": "2023-06-23T00:00:00",
    "weekday": "Jun 2023",
    "charges": 0.0,
    "color": null
  },
  {
    "pnl": 172167.408569,
    "pnlstr": null,
    "date": "2023-06-24T00:00:00",
    "weekday": "Jun 2023",
    "charges": 0.0,
    "color": null
  },
  {
    "pnl": 172167.408569,
    "pnlstr": null,
    "date": "2023-06-25T00:00:00",
    "weekday": "Jun 2023",
    "charges": 0.0,
    "color": null
  },
  {
    "pnl": 178262.299591,
    "pnlstr": null,
    "date": "2023-06-26T00:00:00",
    "weekday": "Jun 2023",
    "charges": 0.0,
    "color": null
  },
  {
    "pnl": 194787.271796,
    "pnlstr": null,
    "date": "2023-06-27T00:00:00",
    "weekday": "Jun 2023",
    "charges": 0.0,
    "color": null
  },
  {
    "pnl": 199486.96643099998,
    "pnlstr": null,
    "date": "2023-06-28T00:00:00",
    "weekday": "Jun 2023",
    "charges": 0.0,
    "color": null
  },
  {
    "pnl": 199486.96643099998,
    "pnlstr": null,
    "date": "2023-06-29T00:00:00",
    "weekday": "Jun 2023",
    "charges": 0.0,
    "color": null
  },
  {
    "pnl": 199486.96643099998,
    "pnlstr": null,
    "date": "2023-06-30T00:00:00",
    "weekday": "Jun 2023",
    "charges": 0.0,
    "color": null
  },
  {
    "pnl": 199486.96643099998,
    "pnlstr": null,
    "date": "2023-07-01T00:00:00",
    "weekday": "Jul 2023",
    "charges": 0.0,
    "color": null
  },
  {
    "pnl": 199486.96643099998,
    "pnlstr": null,
    "date": "2023-07-02T00:00:00",
    "weekday": "Jul 2023",
    "charges": 0.0,
    "color": null
  },
  {
    "pnl": 183497.06233299998,
    "pnlstr": null,
    "date": "2023-07-03T00:00:00",
    "weekday": "Jul 2023",
    "charges": 0.0,
    "color": null
  },
  {
    "pnl": 169239.81524499998,
    "pnlstr": null,
    "date": "2023-07-04T00:00:00",
    "weekday": "Jul 2023",
    "charges": 0.0,
    "color": null
  },
  {
    "pnl": 198755.32769799998,
    "pnlstr": null,
    "date": "2023-07-05T00:00:00",
    "weekday": "Jul 2023",
    "charges": 0.0,
    "color": null
  },
  {
    "pnl": 272011.852486,
    "pnlstr": null,
    "date": "2023-07-06T00:00:00",
    "weekday": "Jul 2023",
    "charges": 0.0,
    "color": null
  },
  {
    "pnl": 272011.852486,
    "pnlstr": null,
    "date": "2023-07-07T00:00:00",
    "weekday": "Jul 2023",
    "charges": 0.0,
    "color": null
  },
  {
    "pnl": 272011.852486,
    "pnlstr": null,
    "date": "2023-07-08T00:00:00",
    "weekday": "Jul 2023",
    "charges": 0.0,
    "color": null
  },
  {
    "pnl": 272011.852486,
    "pnlstr": null,
    "date": "2023-07-09T00:00:00",
    "weekday": "Jul 2023",
    "charges": 0.0,
    "color": null
  },
  {
    "pnl": 251439.406529,
    "pnlstr": null,
    "date": "2023-07-10T00:00:00",
    "weekday": "Jul 2023",
    "charges": 0.0,
    "color": null
  },
  {
    "pnl": 263205.86276,
    "pnlstr": null,
    "date": "2023-07-11T00:00:00",
    "weekday": "Jul 2023",
    "charges": 0.0,
    "color": null
  },
  {
    "pnl": 241262.244915,
    "pnlstr": null,
    "date": "2023-07-12T00:00:00",
    "weekday": "Jul 2023",
    "charges": 0.0,
    "color": null
  },
  {
    "pnl": 223340.49344599998,
    "pnlstr": null,
    "date": "2023-07-13T00:00:00",
    "weekday": "Jul 2023",
    "charges": 0.0,
    "color": null
  },
  {
    "pnl": 223340.49344599998,
    "pnlstr": null,
    "date": "2023-07-14T00:00:00",
    "weekday": "Jul 2023",
    "charges": 0.0,
    "color": null
  },
  {
    "pnl": 223340.49344599998,
    "pnlstr": null,
    "date": "2023-07-15T00:00:00",
    "weekday": "Jul 2023",
    "charges": 0.0,
    "color": null
  },
  {
    "pnl": 223340.49344599998,
    "pnlstr": null,
    "date": "2023-07-16T00:00:00",
    "weekday": "Jul 2023",
    "charges": 0.0,
    "color": null
  },
  {
    "pnl": 227362.86248299998,
    "pnlstr": null,
    "date": "2023-07-17T00:00:00",
    "weekday": "Jul 2023",
    "charges": 0.0,
    "color": null
  },
  {
    "pnl": 212293.88619099997,
    "pnlstr": null,
    "date": "2023-07-18T00:00:00",
    "weekday": "Jul 2023",
    "charges": 0.0,
    "color": null
  },
  {
    "pnl": 245118.21712999998,
    "pnlstr": null,
    "date": "2023-07-19T00:00:00",
    "weekday": "Jul 2023",
    "charges": 0.0,
    "color": null
  },
  {
    "pnl": 208872.90378799997,
    "pnlstr": null,
    "date": "2023-07-20T00:00:00",
    "weekday": "Jul 2023",
    "charges": 0.0,
    "color": null
  },
  {
    "pnl": 208872.90378799997,
    "pnlstr": null,
    "date": "2023-07-21T00:00:00",
    "weekday": "Jul 2023",
    "charges": 0.0,
    "color": null
  },
  {
    "pnl": 208872.90378799997,
    "pnlstr": null,
    "date": "2023-07-22T00:00:00",
    "weekday": "Jul 2023",
    "charges": 0.0,
    "color": null
  },
  {
    "pnl": 208872.90378799997,
    "pnlstr": null,
    "date": "2023-07-23T00:00:00",
    "weekday": "Jul 2023",
    "charges": 0.0,
    "color": null
  },
  {
    "pnl": 182408.97498399997,
    "pnlstr": null,
    "date": "2023-07-24T00:00:00",
    "weekday": "Jul 2023",
    "charges": 0.0,
    "color": null
  },
  {
    "pnl": 170394.59246099996,
    "pnlstr": null,
    "date": "2023-07-25T00:00:00",
    "weekday": "Jul 2023",
    "charges": 0.0,
    "color": null
  },
  {
    "pnl": 178487.13024999996,
    "pnlstr": null,
    "date": "2023-07-26T00:00:00",
    "weekday": "Jul 2023",
    "charges": 0.0,
    "color": null
  },
  {
    "pnl": 201412.19532699996,
    "pnlstr": null,
    "date": "2023-07-27T00:00:00",
    "weekday": "Jul 2023",
    "charges": 0.0,
    "color": null
  },
  {
    "pnl": 201412.19532699996,
    "pnlstr": null,
    "date": "2023-07-28T00:00:00",
    "weekday": "Jul 2023",
    "charges": 0.0,
    "color": null
  },
  {
    "pnl": 201412.19532699996,
    "pnlstr": null,
    "date": "2023-07-29T00:00:00",
    "weekday": "Jul 2023",
    "charges": 0.0,
    "color": null
  },
  {
    "pnl": 201412.19532699996,
    "pnlstr": null,
    "date": "2023-07-30T00:00:00",
    "weekday": "Jul 2023",
    "charges": 0.0,
    "color": null
  },
  {
    "pnl": 230720.08542599998,
    "pnlstr": null,
    "date": "2023-07-31T00:00:00",
    "weekday": "Jul 2023",
    "charges": 0.0,
    "color": null
  },
  {
    "pnl": 276581.440221,
    "pnlstr": null,
    "date": "2023-08-01T00:00:00",
    "weekday": "Aug 2023",
    "charges": 0.0,
    "color": null
  },
  {
    "pnl": 257150.84881999998,
    "pnlstr": null,
    "date": "2023-08-02T00:00:00",
    "weekday": "Aug 2023",
    "charges": 0.0,
    "color": null
  },
  {
    "pnl": 261691.29900899998,
    "pnlstr": null,
    "date": "2023-08-03T00:00:00",
    "weekday": "Aug 2023",
    "charges": 0.0,
    "color": null
  },
  {
    "pnl": 261691.29900899998,
    "pnlstr": null,
    "date": "2023-08-04T00:00:00",
    "weekday": "Aug 2023",
    "charges": 0.0,
    "color": null
  },
  {
    "pnl": 261691.29900899998,
    "pnlstr": null,
    "date": "2023-08-05T00:00:00",
    "weekday": "Aug 2023",
    "charges": 0.0,
    "color": null
  },
  {
    "pnl": 261691.29900899998,
    "pnlstr": null,
    "date": "2023-08-06T00:00:00",
    "weekday": "Aug 2023",
    "charges": 0.0,
    "color": null
  },
  {
    "pnl": 235173.44327,
    "pnlstr": null,
    "date": "2023-08-07T00:00:00",
    "weekday": "Aug 2023",
    "charges": 0.0,
    "color": null
  },
  {
    "pnl": 285558.70898,
    "pnlstr": null,
    "date": "2023-08-08T00:00:00",
    "weekday": "Aug 2023",
    "charges": 0.0,
    "color": null
  },
  {
    "pnl": 285558.70898,
    "pnlstr": null,
    "date": "2023-08-09T00:00:00",
    "weekday": "Aug 2023",
    "charges": 0.0,
    "color": null
  },
  {
    "pnl": 302364.996889,
    "pnlstr": null,
    "date": "2023-08-10T00:00:00",
    "weekday": "Aug 2023",
    "charges": 0.0,
    "color": null
  },
  {
    "pnl": 302364.996889,
    "pnlstr": null,
    "date": "2023-08-11T00:00:00",
    "weekday": "Aug 2023",
    "charges": 0.0,
    "color": null
  },
  {
    "pnl": 302364.996889,
    "pnlstr": null,
    "date": "2023-08-12T00:00:00",
    "weekday": "Aug 2023",
    "charges": 0.0,
    "color": null
  },
  {
    "pnl": 302364.996889,
    "pnlstr": null,
    "date": "2023-08-13T00:00:00",
    "weekday": "Aug 2023",
    "charges": 0.0,
    "color": null
  },
  {
    "pnl": 367928.608716,
    "pnlstr": null,
    "date": "2023-08-14T00:00:00",
    "weekday": "Aug 2023",
    "charges": 0.0,
    "color": null
  },
  {
    "pnl": 367928.608716,
    "pnlstr": null,
    "date": "2023-08-15T00:00:00",
    "weekday": "Aug 2023",
    "charges": 0.0,
    "color": null
  },
  {
    "pnl": 381519.716439,
    "pnlstr": null,
    "date": "2023-08-16T00:00:00",
    "weekday": "Aug 2023",
    "charges": 0.0,
    "color": null
  },
  {
    "pnl": 435171.146115,
    "pnlstr": null,
    "date": "2023-08-17T00:00:00",
    "weekday": "Aug 2023",
    "charges": 0.0,
    "color": null
  },
  {
    "pnl": 435171.146115,
    "pnlstr": null,
    "date": "2023-08-18T00:00:00",
    "weekday": "Aug 2023",
    "charges": 0.0,
    "color": null
  },
  {
    "pnl": 435171.146115,
    "pnlstr": null,
    "date": "2023-08-19T00:00:00",
    "weekday": "Aug 2023",
    "charges": 0.0,
    "color": null
  },
  {
    "pnl": 435171.146115,
    "pnlstr": null,
    "date": "2023-08-20T00:00:00",
    "weekday": "Aug 2023",
    "charges": 0.0,
    "color": null
  },
  {
    "pnl": 435171.146115,
    "pnlstr": null,
    "date": "2023-08-21T00:00:00",
    "weekday": "Aug 2023",
    "charges": 0.0,
    "color": null
  },
  {
    "pnl": 429639.407392,
    "pnlstr": null,
    "date": "2023-08-22T00:00:00",
    "weekday": "Aug 2023",
    "charges": 0.0,
    "color": null
  },
  {
    "pnl": 426537.05654,
    "pnlstr": null,
    "date": "2023-08-23T00:00:00",
    "weekday": "Aug 2023",
    "charges": 0.0,
    "color": null
  },
  {
    "pnl": 422032.105224,
    "pnlstr": null,
    "date": "2023-08-24T00:00:00",
    "weekday": "Aug 2023",
    "charges": 0.0,
    "color": null
  },
  {
    "pnl": 422032.105224,
    "pnlstr": null,
    "date": "2023-08-25T00:00:00",
    "weekday": "Aug 2023",
    "charges": 0.0,
    "color": null
  },
  {
    "pnl": 422032.105224,
    "pnlstr": null,
    "date": "2023-08-26T00:00:00",
    "weekday": "Aug 2023",
    "charges": 0.0,
    "color": null
  },
  {
    "pnl": 422032.105224,
    "pnlstr": null,
    "date": "2023-08-27T00:00:00",
    "weekday": "Aug 2023",
    "charges": 0.0,
    "color": null
  },
  {
    "pnl": 432439.177671,
    "pnlstr": null,
    "date": "2023-08-28T00:00:00",
    "weekday": "Aug 2023",
    "charges": 0.0,
    "color": null
  },
  {
    "pnl": 491403.95738700003,
    "pnlstr": null,
    "date": "2023-08-29T00:00:00",
    "weekday": "Aug 2023",
    "charges": 0.0,
    "color": null
  },
  {
    "pnl": 479112.20027200005,
    "pnlstr": null,
    "date": "2023-08-30T00:00:00",
    "weekday": "Aug 2023",
    "charges": 0.0,
    "color": null
  },
  {
    "pnl": 546009.010917,
    "pnlstr": null,
    "date": "2023-08-31T00:00:00",
    "weekday": "Aug 2023",
    "charges": 0.0,
    "color": null
  },
  {
    "pnl": 546009.010917,
    "pnlstr": null,
    "date": "2023-09-01T00:00:00",
    "weekday": "Sep 2023",
    "charges": 0.0,
    "color": null
  },
  {
    "pnl": 546009.010917,
    "pnlstr": null,
    "date": "2023-09-02T00:00:00",
    "weekday": "Sep 2023",
    "charges": 0.0,
    "color": null
  },
  {
    "pnl": 546009.010917,
    "pnlstr": null,
    "date": "2023-09-03T00:00:00",
    "weekday": "Sep 2023",
    "charges": 0.0,
    "color": null
  },
  {
    "pnl": 546009.010917,
    "pnlstr": null,
    "date": "2023-09-04T00:00:00",
    "weekday": "Sep 2023",
    "charges": 0.0,
    "color": null
  },
  {
    "pnl": 600387.320569,
    "pnlstr": null,
    "date": "2023-09-05T00:00:00",
    "weekday": "Sep 2023",
    "charges": 0.0,
    "color": null
  },
  {
    "pnl": 620731.293907,
    "pnlstr": null,
    "date": "2023-09-06T00:00:00",
    "weekday": "Sep 2023",
    "charges": 0.0,
    "color": null
  },
  {
    "pnl": 584019.852062,
    "pnlstr": null,
    "date": "2023-09-07T00:00:00",
    "weekday": "Sep 2023",
    "charges": 0.0,
    "color": null
  },
  {
    "pnl": 584019.852062,
    "pnlstr": null,
    "date": "2023-09-08T00:00:00",
    "weekday": "Sep 2023",
    "charges": 0.0,
    "color": null
  },
  {
    "pnl": 584019.852062,
    "pnlstr": null,
    "date": "2023-09-09T00:00:00",
    "weekday": "Sep 2023",
    "charges": 0.0,
    "color": null
  },
  {
    "pnl": 584019.852062,
    "pnlstr": null,
    "date": "2023-09-10T00:00:00",
    "weekday": "Sep 2023",
    "charges": 0.0,
    "color": null
  },
  {
    "pnl": 584019.852062,
    "pnlstr": null,
    "date": "2023-09-11T00:00:00",
    "weekday": "Sep 2023",
    "charges": 0.0,
    "color": null
  },
  {
    "pnl": 581953.916923,
    "pnlstr": null,
    "date": "2023-09-12T00:00:00",
    "weekday": "Sep 2023",
    "charges": 0.0,
    "color": null
  },
  {
    "pnl": 584743.683759,
    "pnlstr": null,
    "date": "2023-09-13T00:00:00",
    "weekday": "Sep 2023",
    "charges": 0.0,
    "color": null
  },
  {
    "pnl": 630074.426851,
    "pnlstr": null,
    "date": "2023-09-14T00:00:00",
    "weekday": "Sep 2023",
    "charges": 0.0,
    "color": null
  },
  {
    "pnl": 630074.426851,
    "pnlstr": null,
    "date": "2023-09-15T00:00:00",
    "weekday": "Sep 2023",
    "charges": 0.0,
    "color": null
  },
  {
    "pnl": 630074.426851,
    "pnlstr": null,
    "date": "2023-09-16T00:00:00",
    "weekday": "Sep 2023",
    "charges": 0.0,
    "color": null
  },
  {
    "pnl": 630074.426851,
    "pnlstr": null,
    "date": "2023-09-17T00:00:00",
    "weekday": "Sep 2023",
    "charges": 0.0,
    "color": null
  },
  {
    "pnl": 619288.5489970001,
    "pnlstr": null,
    "date": "2023-09-18T00:00:00",
    "weekday": "Sep 2023",
    "charges": 0.0,
    "color": null
  },
  {
    "pnl": 619288.5489970001,
    "pnlstr": null,
    "date": "2023-09-19T00:00:00",
    "weekday": "Sep 2023",
    "charges": 0.0,
    "color": null
  },
  {
    "pnl": 606895.504928,
    "pnlstr": null,
    "date": "2023-09-20T00:00:00",
    "weekday": "Sep 2023",
    "charges": 0.0,
    "color": null
  },
  {
    "pnl": 670410.8546150001,
    "pnlstr": null,
    "date": "2023-09-21T00:00:00",
    "weekday": "Sep 2023",
    "charges": 0.0,
    "color": null
  },
  {
    "pnl": 670410.8546150001,
    "pnlstr": null,
    "date": "2023-09-22T00:00:00",
    "weekday": "Sep 2023",
    "charges": 0.0,
    "color": null
  },
  {
    "pnl": 670410.8546150001,
    "pnlstr": null,
    "date": "2023-09-23T00:00:00",
    "weekday": "Sep 2023",
    "charges": 0.0,
    "color": null
  },
  {
    "pnl": 670410.8546150001,
    "pnlstr": null,
    "date": "2023-09-24T00:00:00",
    "weekday": "Sep 2023",
    "charges": 0.0,
    "color": null
  },
  {
    "pnl": 670410.8546150001,
    "pnlstr": null,
    "date": "2023-09-25T00:00:00",
    "weekday": "Sep 2023",
    "charges": 0.0,
    "color": null
  },
  {
    "pnl": 645353.643764,
    "pnlstr": null,
    "date": "2023-09-26T00:00:00",
    "weekday": "Sep 2023",
    "charges": 0.0,
    "color": null
  },
  {
    "pnl": 645353.643764,
    "pnlstr": null,
    "date": "2023-09-27T00:00:00",
    "weekday": "Sep 2023",
    "charges": 0.0,
    "color": null
  },
  {
    "pnl": 628448.926065,
    "pnlstr": null,
    "date": "2023-09-28T00:00:00",
    "weekday": "Sep 2023",
    "charges": 0.0,
    "color": null
  },
  {
    "pnl": 628448.926065,
    "pnlstr": null,
    "date": "2023-09-29T00:00:00",
    "weekday": "Sep 2023",
    "charges": 0.0,
    "color": null
  },
  {
    "pnl": 628448.926065,
    "pnlstr": null,
    "date": "2023-09-30T00:00:00",
    "weekday": "Sep 2023",
    "charges": 0.0,
    "color": null
  },
  {
    "pnl": 628448.926065,
    "pnlstr": null,
    "date": "2023-10-01T00:00:00",
    "weekday": "Oct 2023",
    "charges": 0.0,
    "color": null
  },
  {
    "pnl": 628448.926065,
    "pnlstr": null,
    "date": "2023-10-02T00:00:00",
    "weekday": "Oct 2023",
    "charges": 0.0,
    "color": null
  },
  {
    "pnl": 643405.2082400001,
    "pnlstr": null,
    "date": "2023-10-03T00:00:00",
    "weekday": "Oct 2023",
    "charges": 0.0,
    "color": null
  },
  {
    "pnl": 675325.6680340001,
    "pnlstr": null,
    "date": "2023-10-04T00:00:00",
    "weekday": "Oct 2023",
    "charges": 0.0,
    "color": null
  },
  {
    "pnl": 720900.293791,
    "pnlstr": null,
    "date": "2023-10-05T00:00:00",
    "weekday": "Oct 2023",
    "charges": 0.0,
    "color": null
  },
  {
    "pnl": 720900.293791,
    "pnlstr": null,
    "date": "2023-10-06T00:00:00",
    "weekday": "Oct 2023",
    "charges": 0.0,
    "color": null
  },
  {
    "pnl": 720900.293791,
    "pnlstr": null,
    "date": "2023-10-07T00:00:00",
    "weekday": "Oct 2023",
    "charges": 0.0,
    "color": null
  },
  {
    "pnl": 720900.293791,
    "pnlstr": null,
    "date": "2023-10-08T00:00:00",
    "weekday": "Oct 2023",
    "charges": 0.0,
    "color": null
  },
  {
    "pnl": 720900.293791,
    "pnlstr": null,
    "date": "2023-10-09T00:00:00",
    "weekday": "Oct 2023",
    "charges": 0.0,
    "color": null
  },
  {
    "pnl": 819050.921713,
    "pnlstr": null,
    "date": "2023-10-10T00:00:00",
    "weekday": "Oct 2023",
    "charges": 0.0,
    "color": null
  },
  {
    "pnl": 808827.359576,
    "pnlstr": null,
    "date": "2023-10-11T00:00:00",
    "weekday": "Oct 2023",
    "charges": 0.0,
    "color": null
  },
  {
    "pnl": 836199.173812,
    "pnlstr": null,
    "date": "2023-10-12T00:00:00",
    "weekday": "Oct 2023",
    "charges": 0.0,
    "color": null
  },
  {
    "pnl": 836199.173812,
    "pnlstr": null,
    "date": "2023-10-13T00:00:00",
    "weekday": "Oct 2023",
    "charges": 0.0,
    "color": null
  },
  {
    "pnl": 836199.173812,
    "pnlstr": null,
    "date": "2023-10-14T00:00:00",
    "weekday": "Oct 2023",
    "charges": 0.0,
    "color": null
  },
  {
    "pnl": 836199.173812,
    "pnlstr": null,
    "date": "2023-10-15T00:00:00",
    "weekday": "Oct 2023",
    "charges": 0.0,
    "color": null
  },
  {
    "pnl": 836199.173812,
    "pnlstr": null,
    "date": "2023-10-16T00:00:00",
    "weekday": "Oct 2023",
    "charges": 0.0,
    "color": null
  },
  {
    "pnl": 924646.268905,
    "pnlstr": null,
    "date": "2023-10-17T00:00:00",
    "weekday": "Oct 2023",
    "charges": 0.0,
    "color": null
  },
  {
    "pnl": 938593.3952759999,
    "pnlstr": null,
    "date": "2023-10-18T00:00:00",
    "weekday": "Oct 2023",
    "charges": 0.0,
    "color": null
  },
  {
    "pnl": 953522.189786,
    "pnlstr": null,
    "date": "2023-10-19T00:00:00",
    "weekday": "Oct 2023",
    "charges": 0.0,
    "color": null
  },
  {
    "pnl": 953522.189786,
    "pnlstr": null,
    "date": "2023-10-20T00:00:00",
    "weekday": "Oct 2023",
    "charges": 0.0,
    "color": null
  },
  {
    "pnl": 953522.189786,
    "pnlstr": null,
    "date": "2023-10-21T00:00:00",
    "weekday": "Oct 2023",
    "charges": 0.0,
    "color": null
  },
  {
    "pnl": 953522.189786,
    "pnlstr": null,
    "date": "2023-10-22T00:00:00",
    "weekday": "Oct 2023",
    "charges": 0.0,
    "color": null
  },
  {
    "pnl": 977980.215951,
    "pnlstr": null,
    "date": "2023-10-23T00:00:00",
    "weekday": "Oct 2023",
    "charges": 0.0,
    "color": null
  },
  {
    "pnl": 977980.215951,
    "pnlstr": null,
    "date": "2023-10-24T00:00:00",
    "weekday": "Oct 2023",
    "charges": 0.0,
    "color": null
  },
  {
    "pnl": 977980.215951,
    "pnlstr": null,
    "date": "2023-10-25T00:00:00",
    "weekday": "Oct 2023",
    "charges": 0.0,
    "color": null
  },
  {
    "pnl": 957052.112175,
    "pnlstr": null,
    "date": "2023-10-26T00:00:00",
    "weekday": "Oct 2023",
    "charges": 0.0,
    "color": null
  },
  {
    "pnl": 957052.112175,
    "pnlstr": null,
    "date": "2023-10-27T00:00:00",
    "weekday": "Oct 2023",
    "charges": 0.0,
    "color": null
  },
  {
    "pnl": 957052.112175,
    "pnlstr": null,
    "date": "2023-10-28T00:00:00",
    "weekday": "Oct 2023",
    "charges": 0.0,
    "color": null
  },
  {
    "pnl": 957052.112175,
    "pnlstr": null,
    "date": "2023-10-29T00:00:00",
    "weekday": "Oct 2023",
    "charges": 0.0,
    "color": null
  },
  {
    "pnl": 985253.560436,
    "pnlstr": null,
    "date": "2023-10-30T00:00:00",
    "weekday": "Oct 2023",
    "charges": 0.0,
    "color": null
  },
  {
    "pnl": 1001784.109657,
    "pnlstr": null,
    "date": "2023-10-31T00:00:00",
    "weekday": "Oct 2023",
    "charges": 0.0,
    "color": null
  },
  {
    "pnl": 1136149.4028430001,
    "pnlstr": null,
    "date": "2023-11-01T00:00:00",
    "weekday": "Nov 2023",
    "charges": 0.0,
    "color": null
  },
  {
    "pnl": 1169904.8098660002,
    "pnlstr": null,
    "date": "2023-11-02T00:00:00",
    "weekday": "Nov 2023",
    "charges": 0.0,
    "color": null
  },
  {
    "pnl": 1169904.8098660002,
    "pnlstr": null,
    "date": "2023-11-03T00:00:00",
    "weekday": "Nov 2023",
    "charges": 0.0,
    "color": null
  },
  {
    "pnl": 1169904.8098660002,
    "pnlstr": null,
    "date": "2023-11-04T00:00:00",
    "weekday": "Nov 2023",
    "charges": 0.0,
    "color": null
  },
  {
    "pnl": 1169904.8098660002,
    "pnlstr": null,
    "date": "2023-11-05T00:00:00",
    "weekday": "Nov 2023",
    "charges": 0.0,
    "color": null
  },
  {
    "pnl": 1203233.856482,
    "pnlstr": null,
    "date": "2023-11-06T00:00:00",
    "weekday": "Nov 2023",
    "charges": 0.0,
    "color": null
  },
  {
    "pnl": 1114282.636622,
    "pnlstr": null,
    "date": "2023-11-07T00:00:00",
    "weekday": "Nov 2023",
    "charges": 0.0,
    "color": null
  },
  {
    "pnl": 1154220.006092,
    "pnlstr": null,
    "date": "2023-11-08T00:00:00",
    "weekday": "Nov 2023",
    "charges": 0.0,
    "color": null
  },
  {
    "pnl": 1258571.3468550001,
    "pnlstr": null,
    "date": "2023-11-09T00:00:00",
    "weekday": "Nov 2023",
    "charges": 0.0,
    "color": null
  },
  {
    "pnl": 1258571.3468550001,
    "pnlstr": null,
    "date": "2023-11-10T00:00:00",
    "weekday": "Nov 2023",
    "charges": 0.0,
    "color": null
  },
  {
    "pnl": 1258571.3468550001,
    "pnlstr": null,
    "date": "2023-11-11T00:00:00",
    "weekday": "Nov 2023",
    "charges": 0.0,
    "color": null
  },
  {
    "pnl": 1258571.3468550001,
    "pnlstr": null,
    "date": "2023-11-12T00:00:00",
    "weekday": "Nov 2023",
    "charges": 0.0,
    "color": null
  },
  {
    "pnl": 1281633.4796350002,
    "pnlstr": null,
    "date": "2023-11-13T00:00:00",
    "weekday": "Nov 2023",
    "charges": 0.0,
    "color": null
  },
  {
    "pnl": 1281633.4796350002,
    "pnlstr": null,
    "date": "2023-11-14T00:00:00",
    "weekday": "Nov 2023",
    "charges": 0.0,
    "color": null
  },
  {
    "pnl": 1382920.0280740003,
    "pnlstr": null,
    "date": "2023-11-15T00:00:00",
    "weekday": "Nov 2023",
    "charges": 0.0,
    "color": null
  },
  {
    "pnl": 1361038.4021280003,
    "pnlstr": null,
    "date": "2023-11-16T00:00:00",
    "weekday": "Nov 2023",
    "charges": 0.0,
    "color": null
  },
  {
    "pnl": 1361038.4021280003,
    "pnlstr": null,
    "date": "2023-11-17T00:00:00",
    "weekday": "Nov 2023",
    "charges": 0.0,
    "color": null
  },
  {
    "pnl": 1361038.4021280003,
    "pnlstr": null,
    "date": "2023-11-18T00:00:00",
    "weekday": "Nov 2023",
    "charges": 0.0,
    "color": null
  },
  {
    "pnl": 1361038.4021280003,
    "pnlstr": null,
    "date": "2023-11-19T00:00:00",
    "weekday": "Nov 2023",
    "charges": 0.0,
    "color": null
  },
  {
    "pnl": 1333910.2590330003,
    "pnlstr": null,
    "date": "2023-11-20T00:00:00",
    "weekday": "Nov 2023",
    "charges": 0.0,
    "color": null
  },
  {
    "pnl": 1420648.4072680003,
    "pnlstr": null,
    "date": "2023-11-21T00:00:00",
    "weekday": "Nov 2023",
    "charges": 0.0,
    "color": null
  },
  {
    "pnl": 1467591.8062770003,
    "pnlstr": null,
    "date": "2023-11-22T00:00:00",
    "weekday": "Nov 2023",
    "charges": 0.0,
    "color": null
  },
  {
    "pnl": 1516271.3974430002,
    "pnlstr": null,
    "date": "2023-11-23T00:00:00",
    "weekday": "Nov 2023",
    "charges": 0.0,
    "color": null
  },
  {
    "pnl": 1567366.4576700001,
    "pnlstr": null,
    "date": "2023-11-24T00:00:00",
    "weekday": "Nov 2023",
    "charges": 0.0,
    "color": null
  },
  {
    "pnl": 1567366.4576700001,
    "pnlstr": null,
    "date": "2023-11-25T00:00:00",
    "weekday": "Nov 2023",
    "charges": 0.0,
    "color": null
  },
  {
    "pnl": 1567366.4576700001,
    "pnlstr": null,
    "date": "2023-11-26T00:00:00",
    "weekday": "Nov 2023",
    "charges": 0.0,
    "color": null
  },
  {
    "pnl": 1567366.4576700001,
    "pnlstr": null,
    "date": "2023-11-27T00:00:00",
    "weekday": "Nov 2023",
    "charges": 0.0,
    "color": null
  },
  {
    "pnl": 1565397.865929,
    "pnlstr": null,
    "date": "2023-11-28T00:00:00",
    "weekday": "Nov 2023",
    "charges": 0.0,
    "color": null
  },
  {
    "pnl": 1565397.865929,
    "pnlstr": null,
    "date": "2023-11-29T00:00:00",
    "weekday": "Nov 2023",
    "charges": 0.0,
    "color": null
  },
  {
    "pnl": 1557581.384299,
    "pnlstr": null,
    "date": "2023-11-30T00:00:00",
    "weekday": "Nov 2023",
    "charges": 0.0,
    "color": null
  },
  {
    "pnl": 1557581.384299,
    "pnlstr": null,
    "date": "2023-12-01T00:00:00",
    "weekday": "Dec 2023",
    "charges": 0.0,
    "color": null
  },
  {
    "pnl": 1557581.384299,
    "pnlstr": null,
    "date": "2023-12-02T00:00:00",
    "weekday": "Dec 2023",
    "charges": 0.0,
    "color": null
  },
  {
    "pnl": 1557581.384299,
    "pnlstr": null,
    "date": "2023-12-03T00:00:00",
    "weekday": "Dec 2023",
    "charges": 0.0,
    "color": null
  },
  {
    "pnl": 1512440.028742,
    "pnlstr": null,
    "date": "2023-12-04T00:00:00",
    "weekday": "Dec 2023",
    "charges": 0.0,
    "color": null
  },
  {
    "pnl": 1525522.15718,
    "pnlstr": null,
    "date": "2023-12-05T00:00:00",
    "weekday": "Dec 2023",
    "charges": 0.0,
    "color": null
  },
  {
    "pnl": 1531872.4308210001,
    "pnlstr": null,
    "date": "2023-12-06T00:00:00",
    "weekday": "Dec 2023",
    "charges": 0.0,
    "color": null
  },
  {
    "pnl": 1614694.582176,
    "pnlstr": null,
    "date": "2023-12-07T00:00:00",
    "weekday": "Dec 2023",
    "charges": 0.0,
    "color": null
  },
  {
    "pnl": 1614694.582176,
    "pnlstr": null,
    "date": "2023-12-08T00:00:00",
    "weekday": "Dec 2023",
    "charges": 0.0,
    "color": null
  },
  {
    "pnl": 1614694.582176,
    "pnlstr": null,
    "date": "2023-12-09T00:00:00",
    "weekday": "Dec 2023",
    "charges": 0.0,
    "color": null
  },
  {
    "pnl": 1614694.582176,
    "pnlstr": null,
    "date": "2023-12-10T00:00:00",
    "weekday": "Dec 2023",
    "charges": 0.0,
    "color": null
  },
  {
    "pnl": 1567817.6663900001,
    "pnlstr": null,
    "date": "2023-12-11T00:00:00",
    "weekday": "Dec 2023",
    "charges": 0.0,
    "color": null
  },
  {
    "pnl": 1584762.5338430002,
    "pnlstr": null,
    "date": "2023-12-12T00:00:00",
    "weekday": "Dec 2023",
    "charges": 0.0,
    "color": null
  },
  {
    "pnl": 1621674.0823690002,
    "pnlstr": null,
    "date": "2023-12-13T00:00:00",
    "weekday": "Dec 2023",
    "charges": 0.0,
    "color": null
  },
  {
    "pnl": 1580834.416534,
    "pnlstr": null,
    "date": "2023-12-14T00:00:00",
    "weekday": "Dec 2023",
    "charges": 0.0,
    "color": null
  },
  {
    "pnl": 1580834.416534,
    "pnlstr": null,
    "date": "2023-12-15T00:00:00",
    "weekday": "Dec 2023",
    "charges": 0.0,
    "color": null
  },
  {
    "pnl": 1580834.416534,
    "pnlstr": null,
    "date": "2023-12-16T00:00:00",
    "weekday": "Dec 2023",
    "charges": 0.0,
    "color": null
  },
  {
    "pnl": 1580834.416534,
    "pnlstr": null,
    "date": "2023-12-17T00:00:00",
    "weekday": "Dec 2023",
    "charges": 0.0,
    "color": null
  },
  {
    "pnl": 1585904.555713,
    "pnlstr": null,
    "date": "2023-12-18T00:00:00",
    "weekday": "Dec 2023",
    "charges": 0.0,
    "color": null
  },
  {
    "pnl": 1609957.680161,
    "pnlstr": null,
    "date": "2023-12-19T00:00:00",
    "weekday": "Dec 2023",
    "charges": 0.0,
    "color": null
  },
  {
    "pnl": 1629065.301352,
    "pnlstr": null,
    "date": "2023-12-20T00:00:00",
    "weekday": "Dec 2023",
    "charges": 0.0,
    "color": null
  },
  {
    "pnl": 1628394.4010070001,
    "pnlstr": null,
    "date": "2023-12-21T00:00:00",
    "weekday": "Dec 2023",
    "charges": 0.0,
    "color": null
  },
  {
    "pnl": 1634684.057677,
    "pnlstr": null,
    "date": "2023-12-22T00:00:00",
    "weekday": "Dec 2023",
    "charges": 0.0,
    "color": null
  },
  {
    "pnl": 1634684.057677,
    "pnlstr": null,
    "date": "2023-12-23T00:00:00",
    "weekday": "Dec 2023",
    "charges": 0.0,
    "color": null
  },
  {
    "pnl": 1634684.057677,
    "pnlstr": null,
    "date": "2023-12-24T00:00:00",
    "weekday": "Dec 2023",
    "charges": 0.0,
    "color": null
  },
  {
    "pnl": 1634684.057677,
    "pnlstr": null,
    "date": "2023-12-25T00:00:00",
    "weekday": "Dec 2023",
    "charges": 0.0,
    "color": null
  },
  {
    "pnl": 1535955.9974,
    "pnlstr": null,
    "date": "2023-12-26T00:00:00",
    "weekday": "Dec 2023",
    "charges": 0.0,
    "color": null
  },
  {
    "pnl": 1535955.9974,
    "pnlstr": null,
    "date": "2023-12-27T00:00:00",
    "weekday": "Dec 2023",
    "charges": 0.0,
    "color": null
  },
  {
    "pnl": 1582906.996916,
    "pnlstr": null,
    "date": "2023-12-28T00:00:00",
    "weekday": "Dec 2023",
    "charges": 0.0,
    "color": null
  },
  {
    "pnl": 1582906.996916,
    "pnlstr": null,
    "date": "2023-12-29T00:00:00",
    "weekday": "Dec 2023",
    "charges": 0.0,
    "color": null
  },
  {
    "pnl": 1582906.996916,
    "pnlstr": null,
    "date": "2023-12-30T00:00:00",
    "weekday": "Dec 2023",
    "charges": 0.0,
    "color": null
  },
  {
    "pnl": 1582906.996916,
    "pnlstr": null,
    "date": "2023-12-31T00:00:00",
    "weekday": "Dec 2023",
    "charges": 0.0,
    "color": null
  },
  {
    "pnl": 1605099.6836960001,
    "pnlstr": null,
    "date": "2024-01-01T00:00:00",
    "weekday": "Jan 2024",
    "charges": 0.0,
    "color": null
  },
  {
    "pnl": 1654970.2221700002,
    "pnlstr": null,
    "date": "2024-01-02T00:00:00",
    "weekday": "Jan 2024",
    "charges": 0.0,
    "color": null
  },
  {
    "pnl": 1660881.516585,
    "pnlstr": null,
    "date": "2024-01-03T00:00:00",
    "weekday": "Jan 2024",
    "charges": 0.0,
    "color": null
  },
  {
    "pnl": 1734910.412149,
    "pnlstr": null,
    "date": "2024-01-04T00:00:00",
    "weekday": "Jan 2024",
    "charges": 0.0,
    "color": null
  },
  {
    "pnl": 1734910.412149,
    "pnlstr": null,
    "date": "2024-01-05T00:00:00",
    "weekday": "Jan 2024",
    "charges": 0.0,
    "color": null
  },
  {
    "pnl": 1734910.412149,
    "pnlstr": null,
    "date": "2024-01-06T00:00:00",
    "weekday": "Jan 2024",
    "charges": 0.0,
    "color": null
  },
  {
    "pnl": 1734910.412149,
    "pnlstr": null,
    "date": "2024-01-07T00:00:00",
    "weekday": "Jan 2024",
    "charges": 0.0,
    "color": null
  },
  {
    "pnl": 1726131.841142,
    "pnlstr": null,
    "date": "2024-01-08T00:00:00",
    "weekday": "Jan 2024",
    "charges": 0.0,
    "color": null
  },
  {
    "pnl": 1691597.182633,
    "pnlstr": null,
    "date": "2024-01-09T00:00:00",
    "weekday": "Jan 2024",
    "charges": 0.0,
    "color": null
  },
  {
    "pnl": 1636555.765048,
    "pnlstr": null,
    "date": "2024-01-10T00:00:00",
    "weekday": "Jan 2024",
    "charges": 0.0,
    "color": null
  },
  {
    "pnl": 1663808.706326,
    "pnlstr": null,
    "date": "2024-01-11T00:00:00",
    "weekday": "Jan 2024",
    "charges": 0.0,
    "color": null
  },
  {
    "pnl": 1663808.706326,
    "pnlstr": null,
    "date": "2024-01-12T00:00:00",
    "weekday": "Jan 2024",
    "charges": 0.0,
    "color": null
  },
  {
    "pnl": 1663808.706326,
    "pnlstr": null,
    "date": "2024-01-13T00:00:00",
    "weekday": "Jan 2024",
    "charges": 0.0,
    "color": null
  },
  {
    "pnl": 1663808.706326,
    "pnlstr": null,
    "date": "2024-01-14T00:00:00",
    "weekday": "Jan 2024",
    "charges": 0.0,
    "color": null
  },
  {
    "pnl": 1723526.16199,
    "pnlstr": null,
    "date": "2024-01-15T00:00:00",
    "weekday": "Jan 2024",
    "charges": 0.0,
    "color": null
  },
  {
    "pnl": 1654289.679422,
    "pnlstr": null,
    "date": "2024-01-16T00:00:00",
    "weekday": "Jan 2024",
    "charges": 0.0,
    "color": null
  },
  {
    "pnl": 1650166.027436,
    "pnlstr": null,
    "date": "2024-01-17T00:00:00",
    "weekday": "Jan 2024",
    "charges": 0.0,
    "color": null
  },
  {
    "pnl": 1601699.856082,
    "pnlstr": null,
    "date": "2024-01-18T00:00:00",
    "weekday": "Jan 2024",
    "charges": 0.0,
    "color": null
  },
  {
    "pnl": 1601699.856082,
    "pnlstr": null,
    "date": "2024-01-19T00:00:00",
    "weekday": "Jan 2024",
    "charges": 0.0,
    "color": null
  },
  {
    "pnl": 1601699.856082,
    "pnlstr": null,
    "date": "2024-01-20T00:00:00",
    "weekday": "Jan 2024",
    "charges": 0.0,
    "color": null
  },
  {
    "pnl": 1601699.856082,
    "pnlstr": null,
    "date": "2024-01-21T00:00:00",
    "weekday": "Jan 2024",
    "charges": 0.0,
    "color": null
  },
  {
    "pnl": 1601699.856082,
    "pnlstr": null,
    "date": "2024-01-22T00:00:00",
    "weekday": "Jan 2024",
    "charges": 0.0,
    "color": null
  },
  {
    "pnl": 1632683.184628,
    "pnlstr": null,
    "date": "2024-01-23T00:00:00",
    "weekday": "Jan 2024",
    "charges": 0.0,
    "color": null
  },
  {
    "pnl": 1632683.184628,
    "pnlstr": null,
    "date": "2024-01-24T00:00:00",
    "weekday": "Jan 2024",
    "charges": 0.0,
    "color": null
  },
  {
    "pnl": 1618937.763444,
    "pnlstr": null,
    "date": "2024-01-25T00:00:00",
    "weekday": "Jan 2024",
    "charges": 0.0,
    "color": null
  },
  {
    "pnl": 1618937.763444,
    "pnlstr": null,
    "date": "2024-01-26T00:00:00",
    "weekday": "Jan 2024",
    "charges": 0.0,
    "color": null
  },
  {
    "pnl": 1618937.763444,
    "pnlstr": null,
    "date": "2024-01-27T00:00:00",
    "weekday": "Jan 2024",
    "charges": 0.0,
    "color": null
  },
  {
    "pnl": 1618937.763444,
    "pnlstr": null,
    "date": "2024-01-28T00:00:00",
    "weekday": "Jan 2024",
    "charges": 0.0,
    "color": null
  },
  {
    "pnl": 1529955.307973,
    "pnlstr": null,
    "date": "2024-01-29T00:00:00",
    "weekday": "Jan 2024",
    "charges": 0.0,
    "color": null
  },
  {
    "pnl": 1566190.320074,
    "pnlstr": null,
    "date": "2024-01-30T00:00:00",
    "weekday": "Jan 2024",
    "charges": 0.0,
    "color": null
  },
  {
    "pnl": 1565063.759636,
    "pnlstr": null,
    "date": "2024-01-31T00:00:00",
    "weekday": "Jan 2024",
    "charges": 0.0,
    "color": null
  },
  {
    "pnl": 1672687.05932,
    "pnlstr": null,
    "date": "2024-02-01T00:00:00",
    "weekday": "Feb 2024",
    "charges": 0.0,
    "color": null
  },
  {
    "pnl": 1672687.05932,
    "pnlstr": null,
    "date": "2024-02-02T00:00:00",
    "weekday": "Feb 2024",
    "charges": 0.0,
    "color": null
  },
  {
    "pnl": 1672687.05932,
    "pnlstr": null,
    "date": "2024-02-03T00:00:00",
    "weekday": "Feb 2024",
    "charges": 0.0,
    "color": null
  },
  {
    "pnl": 1672687.05932,
    "pnlstr": null,
    "date": "2024-02-04T00:00:00",
    "weekday": "Feb 2024",
    "charges": 0.0,
    "color": null
  },
  {
    "pnl": 1621119.74733,
    "pnlstr": null,
    "date": "2024-02-05T00:00:00",
    "weekday": "Feb 2024",
    "charges": 0.0,
    "color": null
  },
  {
    "pnl": 1678993.456658,
    "pnlstr": null,
    "date": "2024-02-06T00:00:00",
    "weekday": "Feb 2024",
    "charges": 0.0,
    "color": null
  },
  {
    "pnl": 1679589.2348439998,
    "pnlstr": null,
    "date": "2024-02-07T00:00:00",
    "weekday": "Feb 2024",
    "charges": 0.0,
    "color": null
  },
  {
    "pnl": 1674667.5601209998,
    "pnlstr": null,
    "date": "2024-02-08T00:00:00",
    "weekday": "Feb 2024",
    "charges": 0.0,
    "color": null
  },
  {
    "pnl": 1674667.5601209998,
    "pnlstr": null,
    "date": "2024-02-09T00:00:00",
    "weekday": "Feb 2024",
    "charges": 0.0,
    "color": null
  },
  {
    "pnl": 1674667.5601209998,
    "pnlstr": null,
    "date": "2024-02-10T00:00:00",
    "weekday": "Feb 2024",
    "charges": 0.0,
    "color": null
  },
  {
    "pnl": 1674667.5601209998,
    "pnlstr": null,
    "date": "2024-02-11T00:00:00",
    "weekday": "Feb 2024",
    "charges": 0.0,
    "color": null
  },
  {
    "pnl": 1705339.2713779998,
    "pnlstr": null,
    "date": "2024-02-12T00:00:00",
    "weekday": "Feb 2024",
    "charges": 0.0,
    "color": null
  },
  {
    "pnl": 1745621.021298,
    "pnlstr": null,
    "date": "2024-02-13T00:00:00",
    "weekday": "Feb 2024",
    "charges": 0.0,
    "color": null
  },
  {
    "pnl": 1729033.00693,
    "pnlstr": null,
    "date": "2024-02-14T00:00:00",
    "weekday": "Feb 2024",
    "charges": 0.0,
    "color": null
  },
  {
    "pnl": 1825277.384741,
    "pnlstr": null,
    "date": "2024-02-15T00:00:00",
    "weekday": "Feb 2024",
    "charges": 0.0,
    "color": null
  },
  {
    "pnl": 1825277.384741,
    "pnlstr": null,
    "date": "2024-02-16T00:00:00",
    "weekday": "Feb 2024",
    "charges": 0.0,
    "color": null
  },
  {
    "pnl": 1825277.384741,
    "pnlstr": null,
    "date": "2024-02-17T00:00:00",
    "weekday": "Feb 2024",
    "charges": 0.0,
    "color": null
  },
  {
    "pnl": 1825277.384741,
    "pnlstr": null,
    "date": "2024-02-18T00:00:00",
    "weekday": "Feb 2024",
    "charges": 0.0,
    "color": null
  },
  {
    "pnl": 1850457.930055,
    "pnlstr": null,
    "date": "2024-02-19T00:00:00",
    "weekday": "Feb 2024",
    "charges": 0.0,
    "color": null
  },
  {
    "pnl": 1899983.5195489998,
    "pnlstr": null,
    "date": "2024-02-20T00:00:00",
    "weekday": "Feb 2024",
    "charges": 0.0,
    "color": null
  },
  {
    "pnl": 1933708.0504319998,
    "pnlstr": null,
    "date": "2024-02-21T00:00:00",
    "weekday": "Feb 2024",
    "charges": 0.0,
    "color": null
  },
  {
    "pnl": 1946744.6646359998,
    "pnlstr": null,
    "date": "2024-02-22T00:00:00",
    "weekday": "Feb 2024",
    "charges": 0.0,
    "color": null
  },
  {
    "pnl": 1946744.6646359998,
    "pnlstr": null,
    "date": "2024-02-23T00:00:00",
    "weekday": "Feb 2024",
    "charges": 0.0,
    "color": null
  },
  {
    "pnl": 1946744.6646359998,
    "pnlstr": null,
    "date": "2024-02-24T00:00:00",
    "weekday": "Feb 2024",
    "charges": 0.0,
    "color": null
  },
  {
    "pnl": 1946744.6646359998,
    "pnlstr": null,
    "date": "2024-02-25T00:00:00",
    "weekday": "Feb 2024",
    "charges": 0.0,
    "color": null
  },
  {
    "pnl": 1965014.1821639999,
    "pnlstr": null,
    "date": "2024-02-26T00:00:00",
    "weekday": "Feb 2024",
    "charges": 0.0,
    "color": null
  },
  {
    "pnl": 2096057.844508,
    "pnlstr": null,
    "date": "2024-02-27T00:00:00",
    "weekday": "Feb 2024",
    "charges": 0.0,
    "color": null
  },
  {
    "pnl": 2096057.844508,
    "pnlstr": null,
    "date": "2024-02-28T00:00:00",
    "weekday": "Feb 2024",
    "charges": 0.0,
    "color": null
  },
  {
    "pnl": 1958858.9787919999,
    "pnlstr": null,
    "date": "2024-02-29T00:00:00",
    "weekday": "Feb 2024",
    "charges": 0.0,
    "color": null
  },
  {
    "pnl": 1958858.9787919999,
    "pnlstr": null,
    "date": "2024-03-01T00:00:00",
    "weekday": "Mar 2024",
    "charges": 0.0,
    "color": null
  },
  {
    "pnl": 1958858.9787919999,
    "pnlstr": null,
    "date": "2024-03-02T00:00:00",
    "weekday": "Mar 2024",
    "charges": 0.0,
    "color": null
  },
  {
    "pnl": 1958858.9787919999,
    "pnlstr": null,
    "date": "2024-03-03T00:00:00",
    "weekday": "Mar 2024",
    "charges": 0.0,
    "color": null
  },
  {
    "pnl": 1993874.226901,
    "pnlstr": null,
    "date": "2024-03-04T00:00:00",
    "weekday": "Mar 2024",
    "charges": 0.0,
    "color": null
  },
  {
    "pnl": 1952238.5000979998,
    "pnlstr": null,
    "date": "2024-03-05T00:00:00",
    "weekday": "Mar 2024",
    "charges": 0.0,
    "color": null
  },
  {
    "pnl": 1951618.7502079997,
    "pnlstr": null,
    "date": "2024-03-06T00:00:00",
    "weekday": "Mar 2024",
    "charges": 0.0,
    "color": null
  },
  {
    "pnl": 2055494.4949909998,
    "pnlstr": null,
    "date": "2024-03-07T00:00:00",
    "weekday": "Mar 2024",
    "charges": 0.0,
    "color": null
  },
  {
    "pnl": 2055494.4949909998,
    "pnlstr": null,
    "date": "2024-03-08T00:00:00",
    "weekday": "Mar 2024",
    "charges": 0.0,
    "color": null
  },
  {
    "pnl": 2055494.4949909998,
    "pnlstr": null,
    "date": "2024-03-09T00:00:00",
    "weekday": "Mar 2024",
    "charges": 0.0,
    "color": null
  },
  {
    "pnl": 2055494.4949909998,
    "pnlstr": null,
    "date": "2024-03-10T00:00:00",
    "weekday": "Mar 2024",
    "charges": 0.0,
    "color": null
  },
  {
    "pnl": 2132145.186194,
    "pnlstr": null,
    "date": "2024-03-11T00:00:00",
    "weekday": "Mar 2024",
    "charges": 0.0,
    "color": null
  },
  {
    "pnl": 2245959.2539,
    "pnlstr": null,
    "date": "2024-03-12T00:00:00",
    "weekday": "Mar 2024",
    "charges": 0.0,
    "color": null
  },
  {
    "pnl": 2293389.939725,
    "pnlstr": null,
    "date": "2024-03-13T00:00:00",
    "weekday": "Mar 2024",
    "charges": 0.0,
    "color": null
  },
  {
    "pnl": 2374161.267299,
    "pnlstr": null,
    "date": "2024-03-14T00:00:00",
    "weekday": "Mar 2024",
    "charges": 0.0,
    "color": null
  },
  {
    "pnl": 2374161.267299,
    "pnlstr": null,
    "date": "2024-03-15T00:00:00",
    "weekday": "Mar 2024",
    "charges": 0.0,
    "color": null
  },
  {
    "pnl": 2374161.267299,
    "pnlstr": null,
    "date": "2024-03-16T00:00:00",
    "weekday": "Mar 2024",
    "charges": 0.0,
    "color": null
  },
  {
    "pnl": 2374161.267299,
    "pnlstr": null,
    "date": "2024-03-17T00:00:00",
    "weekday": "Mar 2024",
    "charges": 0.0,
    "color": null
  },
  {
    "pnl": 2365946.618894,
    "pnlstr": null,
    "date": "2024-03-18T00:00:00",
    "weekday": "Mar 2024",
    "charges": 0.0,
    "color": null
  },
  {
    "pnl": 2304228.630905,
    "pnlstr": null,
    "date": "2024-03-19T00:00:00",
    "weekday": "Mar 2024",
    "charges": 0.0,
    "color": null
  },
  {
    "pnl": 2279601.158299,
    "pnlstr": null,
    "date": "2024-03-20T00:00:00",
    "weekday": "Mar 2024",
    "charges": 0.0,
    "color": null
  }
]