[
  {
    "pnl": 29465.39,
    "pnlstr": null,
    "date": "2023-02-01T00:00:00",
    "weekday": "Feb 2023",
    "charges": 0.0,
    "color": null
  },
  {
    "pnl": -25899.06,
    "pnlstr": null,
    "date": "2023-03-01T00:00:00",
    "weekday": "Mar 2023",
    "charges": 0.0,
    "color": null
  },
  {
    "pnl": 27661.79,
    "pnlstr": null,
    "date": "2023-04-01T00:00:00",
    "weekday": "Apr 2023",
    "charges": 0.0,
    "color": null
  },
  {
    "pnl": -72499.7,
    "pnlstr": null,
    "date": "2023-05-01T00:00:00",
    "weekday": "May 2023",
    "charges": 0.0,
    "color": null
  },
  {
    "pnl": 240758.54,
    "pnlstr": null,
    "date": "2023-06-01T00:00:00",
    "weekday": "Jun 2023",
    "charges": 0.0,
    "color": null
  },
  {
    "pnl": 31233.12,
    "pnlstr": null,
    "date": "2023-07-01T00:00:00",
    "weekday": "Jul 2023",
    "charges": 0.0,
    "color": null
  },
  {
    "pnl": 315288.93,
    "pnlstr": null,
    "date": "2023-08-01T00:00:00",
    "weekday": "Aug 2023",
    "charges": 0.0,
    "color": null
  },
  {
    "pnl": 82439.92,
    "pnlstr": null,
    "date": "2023-09-01T00:00:00",
    "weekday": "Sep 2023",
    "charges": 0.0,
    "color": null
  },
  {
    "pnl": 373335.18,
    "pnlstr": null,
    "date": "2023-10-01T00:00:00",
    "weekday": "Oct 2023",
    "charges": 0.0,
    "color": null
  },
  {
    "pnl": 555797.27,
    "pnlstr": null,
    "date": "2023-11-01T00:00:00",
    "weekday": "Nov 2023",
    "charges": 0.0,
    "color": null
  },
  {
    "pnl": 25325.61,
    "pnlstr": null,
    "date": "2023-12-01T00:00:00",
    "weekday": "Dec 2023",
    "charges": 0.0,
    "color": null
  },
  {
    "pnl": -17843.24,
    "pnlstr": null,
    "date": "2024-01-01T00:00:00",
    "weekday": "Jan 2024",
    "charges": 0.0,
    "color": null
  },
  {
    "pnl": 393795.22,
    "pnlstr": null,
    "date": "2024-02-01T00:00:00",
    "weekday": "Feb 2024",
    "charges": 0.0,
    "color": null
  },
  {
    "pnl": 320742.18,
    "pnlstr": null,
    "date": "2024-03-01T00:00:00",
    "weekday": "Mar 2024",
    "charges": 0.0,
    "color": null
  }
]