[
  {
    "pnl": 29696.25,
    "netpnl": 29465.389863,
    "date": "2023-02-01T00:00:00",
    "weekday": "Feb 2023",
    "charges": 230.860137,
    "color": null
  },
  {
    "pnl": -12877.5,
    "netpnl": -25899.058229000017,
    "date": "2023-03-01T00:00:00",
    "weekday": "Mar 2023",
    "charges": 13021.558229,
    "color": null
  },
  {
    "pnl": 39416.25,
    "netpnl": 27661.788862999994,
    "date": "2023-04-01T00:00:00",
    "weekday": "Apr 2023",
    "charges": 11754.461137000002,
    "color": null
  },
  {
    "pnl": -50164.25,
    "netpnl": -72499.69504300001,
    "date": "2023-05-01T00:00:00",
    "weekday": "May 2023",
    "charges": 22335.445043,
    "color": null
  },
  {
    "pnl": 261301.25,
    "netpnl": 240758.540977,
    "date": "2023-06-01T00:00:00",
    "weekday": "Jun 2023",
    "charges": 20542.709023,
    "color": null
  },
  {
    "pnl": 51839.75,
    "netpnl": 31233.118994999993,
    "date": "2023-07-01T00:00:00",
    "weekday": "Jul 2023",
    "charges": 20606.631005,
    "color": null
  },
  {
    "pnl": 333163.0,
    "netpnl": 315288.925491,
    "date": "2023-08-01T00:00:00",
    "weekday": "Aug 2023",
    "charges": 17874.074509,
    "color": null
  },
  {
    "pnl": 95483.25,
    "netpnl": 82439.915148,
    "date": "2023-09-01T00:00:00",
    "weekday": "Sep 2023",
    "charges": 13043.334852,
    "color": null
  },
  {
    "pnl": 388566.75,
    "netpnl": 373335.183592,
    "date": "2023-10-01T00:00:00",
    "weekday": "Oct 2023",
    "charges": 15231.566408,
    "color": null
  },
  {
    "pnl": 575812.75,
    "netpnl": 555797.274642,
    "date": "2023-11-01T00:00:00",
    "weekday": "Nov 2023",
    "charges": 20015.475358,
    "color": null
  },
  {
    "pnl": 46943.0,
    "netpnl": 25325.612617,
    "date": "2023-12-01T00:00:00",
    "weekday": "Dec 2023",
    "charges": 21617.387383,
    "color": null
  },
  {
    "pnl": 6626.75,
    "netpnl": -17843.237279999987,
    "date": "2024-01-01T00:00:00",
    "weekday": "Jan 2024",
    "charges": 24469.98728,
    "color": null
  },
  {
    "pnl": 416499.5,
    "netpnl": 393795.21915599995,
    "date": "2024-02-01T00:00:00",
    "weekday": "Feb 2024",
    "charges": 22704.280844,
    "color": null
  },
  {
    "pnl": 335142.0,
    "netpnl": 320742.17950699996,
    "date": "2024-03-01T00:00:00",
    "weekday": "Mar 2024",
    "charges": 14399.820493,
    "color": null
  }
]