[
  {
    "pnl": 0.0,
    "date": "2023-02-01T00:00:00",
    "weekday": "Feb 2023",
    "netpnl": 29465.389863
  },
  {
    "pnl": -25899.058229000017,
    "date": "2023-03-01T00:00:00",
    "weekday": "Mar 2023",
    "netpnl": 3566.3316339999838
  },
  {
    "pnl": 0.0,
    "date": "2023-04-01T00:00:00",
    "weekday": "Apr 2023",
    "netpnl": 31228.120496999978
  },
  {
    "pnl": -72499.69504300001,
    "date": "2023-05-01T00:00:00",
    "weekday": "May 2023",
    "netpnl": -41271.57454600003
  },
  {
    "pnl": 0.0,
    "date": "2023-06-01T00:00:00",
    "weekday": "Jun 2023",
    "netpnl": 199486.96643099998
  },
  {
    "pnl": 0.0,
    "date": "2023-07-01T00:00:00",
    "weekday": "Jul 2023",
    "netpnl": 230720.08542599998
  },
  {
    "pnl": 0.0,
    "date": "2023-08-01T00:00:00",
    "weekday": "Aug 2023",
    "netpnl": 546009.010917
  },
  {
    "pnl": 0.0,
    "date": "2023-09-01T00:00:00",
    "weekday": "Sep 2023",
    "netpnl": 628448.926065
  },
  {
    "pnl": 0.0,
    "date": "2023-10-01T00:00:00",
    "weekday": "Oct 2023",
    "netpnl": 1001784.109657
  },
  {
    "pnl": 0.0,
    "date": "2023-11-01T00:00:00",
    "weekday": "Nov 2023",
    "netpnl": 1557581.384299
  },
  {
    "pnl": 0.0,
    "date": "2023-12-01T00:00:00",
    "weekday": "Dec 2023",
    "netpnl": 1582906.996916
  },
  {
    "pnl": -17843.23728,
    "date": "2024-01-01T00:00:00",
    "weekday": "Jan 2024",
    "netpnl": 1565063.759636
  },
  {
    "pnl": 0.0,
    "date": "2024-02-01T00:00:00",
    "weekday": "Feb 2024",
    "netpnl": 1958858.978792
  },
  {
    "pnl": 0.0,
    "date": "2024-03-01T00:00:00",
    "weekday": "Mar 2024",
    "netpnl": 2279601.158299
  }
]