{
  "capital": 0.0,
  "totaltradingdays": 198,
  "windays": 120,
  "lossdays": 78,
  "maxwinningstreakdays": 10,
  "maxlosingstreakdays": 4,
  "maxdddays": 59,
  "maxdddaysstr": "09/04/2023 to 07/06/2023",
  "rewardtorisk": 0.0,
  "winrate": 60.60606060606061,
  "lossrate": 39.39393939393939,
  "avgmonthlyprofit": 134094.1857822941,
  "totalprofit": 2279601.158299,
  "maxprofitaday": 134365.29,
  "maxlossaday": -137198.87,
  "avgprofit_lossdaily": 5890.442325581397,
  "avgprofitonprofitdays": 35826.54541666665,
  "avglossonlossdays": -25892.106025641013,
  "maxdrawdown": 204955.104176,
  "maxdrawdownper": 0.0,
  "avgmonthlyprofitstr": "1.34L",
  "totalprofitstr": "22.8L",
  "maxprofitadaystr": "1.34L",
  "maxlossadaystr": "-1.37L",
  "avgprofit_lossdailystr": "5.89K",
  "avgprofitonprofitdaysstr": "35.83K",
  "avglossonlossdaysstr": "-25.89K",
  "maxdrawdownstr": "2.05L",
  "expectancyratio": 0.0
}