[
  {
    "pnl": 55672.654332,
    "pnlstr": null,
    "date": "2023-02-27T00:00:00",
    "weekday": "Feb 2023",
    "charges": 0.0,
    "color": null
  },
  {
    "pnl": 20596.482010999993,
    "pnlstr": null,
    "date": "2023-03-06T00:00:00",
    "weekday": "Mar 2023",
    "charges": 0.0,
    "color": null
  },
  {
    "pnl": -8574.656778000004,
    "pnlstr": null,
    "date": "2023-03-13T00:00:00",
    "weekday": "Mar 2023",
    "charges": 0.0,
    "color": null
  },
  {
    "pnl": -89984.76599100001,
    "pnlstr": null,
    "date": "2023-03-20T00:00:00",
    "weekday": "Mar 2023",
    "charges": 0.0,
    "color": null
  },
  {
    "pnl": 3566.3316339999874,
    "pnlstr": null,
    "date": "2023-03-27T00:00:00",
    "weekday": "Mar 2023",
    "charges": 0.0,
    "color": null
  },
  {
    "pnl": 90947.54646299999,
    "pnlstr": null,
    "date": "2023-04-03T00:00:00",
    "weekday": "Apr 2023",
    "charges": 0.0,
    "color": null
  },
  {
    "pnl": 53927.565812999994,
    "pnlstr": null,
    "date": "2023-04-10T00:00:00",
    "weekday": "Apr 2023",
    "charges": 0.0,
    "color": null
  },
  {
    "pnl": 40605.48668599999,
    "pnlstr": null,
    "date": "2023-04-17T00:00:00",
    "weekday": "Apr 2023",
    "charges": 0.0,
    "color": null
  },
  {
    "pnl": 31228.12049699999,
    "pnlstr": null,
    "date": "2023-04-24T00:00:00",
    "weekday": "Apr 2023",
    "charges": 0.0,
    "color": null
  },
  {
    "pnl": 24918.858560999986,
    "pnlstr": null,
    "date": "2023-05-01T00:00:00",
    "weekday": "May 2023",
    "charges": 0.0,
    "color": null
  },
  {
    "pnl": -2176.144277000014,
    "pnlstr": null,
    "date": "2023-05-08T00:00:00",
    "weekday": "May 2023",
    "charges": 0.0,
    "color": null
  },
  {
    "pnl": -41674.19739700001,
    "pnlstr": null,
    "date": "2023-05-15T00:00:00",
    "weekday": "May 2023",
    "charges": 0.0,
    "color": null
  },
  {
    "pnl": -49816.96551300002,
    "pnlstr": null,
    "date": "2023-05-22T00:00:00",
    "weekday": "May 2023",
    "charges": 0.0,
    "color": null
  },
  {
    "pnl": 11346.406631999984,
    "pnlstr": null,
    "date": "2023-05-29T00:00:00",
    "weekday": "May 2023",
    "charges": 0.0,
    "color": null
  },
  {
    "pnl": 116867.52056999998,
    "pnlstr": null,
    "date": "2023-06-05T00:00:00",
    "weekday": "Jun 2023",
    "charges": 0.0,
    "color": null
  },
  {
    "pnl": 186992.685259,
    "pnlstr": null,
    "date": "2023-06-12T00:00:00",
    "weekday": "Jun 2023",
    "charges": 0.0,
    "color": null
  },
  {
    "pnl": 172167.408569,
    "pnlstr": null,
    "date": "2023-06-19T00:00:00",
    "weekday": "Jun 2023",
    "charges": 0.0,
    "color": null
  },
  {
    "pnl": 199486.96643099998,
    "pnlstr": null,
    "date": "2023-06-26T00:00:00",
    "weekday": "Jun 2023",
    "charges": 0.0,
    "color": null
  },
  {
    "pnl": 272011.852486,
    "pnlstr": null,
    "date": "2023-07-03T00:00:00",
    "weekday": "Jul 2023",
    "charges": 0.0,
    "color": null
  },
  {
    "pnl": 223340.49344599998,
    "pnlstr": null,
    "date": "2023-07-10T00:00:00",
    "weekday": "Jul 2023",
    "charges": 0.0,
    "color": null
  },
  {
    "pnl": 208872.90378799997,
    "pnlstr": null,
    "date": "2023-07-17T00:00:00",
    "weekday": "Jul 2023",
    "charges": 0.0,
    "color": null
  },
  {
    "pnl": 201412.19532699996,
    "pnlstr": null,
    "date": "2023-07-24T00:00:00",
    "weekday": "Jul 2023",
    "charges": 0.0,
    "color": null
  },
  {
    "pnl": 261691.29900899995,
    "pnlstr": null,
    "date": "2023-07-31T00:00:00",
    "weekday": "Jul 2023",
    "charges": 0.0,
    "color": null
  },
  {
    "pnl": 302364.99688899994,
    "pnlstr": null,
    "date": "2023-08-07T00:00:00",
    "weekday": "Aug 2023",
    "charges": 0.0,
    "color": null
  },
  {
    "pnl": 435171.14611499995,
    "pnlstr": null,
    "date": "2023-08-14T00:00:00",
    "weekday": "Aug 2023",
    "charges": 0.0,
    "color": null
  },
  {
    "pnl": 422032.10522399994,
    "pnlstr": null,
    "date": "2023-08-21T00:00:00",
    "weekday": "Aug 2023",
    "charges": 0.0,
    "color": null
  },
  {
    "pnl": 546009.010917,
    "pnlstr": null,
    "date": "2023-08-28T00:00:00",
    "weekday": "Aug 2023",
    "charges": 0.0,
    "color": null
  },
  {
    "pnl": 584019.852062,
    "pnlstr": null,
    "date": "2023-09-04T00:00:00",
    "weekday": "Sep 2023",
    "charges": 0.0,
    "color": null
  },
  {
    "pnl": 630074.4268509999,
    "pnlstr": null,
    "date": "2023-09-11T00:00:00",
    "weekday": "Sep 2023",
    "charges": 0.0,
    "color": null
  },
  {
    "pnl": 670410.854615,
    "pnlstr": null,
    "date": "2023-09-18T00:00:00",
    "weekday": "Sep 2023",
    "charges": 0.0,
    "color": null
  },
  {
    "pnl": 628448.926065,
    "pnlstr": null,
    "date": "2023-09-25T00:00:00",
    "weekday": "Sep 2023",
    "charges": 0.0,
    "color": null
  },
  {
    "pnl": 720900.293791,
    "pnlstr": null,
    "date": "2023-10-02T00:00:00",
    "weekday": "Oct 2023",
    "charges": 0.0,
    "color": null
  },
  {
    "pnl": 836199.1738120001,
    "pnlstr": null,
    "date": "2023-10-09T00:00:00",
    "weekday": "Oct 2023",
    "charges": 0.0,
    "color": null
  },
  {
    "pnl": 953522.1897860001,
    "pnlstr": null,
    "date": "2023-10-16T00:00:00",
    "weekday": "Oct 2023",
    "charges": 0.0,
    "color": null
  },
  {
    "pnl": 957052.112175,
    "pnlstr": null,
    "date": "2023-10-23T00:00:00",
    "weekday": "Oct 2023",
    "charges": 0.0,
    "color": null
  },
  {
    "pnl": 1169904.809866,
    "pnlstr": null,
    "date": "2023-10-30T00:00:00",
    "weekday": "Oct 2023",
    "charges": 0.0,
    "color": null
  },
  {
    "pnl": 1258571.346855,
    "pnlstr": null,
    "date": "2023-11-06T00:00:00",
    "weekday": "Nov 2023",
    "charges": 0.0,
    "color": null
  },
  {
    "pnl": 1361038.4021279998,
    "pnlstr": null,
    "date": "2023-11-13T00:00:00",
    "weekday": "Nov 2023",
    "charges": 0.0,
    "color": null
  },
  {
    "pnl": 1567366.45767,
    "pnlstr": null,
    "date": "2023-11-20T00:00:00",
    "weekday": "Nov 2023",
    "charges": 0.0,
    "color": null
  },
  {
    "pnl": 1557581.384299,
    "pnlstr": null,
    "date": "2023-11-27T00:00:00",
    "weekday": "Nov 2023",
    "charges": 0.0,
    "color": null
  },
  {
    "pnl": 1614694.582176,
    "pnlstr": null,
    "date": "2023-12-04T00:00:00",
    "weekday": "Dec 2023",
    "charges": 0.0,
    "color": null
  },
  {
    "pnl": 1580834.416534,
    "pnlstr": null,
    "date": "2023-12-11T00:00:00",
    "weekday": "Dec 2023",
    "charges": 0.0,
    "color": null
  },
  {
    "pnl": 1634684.057677,
    "pnlstr": null,
    "date": "2023-12-18T00:00:00",
    "weekday": "Dec 2023",
    "charges": 0.0,
    "color": null
  },
  {
    "pnl": 1582906.996916,
    "pnlstr": null,
    "date": "2023-12-25T00:00:00",
    "weekday": "Dec 2023",
    "charges": 0.0,
    "color": null
  },
  {
    "pnl": 1734910.412149,
    "pnlstr": null,
    "date": "2024-01-01T00:00:00",
    "weekday": "Jan 2024",
    "charges": 0.0,
    "color": null
  },
  {
    "pnl": 1663808.706326,
    "pnlstr": null,
    "date": "2024-01-08T00:00:00",
    "weekday": "Jan 2024",
    "charges": 0.0,
    "color": null
  },
  {
    "pnl": 1601699.8560819998,
    "pnlstr": null,
    "date": "2024-01-15T00:00:00",
    "weekday": "Jan 2024",
    "charges": 0.0,
    "color": null
  },
  {
    "pnl": 1618937.763444,
    "pnlstr": null,
    "date": "2024-01-22T00:00:00",
    "weekday": "Jan 2024",
    "charges": 0.0,
    "color": null
  },
  {
    "pnl": 1672687.05932,
    "pnlstr": null,
    "date": "2024-01-29T00:00:00",
    "weekday": "Jan 2024",
    "charges": 0.0,
    "color": null
  },
  {
    "pnl": 1674667.560121,
    "pnlstr": null,
    "date": "2024-02-05T00:00:00",
    "weekday": "Feb 2024",
    "charges": 0.0,
    "color": null
  },
  {
    "pnl": 1825277.3847410001,
    "pnlstr": null,
    "date": "2024-02-12T00:00:00",
    "weekday": "Feb 2024",
    "charges": 0.0,
    "color": null
  },
  {
    "pnl": 1946744.664636,
    "pnlstr": null,
    "date": "2024-02-19T00:00:00",
    "weekday": "Feb 2024",
    "charges": 0.0,
    "color": null
  },
  {
    "pnl": 1958858.978792,
    "pnlstr": null,
    "date": "2024-02-26T00:00:00",
    "weekday": "Feb 2024",
    "charges": 0.0,
    "color": null
  },
  {
    "pnl": 2055494.494991,
    "pnlstr": null,
    "date": "2024-03-04T00:00:00",
    "weekday": "Mar 2024",
    "charges": 0.0,
    "color": null
  },
  {
    "pnl": 2374161.267299,
    "pnlstr": null,
    "date": "2024-03-11T00:00:00",
    "weekday": "Mar 2024",
    "charges": 0.0,
    "color": null
  },
  {
    "pnl": 2279601.158299,
    "pnlstr": null,
    "date": "2024-03-18T00:00:00",
    "weekday": "Mar 2024",
    "charges": 0.0,
    "color": null
  }
]