[
  {
    "pnl": 58131.25,
    "date": "2023-02-27T00:00:00",
    "weekday": "Feb 2023",
    "netpnl": 55672.654332
  },
  {
    "pnl": 25416.25,
    "date": "2023-03-06T00:00:00",
    "weekday": "Mar 2023",
    "netpnl": 20596.482010999993
  },
  {
    "pnl": -1040.0,
    "date": "2023-03-13T00:00:00",
    "weekday": "Mar 2023",
    "netpnl": -8574.656778000004
  },
  {
    "pnl": -79287.5,
    "date": "2023-03-20T00:00:00",
    "weekday": "Mar 2023",
    "netpnl": -89984.76599100001
  },
  {
    "pnl": 16818.75,
    "date": "2023-03-27T00:00:00",
    "weekday": "Mar 2023",
    "netpnl": 3566.3316339999874
  },
  {
    "pnl": 107280.0,
    "date": "2023-04-03T00:00:00",
    "weekday": "Apr 2023",
    "netpnl": 90947.54646299999
  },
  {
    "pnl": 73278.75,
    "date": "2023-04-10T00:00:00",
    "weekday": "Apr 2023",
    "netpnl": 53927.565812999994
  },
  {
    "pnl": 62753.75,
    "date": "2023-04-17T00:00:00",
    "weekday": "Apr 2023",
    "netpnl": 40605.48668599999
  },
  {
    "pnl": 56235.0,
    "date": "2023-04-24T00:00:00",
    "weekday": "Apr 2023",
    "netpnl": 31228.12049699999
  },
  {
    "pnl": 52541.25,
    "date": "2023-05-01T00:00:00",
    "weekday": "May 2023",
    "netpnl": 24918.858560999986
  },
  {
    "pnl": 31598.75,
    "date": "2023-05-08T00:00:00",
    "weekday": "May 2023",
    "netpnl": -2176.144277000014
  },
  {
    "pnl": -2050.5,
    "date": "2023-05-15T00:00:00",
    "weekday": "May 2023",
    "netpnl": -41674.19739700001
  },
  {
    "pnl": -4685.0,
    "date": "2023-05-22T00:00:00",
    "weekday": "May 2023",
    "netpnl": -49816.96551300002
  },
  {
    "pnl": 61180.75,
    "date": "2023-05-29T00:00:00",
    "weekday": "May 2023",
    "netpnl": 11346.406631999984
  },
  {
    "pnl": 170958.75,
    "date": "2023-06-05T00:00:00",
    "weekday": "Jun 2023",
    "netpnl": 116867.52056999998
  },
  {
    "pnl": 245812.0,
    "date": "2023-06-12T00:00:00",
    "weekday": "Jun 2023",
    "netpnl": 186992.685259
  },
  {
    "pnl": 235639.25,
    "date": "2023-06-19T00:00:00",
    "weekday": "Jun 2023",
    "netpnl": 172167.408569
  },
  {
    "pnl": 267372.0,
    "date": "2023-06-26T00:00:00",
    "weekday": "Jun 2023",
    "netpnl": 199486.96643099998
  },
  {
    "pnl": 344771.25,
    "date": "2023-07-03T00:00:00",
    "weekday": "Jul 2023",
    "netpnl": 272011.852486
  },
  {
    "pnl": 300854.5,
    "date": "2023-07-10T00:00:00",
    "weekday": "Jul 2023",
    "netpnl": 223340.49344599998
  },
  {
    "pnl": 291551.75,
    "date": "2023-07-17T00:00:00",
    "weekday": "Jul 2023",
    "netpnl": 208872.90378799997
  },
  {
    "pnl": 288980.75,
    "date": "2023-07-24T00:00:00",
    "weekday": "Jul 2023",
    "netpnl": 201412.19532699996
  },
  {
    "pnl": 353962.0,
    "date": "2023-07-31T00:00:00",
    "weekday": "Jul 2023",
    "netpnl": 261691.29900899995
  },
  {
    "pnl": 397897.75,
    "date": "2023-08-07T00:00:00",
    "weekday": "Aug 2023",
    "netpnl": 302364.99688899994
  },
  {
    "pnl": 534359.75,
    "date": "2023-08-14T00:00:00",
    "weekday": "Aug 2023",
    "netpnl": 435171.14611499995
  },
  {
    "pnl": 524618.25,
    "date": "2023-08-21T00:00:00",
    "weekday": "Aug 2023",
    "netpnl": 422032.10522399994
  },
  {
    "pnl": 652374.75,
    "date": "2023-08-28T00:00:00",
    "weekday": "Aug 2023",
    "netpnl": 546009.010917
  },
  {
    "pnl": 693904.5,
    "date": "2023-09-04T00:00:00",
    "weekday": "Sep 2023",
    "netpnl": 584019.852062
  },
  {
    "pnl": 743481.75,
    "date": "2023-09-11T00:00:00",
    "weekday": "Sep 2023",
    "netpnl": 630074.4268509999
  },
  {
    "pnl": 787479.75,
    "date": "2023-09-18T00:00:00",
    "weekday": "Sep 2023",
    "netpnl": 670410.854615
  },
  {
    "pnl": 747858.0,
    "date": "2023-09-25T00:00:00",
    "weekday": "Sep 2023",
    "netpnl": 628448.926065
  },
  {
    "pnl": 843753.0,
    "date": "2023-10-02T00:00:00",
    "weekday": "Oct 2023",
    "netpnl": 720900.293791
  },
  {
    "pnl": 962657.0,
    "date": "2023-10-09T00:00:00",
    "weekday": "Oct 2023",
    "netpnl": 836199.1738120001
  },
  {
    "pnl": 1083315.75,
    "date": "2023-10-16T00:00:00",
    "weekday": "Oct 2023",
    "netpnl": 953522.1897860001
  },
  {
    "pnl": 1089230.25,
    "date": "2023-10-23T00:00:00",
    "weekday": "Oct 2023",
    "netpnl": 957052.112175
  },
  {
    "pnl": 1307079.75,
    "date": "2023-10-30T00:00:00",
    "weekday": "Oct 2023",
    "netpnl": 1169904.809866
  },
  {
    "pnl": 1400885.5,
    "date": "2023-11-06T00:00:00",
    "weekday": "Nov 2023",
    "netpnl": 1258571.346855
  },
  {
    "pnl": 1507264.25,
    "date": "2023-11-13T00:00:00",
    "weekday": "Nov 2023",
    "netpnl": 1361038.4021279998
  },
  {
    "pnl": 1719457.5,
    "date": "2023-11-20T00:00:00",
    "weekday": "Nov 2023",
    "netpnl": 1567366.45767
  },
  {
    "pnl": 1712237.5,
    "date": "2023-11-27T00:00:00",
    "weekday": "Nov 2023",
    "netpnl": 1557581.384299
  },
  {
    "pnl": 1775505.5,
    "date": "2023-12-04T00:00:00",
    "weekday": "Dec 2023",
    "netpnl": 1614694.582176
  },
  {
    "pnl": 1747075.0,
    "date": "2023-12-11T00:00:00",
    "weekday": "Dec 2023",
    "netpnl": 1580834.416534
  },
  {
    "pnl": 1807795.25,
    "date": "2023-12-18T00:00:00",
    "weekday": "Dec 2023",
    "netpnl": 1634684.057677
  },
  {
    "pnl": 1759180.5,
    "date": "2023-12-25T00:00:00",
    "weekday": "Dec 2023",
    "netpnl": 1582906.996916
  },
  {
    "pnl": 1916271.0,
    "date": "2024-01-01T00:00:00",
    "weekday": "Jan 2024",
    "netpnl": 1734910.412149
  },
  {
    "pnl": 1850968.0,
    "date": "2024-01-08T00:00:00",
    "weekday": "Jan 2024",
    "netpnl": 1663808.706326
  },
  {
    "pnl": 1794462.0,
    "date": "2024-01-15T00:00:00",
    "weekday": "Jan 2024",
    "netpnl": 1601699.8560819998
  },
  {
    "pnl": 1814836.5,
    "date": "2024-01-22T00:00:00",
    "weekday": "Jan 2024",
    "netpnl": 1618937.763444
  },
  {
    "pnl": 1874742.25,
    "date": "2024-01-29T00:00:00",
    "weekday": "Jan 2024",
    "netpnl": 1672687.05932
  },
  {
    "pnl": 1882930.0,
    "date": "2024-02-05T00:00:00",
    "weekday": "Feb 2024",
    "netpnl": 1674667.560121
  },
  {
    "pnl": 2039099.0,
    "date": "2024-02-12T00:00:00",
    "weekday": "Feb 2024",
    "netpnl": 1825277.3847410001
  },
  {
    "pnl": 2165601.0,
    "date": "2024-02-19T00:00:00",
    "weekday": "Feb 2024",
    "netpnl": 1946744.664636
  },
  {
    "pnl": 2182306.75,
    "date": "2024-02-26T00:00:00",
    "weekday": "Feb 2024",
    "netpnl": 1958858.978792
  },
  {
    "pnl": 2284138.5,
    "date": "2024-03-04T00:00:00",
    "weekday": "Mar 2024",
    "netpnl": 2055494.494991
  },
  {
    "pnl": 2608053.0,
    "date": "2024-03-11T00:00:00",
    "weekday": "Mar 2024",
    "netpnl": 2374161.267299
  },
  {
    "pnl": 2517448.75,
    "date": "2024-03-18T00:00:00",
    "weekday": "Mar 2024",
    "netpnl": 2279601.158299
  }
]