[
  {
    "pnl": 7702.5,
    "date": "2023-12-22T00:00:00",
    "weekday": "Dec 2023",
    "netpnl": 6289.65667
  },
  {
    "pnl": 7702.5,
    "date": "2023-12-23T00:00:00",
    "weekday": "Dec 2023",
    "netpnl": 6289.65667
  },
  {
    "pnl": 7702.5,
    "date": "2023-12-24T00:00:00",
    "weekday": "Dec 2023",
    "netpnl": 6289.65667
  },
  {
    "pnl": 7702.5,
    "date": "2023-12-25T00:00:00",
    "weekday": "Dec 2023",
    "netpnl": 6289.65667
  },
  {
    "pnl": -89331.5,
    "date": "2023-12-26T00:00:00",
    "weekday": "Dec 2023",
    "netpnl": -92438.403607
  },
  {
    "pnl": -89331.5,
    "date": "2023-12-27T00:00:00",
    "weekday": "Dec 2023",
    "netpnl": -92438.403607
  },
  {
    "pnl": -40912.25,
    "date": "2023-12-28T00:00:00",
    "weekday": "Dec 2023",
    "netpnl": -45487.404091
  },
  {
    "pnl": -40912.25,
    "date": "2023-12-29T00:00:00",
    "weekday": "Dec 2023",
    "netpnl": -45487.404091
  },
  {
    "pnl": -40912.25,
    "date": "2023-12-30T00:00:00",
    "weekday": "Dec 2023",
    "netpnl": -45487.404091
  },
  {
    "pnl": -40912.25,
    "date": "2023-12-31T00:00:00",
    "weekday": "Dec 2023",
    "netpnl": -45487.404091
  },
  {
    "pnl": -17534.75,
    "date": "2024-01-01T00:00:00",
    "weekday": "Jan 2024",
    "netpnl": -23294.717310999997
  },
  {
    "pnl": 33689.25,
    "date": "2024-01-02T00:00:00",
    "weekday": "Jan 2024",
    "netpnl": 26575.821163000004
  },
  {
    "pnl": 40898.25,
    "date": "2024-01-03T00:00:00",
    "weekday": "Jan 2024",
    "netpnl": 32487.115578000004
  },
  {
    "pnl": 116178.25,
    "date": "2024-01-04T00:00:00",
    "weekday": "Jan 2024",
    "netpnl": 106516.011142
  },
  {
    "pnl": 116178.25,
    "date": "2024-01-05T00:00:00",
    "weekday": "Jan 2024",
    "netpnl": 106516.011142
  },
  {
    "pnl": 116178.25,
    "date": "2024-01-06T00:00:00",
    "weekday": "Jan 2024",
    "netpnl": 106516.011142
  },
  {
    "pnl": 116178.25,
    "date": "2024-01-07T00:00:00",
    "weekday": "Jan 2024",
    "netpnl": 106516.011142
  },
  {
    "pnl": 108685.75,
    "date": "2024-01-08T00:00:00",
    "weekday": "Jan 2024",
    "netpnl": 97737.440135
  },
  {
    "pnl": 75809.75,
    "date": "2024-01-09T00:00:00",
    "weekday": "Jan 2024",
    "netpnl": 63202.781625999996
  },
  {
    "pnl": 22210.25,
    "date": "2024-01-10T00:00:00",
    "weekday": "Jan 2024",
    "netpnl": 8161.364040999993
  },
  {
    "pnl": 50875.25,
    "date": "2024-01-11T00:00:00",
    "weekday": "Jan 2024",
    "netpnl": 35414.30531899999
  },
  {
    "pnl": 50875.25,
    "date": "2024-01-12T00:00:00",
    "weekday": "Jan 2024",
    "netpnl": 35414.30531899999
  },
  {
    "pnl": 50875.25,
    "date": "2024-01-13T00:00:00",
    "weekday": "Jan 2024",
    "netpnl": 35414.30531899999
  },
  {
    "pnl": 50875.25,
    "date": "2024-01-14T00:00:00",
    "weekday": "Jan 2024",
    "netpnl": 35414.30531899999
  },
  {
    "pnl": 111921.5,
    "date": "2024-01-15T00:00:00",
    "weekday": "Jan 2024",
    "netpnl": 95131.76098299999
  },
  {
    "pnl": 44103.5,
    "date": "2024-01-16T00:00:00",
    "weekday": "Jan 2024",
    "netpnl": 25895.27841499998
  },
  {
    "pnl": 41396.75,
    "date": "2024-01-17T00:00:00",
    "weekday": "Jan 2024",
    "netpnl": 21771.626428999978
  },
  {
    "pnl": -5630.75,
    "date": "2024-01-18T00:00:00",
    "weekday": "Jan 2024",
    "netpnl": -26694.54492500002
  },
  {
    "pnl": -5630.75,
    "date": "2024-01-19T00:00:00",
    "weekday": "Jan 2024",
    "netpnl": -26694.54492500002
  },
  {
    "pnl": -5630.75,
    "date": "2024-01-20T00:00:00",
    "weekday": "Jan 2024",
    "netpnl": -26694.54492500002
  },
  {
    "pnl": -5630.75,
    "date": "2024-01-21T00:00:00",
    "weekday": "Jan 2024",
    "netpnl": -26694.54492500002
  },
  {
    "pnl": -5630.75,
    "date": "2024-01-22T00:00:00",
    "weekday": "Jan 2024",
    "netpnl": -26694.54492500002
  },
  {
    "pnl": 26961.25,
    "date": "2024-01-23T00:00:00",
    "weekday": "Jan 2024",
    "netpnl": 4288.7836209999805
  },
  {
    "pnl": 26961.25,
    "date": "2024-01-24T00:00:00",
    "weekday": "Jan 2024",
    "netpnl": 4288.7836209999805
  },
  {
    "pnl": 14743.75,
    "date": "2024-01-25T00:00:00",
    "weekday": "Jan 2024",
    "netpnl": -9456.637563000018
  },
  {
    "pnl": 14743.75,
    "date": "2024-01-26T00:00:00",
    "weekday": "Jan 2024",
    "netpnl": -9456.637563000018
  },
  {
    "pnl": 14743.75,
    "date": "2024-01-27T00:00:00",
    "weekday": "Jan 2024",
    "netpnl": -9456.637563000018
  },
  {
    "pnl": 14743.75,
    "date": "2024-01-28T00:00:00",
    "weekday": "Jan 2024",
    "netpnl": -9456.637563000018
  },
  {
    "pnl": -72837.5,
    "date": "2024-01-29T00:00:00",
    "weekday": "Jan 2024",
    "netpnl": -98439.09303400002
  },
  {
    "pnl": -34927.5,
    "date": "2024-01-30T00:00:00",
    "weekday": "Jan 2024",
    "netpnl": -62204.08093300002
  },
  {
    "pnl": -34285.5,
    "date": "2024-01-31T00:00:00",
    "weekday": "Jan 2024",
    "netpnl": -63330.64137100002
  },
  {
    "pnl": 74649.5,
    "date": "2024-02-01T00:00:00",
    "weekday": "Feb 2024",
    "netpnl": 44292.65831299998
  },
  {
    "pnl": 74649.5,
    "date": "2024-02-02T00:00:00",
    "weekday": "Feb 2024",
    "netpnl": 44292.65831299998
  },
  {
    "pnl": 74649.5,
    "date": "2024-02-03T00:00:00",
    "weekday": "Feb 2024",
    "netpnl": 44292.65831299998
  },
  {
    "pnl": 74649.5,
    "date": "2024-02-04T00:00:00",
    "weekday": "Feb 2024",
    "netpnl": 44292.65831299998
  },
  {
    "pnl": 24650.75,
    "date": "2024-02-05T00:00:00",
    "weekday": "Feb 2024",
    "netpnl": -7274.653677000024
  },
  {
    "pnl": 84038.75,
    "date": "2024-02-06T00:00:00",
    "weekday": "Feb 2024",
    "netpnl": 50599.05565099997
  },
  {
    "pnl": 86077.25,
    "date": "2024-02-07T00:00:00",
    "weekday": "Feb 2024",
    "netpnl": 51194.83383699998
  },
  {
    "pnl": 82837.25,
    "date": "2024-02-08T00:00:00",
    "weekday": "Feb 2024",
    "netpnl": 46273.15911399998
  },
  {
    "pnl": 82837.25,
    "date": "2024-02-09T00:00:00",
    "weekday": "Feb 2024",
    "netpnl": 46273.15911399998
  },
  {
    "pnl": 82837.25,
    "date": "2024-02-10T00:00:00",
    "weekday": "Feb 2024",
    "netpnl": 46273.15911399998
  },
  {
    "pnl": 82837.25,
    "date": "2024-02-11T00:00:00",
    "weekday": "Feb 2024",
    "netpnl": 46273.15911399998
  },
  {
    "pnl": 114723.5,
    "date": "2024-02-12T00:00:00",
    "weekday": "Feb 2024",
    "netpnl": 76944.87037099998
  },
  {
    "pnl": 156461.5,
    "date": "2024-02-13T00:00:00",
    "weekday": "Feb 2024",
    "netpnl": 117226.62029099998
  },
  {
    "pnl": 141433.75,
    "date": "2024-02-14T00:00:00",
    "weekday": "Feb 2024",
    "netpnl": 100638.60592299998
  },
  {
    "pnl": 239006.25,
    "date": "2024-02-15T00:00:00",
    "weekday": "Feb 2024",
    "netpnl": 196882.98373399998
  },
  {
    "pnl": 239006.25,
    "date": "2024-02-16T00:00:00",
    "weekday": "Feb 2024",
    "netpnl": 196882.98373399998
  },
  {
    "pnl": 239006.25,
    "date": "2024-02-17T00:00:00",
    "weekday": "Feb 2024",
    "netpnl": 196882.98373399998
  },
  {
    "pnl": 239006.25,
    "date": "2024-02-18T00:00:00",
    "weekday": "Feb 2024",
    "netpnl": 196882.98373399998
  },
  {
    "pnl": 265248.75,
    "date": "2024-02-19T00:00:00",
    "weekday": "Feb 2024",
    "netpnl": 222063.52904799997
  },
  {
    "pnl": 316094.75,
    "date": "2024-02-20T00:00:00",
    "weekday": "Feb 2024",
    "netpnl": 271589.11854199995
  },
  {
    "pnl": 351028.25,
    "date": "2024-02-21T00:00:00",
    "weekday": "Feb 2024",
    "netpnl": 305313.64942499995
  },
  {
    "pnl": 365508.25,
    "date": "2024-02-22T00:00:00",
    "weekday": "Feb 2024",
    "netpnl": 318350.26362899994
  },
  {
    "pnl": 365508.25,
    "date": "2024-02-23T00:00:00",
    "weekday": "Feb 2024",
    "netpnl": 318350.26362899994
  },
  {
    "pnl": 365508.25,
    "date": "2024-02-24T00:00:00",
    "weekday": "Feb 2024",
    "netpnl": 318350.26362899994
  },
  {
    "pnl": 365508.25,
    "date": "2024-02-25T00:00:00",
    "weekday": "Feb 2024",
    "netpnl": 318350.26362899994
  },
  {
    "pnl": 385274.5,
    "date": "2024-02-26T00:00:00",
    "weekday": "Feb 2024",
    "netpnl": 336619.78115699993
  },
  {
    "pnl": 517626.5,
    "date": "2024-02-27T00:00:00",
    "weekday": "Feb 2024",
    "netpnl": 467663.44350099994
  },
  {
    "pnl": 517626.5,
    "date": "2024-02-28T00:00:00",
    "weekday": "Feb 2024",
    "netpnl": 467663.44350099994
  },
  {
    "pnl": 382214.0,
    "date": "2024-02-29T00:00:00",
    "weekday": "Feb 2024",
    "netpnl": 330464.577785
  },
  {
    "pnl": 382214.0,
    "date": "2024-03-01T00:00:00",
    "weekday": "Mar 2024",
    "netpnl": 330464.577785
  },
  {
    "pnl": 382214.0,
    "date": "2024-03-02T00:00:00",
    "weekday": "Mar 2024",
    "netpnl": 330464.577785
  },
  {
    "pnl": 382214.0,
    "date": "2024-03-03T00:00:00",
    "weekday": "Mar 2024",
    "netpnl": 330464.577785
  },
  {
    "pnl": 418532.75,
    "date": "2024-03-04T00:00:00",
    "weekday": "Mar 2024",
    "netpnl": 365479.82589399995
  },
  {
    "pnl": 378322.75,
    "date": "2024-03-05T00:00:00",
    "weekday": "Mar 2024",
    "netpnl": 323844.0990909999
  },
  {
    "pnl": 378993.25,
    "date": "2024-03-06T00:00:00",
    "weekday": "Mar 2024",
    "netpnl": 323224.34920099995
  },
  {
    "pnl": 484045.75,
    "date": "2024-03-07T00:00:00",
    "weekday": "Mar 2024",
    "netpnl": 427100.0939839999
  },
  {
    "pnl": 484045.75,
    "date": "2024-03-08T00:00:00",
    "weekday": "Mar 2024",
    "netpnl": 427100.0939839999
  },
  {
    "pnl": 484045.75,
    "date": "2024-03-09T00:00:00",
    "weekday": "Mar 2024",
    "netpnl": 427100.0939839999
  },
  {
    "pnl": 484045.75,
    "date": "2024-03-10T00:00:00",
    "weekday": "Mar 2024",
    "netpnl": 427100.0939839999
  },
  {
    "pnl": 561967.0,
    "date": "2024-03-11T00:00:00",
    "weekday": "Mar 2024",
    "netpnl": 503750.78518699994
  },
  {
    "pnl": 677269.0,
    "date": "2024-03-12T00:00:00",
    "weekday": "Mar 2024",
    "netpnl": 617564.852893
  },
  {
    "pnl": 725917.75,
    "date": "2024-03-13T00:00:00",
    "weekday": "Mar 2024",
    "netpnl": 664995.538718
  },
  {
    "pnl": 807960.25,
    "date": "2024-03-14T00:00:00",
    "weekday": "Mar 2024",
    "netpnl": 745766.866292
  },
  {
    "pnl": 807960.25,
    "date": "2024-03-15T00:00:00",
    "weekday": "Mar 2024",
    "netpnl": 745766.866292
  },
  {
    "pnl": 807960.25,
    "date": "2024-03-16T00:00:00",
    "weekday": "Mar 2024",
    "netpnl": 745766.866292
  },
  {
    "pnl": 807960.25,
    "date": "2024-03-17T00:00:00",
    "weekday": "Mar 2024",
    "netpnl": 745766.866292
  },
  {
    "pnl": 801034.0,
    "date": "2024-03-18T00:00:00",
    "weekday": "Mar 2024",
    "netpnl": 737552.2178870001
  },
  {
    "pnl": 740546.0,
    "date": "2024-03-19T00:00:00",
    "weekday": "Mar 2024",
    "netpnl": 675834.229898
  },
  {
    "pnl": 717356.0,
    "date": "2024-03-20T00:00:00",
    "weekday": "Mar 2024",
    "netpnl": 651206.757292
  }
]