[
  {
    "pnl": 7702.5,
    "netpnl": 6289.65667,
    "date": "2023-12-22T00:00:00",
    "weekday": "Dec 2023",
    "charges": 1412.84333,
    "color": null
  },
  {
    "pnl": 0.0,
    "netpnl": 0.0,
    "date": "2023-12-23T00:00:00",
    "weekday": "Dec 2023",
    "charges": 0.0,
    "color": null
  },
  {
    "pnl": 0.0,
    "netpnl": 0.0,
    "date": "2023-12-24T00:00:00",
    "weekday": "Dec 2023",
    "charges": 0.0,
    "color": null
  },
  {
    "pnl": 0.0,
    "netpnl": 0.0,
    "date": "2023-12-25T00:00:00",
    "weekday": "Dec 2023",
    "charges": 0.0,
    "color": null
  },
  {
    "pnl": -97034.0,
    "netpnl": -98728.060277,
    "date": "2023-12-26T00:00:00",
    "weekday": "Dec 2023",
    "charges": 1694.0602769999998,
    "color": null
  },
  {
    "pnl": 0.0,
    "netpnl": 0.0,
    "date": "2023-12-27T00:00:00",
    "weekday": "Dec 2023",
    "charges": 0.0,
    "color": null
  },
  {
    "pnl": 48419.25,
    "netpnl": 46950.999516,
    "date": "2023-12-28T00:00:00",
    "weekday": "Dec 2023",
    "charges": 1468.250484,
    "color": null
  },
  {
    "pnl": 0.0,
    "netpnl": 0.0,
    "date": "2023-12-29T00:00:00",
    "weekday": "Dec 2023",
    "charges": 0.0,
    "color": null
  },
  {
    "pnl": 0.0,
    "netpnl": 0.0,
    "date": "2023-12-30T00:00:00",
    "weekday": "Dec 2023",
    "charges": 0.0,
    "color": null
  },
  {
    "pnl": 0.0,
    "netpnl": 0.0,
    "date": "2023-12-31T00:00:00",
    "weekday": "Dec 2023",
    "charges": 0.0,
    "color": null
  },
  {
    "pnl": 23377.5,
    "netpnl": 22192.68678,
    "date": "2024-01-01T00:00:00",
    "weekday": "Jan 2024",
    "charges": 1184.81322,
    "color": null
  },
  {
    "pnl": 51224.0,
    "netpnl": 49870.538474,
    "date": "2024-01-02T00:00:00",
    "weekday": "Jan 2024",
    "charges": 1353.4615259999998,
    "color": null
  },
  {
    "pnl": 7209.0,
    "netpnl": 5911.294415,
    "date": "2024-01-03T00:00:00",
    "weekday": "Jan 2024",
    "charges": 1297.705585,
    "color": null
  },
  {
    "pnl": 75280.0,
    "netpnl": 74028.895564,
    "date": "2024-01-04T00:00:00",
    "weekday": "Jan 2024",
    "charges": 1251.104436,
    "color": null
  },
  {
    "pnl": 0.0,
    "netpnl": 0.0,
    "date": "2024-01-05T00:00:00",
    "weekday": "Jan 2024",
    "charges": 0.0,
    "color": null
  },
  {
    "pnl": 0.0,
    "netpnl": 0.0,
    "date": "2024-01-06T00:00:00",
    "weekday": "Jan 2024",
    "charges": 0.0,
    "color": null
  },
  {
    "pnl": 0.0,
    "netpnl": 0.0,
    "date": "2024-01-07T00:00:00",
    "weekday": "Jan 2024",
    "charges": 0.0,
    "color": null
  },
  {
    "pnl": -7492.5,
    "netpnl": -8778.571007,
    "date": "2024-01-08T00:00:00",
    "weekday": "Jan 2024",
    "charges": 1286.071007,
    "color": null
  },
  {
    "pnl": -32876.0,
    "netpnl": -34534.658509,
    "date": "2024-01-09T00:00:00",
    "weekday": "Jan 2024",
    "charges": 1658.658509,
    "color": null
  },
  {
    "pnl": -53599.5,
    "netpnl": -55041.417585,
    "date": "2024-01-10T00:00:00",
    "weekday": "Jan 2024",
    "charges": 1441.9175850000001,
    "color": null
  },
  {
    "pnl": 28665.0,
    "netpnl": 27252.941278,
    "date": "2024-01-11T00:00:00",
    "weekday": "Jan 2024",
    "charges": 1412.058722,
    "color": null
  },
  {
    "pnl": 0.0,
    "netpnl": 0.0,
    "date": "2024-01-12T00:00:00",
    "weekday": "Jan 2024",
    "charges": 0.0,
    "color": null
  },
  {
    "pnl": 0.0,
    "netpnl": 0.0,
    "date": "2024-01-13T00:00:00",
    "weekday": "Jan 2024",
    "charges": 0.0,
    "color": null
  },
  {
    "pnl": 0.0,
    "netpnl": 0.0,
    "date": "2024-01-14T00:00:00",
    "weekday": "Jan 2024",
    "charges": 0.0,
    "color": null
  },
  {
    "pnl": 61046.25,
    "netpnl": 59717.455664,
    "date": "2024-01-15T00:00:00",
    "weekday": "Jan 2024",
    "charges": 1328.794336,
    "color": null
  },
  {
    "pnl": -67818.0,
    "netpnl": -69236.482568,
    "date": "2024-01-16T00:00:00",
    "weekday": "Jan 2024",
    "charges": 1418.4825680000001,
    "color": null
  },
  {
    "pnl": -2706.75,
    "netpnl": -4123.651986,
    "date": "2024-01-17T00:00:00",
    "weekday": "Jan 2024",
    "charges": 1416.901986,
    "color": null
  },
  {
    "pnl": -47027.5,
    "netpnl": -48466.171354,
    "date": "2024-01-18T00:00:00",
    "weekday": "Jan 2024",
    "charges": 1438.671354,
    "color": null
  },
  {
    "pnl": 0.0,
    "netpnl": 0.0,
    "date": "2024-01-19T00:00:00",
    "weekday": "Jan 2024",
    "charges": 0.0,
    "color": null
  },
  {
    "pnl": 0.0,
    "netpnl": 0.0,
    "date": "2024-01-20T00:00:00",
    "weekday": "Jan 2024",
    "charges": 0.0,
    "color": null
  },
  {
    "pnl": 0.0,
    "netpnl": 0.0,
    "date": "2024-01-21T00:00:00",
    "weekday": "Jan 2024",
    "charges": 0.0,
    "color": null
  },
  {
    "pnl": 0.0,
    "netpnl": 0.0,
    "date": "2024-01-22T00:00:00",
    "weekday": "Jan 2024",
    "charges": 0.0,
    "color": null
  },
  {
    "pnl": 32592.0,
    "netpnl": 30983.328546,
    "date": "2024-01-23T00:00:00",
    "weekday": "Jan 2024",
    "charges": 1608.671454,
    "color": null
  },
  {
    "pnl": 0.0,
    "netpnl": 0.0,
    "date": "2024-01-24T00:00:00",
    "weekday": "Jan 2024",
    "charges": 0.0,
    "color": null
  },
  {
    "pnl": -12217.5,
    "netpnl": -13745.421183999999,
    "date": "2024-01-25T00:00:00",
    "weekday": "Jan 2024",
    "charges": 1527.9211839999998,
    "color": null
  },
  {
    "pnl": 0.0,
    "netpnl": 0.0,
    "date": "2024-01-26T00:00:00",
    "weekday": "Jan 2024",
    "charges": 0.0,
    "color": null
  },
  {
    "pnl": 0.0,
    "netpnl": 0.0,
    "date": "2024-01-27T00:00:00",
    "weekday": "Jan 2024",
    "charges": 0.0,
    "color": null
  },
  {
    "pnl": 0.0,
    "netpnl": 0.0,
    "date": "2024-01-28T00:00:00",
    "weekday": "Jan 2024",
    "charges": 0.0,
    "color": null
  },
  {
    "pnl": -87581.25,
    "netpnl": -88982.455471,
    "date": "2024-01-29T00:00:00",
    "weekday": "Jan 2024",
    "charges": 1401.205471,
    "color": null
  },
  {
    "pnl": 37910.0,
    "netpnl": 36235.012101,
    "date": "2024-01-30T00:00:00",
    "weekday": "Jan 2024",
    "charges": 1674.987899,
    "color": null
  },
  {
    "pnl": 642.0,
    "netpnl": -1126.560438,
    "date": "2024-01-31T00:00:00",
    "weekday": "Jan 2024",
    "charges": 1768.560438,
    "color": null
  },
  {
    "pnl": 108935.0,
    "netpnl": 107623.299684,
    "date": "2024-02-01T00:00:00",
    "weekday": "Feb 2024",
    "charges": 1311.700316,
    "color": null
  },
  {
    "pnl": 0.0,
    "netpnl": 0.0,
    "date": "2024-02-02T00:00:00",
    "weekday": "Feb 2024",
    "charges": 0.0,
    "color": null
  },
  {
    "pnl": 0.0,
    "netpnl": 0.0,
    "date": "2024-02-03T00:00:00",
    "weekday": "Feb 2024",
    "charges": 0.0,
    "color": null
  },
  {
    "pnl": 0.0,
    "netpnl": 0.0,
    "date": "2024-02-04T00:00:00",
    "weekday": "Feb 2024",
    "charges": 0.0,
    "color": null
  },
  {
    "pnl": -49998.75,
    "netpnl": -51567.31199,
    "date": "2024-02-05T00:00:00",
    "weekday": "Feb 2024",
    "charges": 1568.56199,
    "color": null
  },
  {
    "pnl": 59388.0,
    "netpnl": 57873.709328,
    "date": "2024-02-06T00:00:00",
    "weekday": "Feb 2024",
    "charges": 1514.290672,
    "color": null
  },
  {
    "pnl": 2038.5,
    "netpnl": 595.778186,
    "date": "2024-02-07T00:00:00",
    "weekday": "Feb 2024",
    "charges": 1442.721814,
    "color": null
  },
  {
    "pnl": -3240.0,
    "netpnl": -4921.674723,
    "date": "2024-02-08T00:00:00",
    "weekday": "Feb 2024",
    "charges": 1681.6747229999999,
    "color": null
  },
  {
    "pnl": 0.0,
    "netpnl": 0.0,
    "date": "2024-02-09T00:00:00",
    "weekday": "Feb 2024",
    "charges": 0.0,
    "color": null
  },
  {
    "pnl": 0.0,
    "netpnl": 0.0,
    "date": "2024-02-10T00:00:00",
    "weekday": "Feb 2024",
    "charges": 0.0,
    "color": null
  },
  {
    "pnl": 0.0,
    "netpnl": 0.0,
    "date": "2024-02-11T00:00:00",
    "weekday": "Feb 2024",
    "charges": 0.0,
    "color": null
  },
  {
    "pnl": 31886.25,
    "netpnl": 30671.711257,
    "date": "2024-02-12T00:00:00",
    "weekday": "Feb 2024",
    "charges": 1214.5387429999998,
    "color": null
  },
  {
    "pnl": 41738.0,
    "netpnl": 40281.74992,
    "date": "2024-02-13T00:00:00",
    "weekday": "Feb 2024",
    "charges": 1456.25008,
    "color": null
  },
  {
    "pnl": -15027.75,
    "netpnl": -16588.014368,
    "date": "2024-02-14T00:00:00",
    "weekday": "Feb 2024",
    "charges": 1560.2643679999999,
    "color": null
  },
  {
    "pnl": 97572.5,
    "netpnl": 96244.377811,
    "date": "2024-02-15T00:00:00",
    "weekday": "Feb 2024",
    "charges": 1328.122189,
    "color": null
  },
  {
    "pnl": 0.0,
    "netpnl": 0.0,
    "date": "2024-02-16T00:00:00",
    "weekday": "Feb 2024",
    "charges": 0.0,
    "color": null
  },
  {
    "pnl": 0.0,
    "netpnl": 0.0,
    "date": "2024-02-17T00:00:00",
    "weekday": "Feb 2024",
    "charges": 0.0,
    "color": null
  },
  {
    "pnl": 0.0,
    "netpnl": 0.0,
    "date": "2024-02-18T00:00:00",
    "weekday": "Feb 2024",
    "charges": 0.0,
    "color": null
  },
  {
    "pnl": 26242.5,
    "netpnl": 25180.545314,
    "date": "2024-02-19T00:00:00",
    "weekday": "Feb 2024",
    "charges": 1061.954686,
    "color": null
  },
  {
    "pnl": 50846.0,
    "netpnl": 49525.589494,
    "date": "2024-02-20T00:00:00",
    "weekday": "Feb 2024",
    "charges": 1320.410506,
    "color": null
  },
  {
    "pnl": 34933.5,
    "netpnl": 33724.530883,
    "date": "2024-02-21T00:00:00",
    "weekday": "Feb 2024",
    "charges": 1208.969117,
    "color": null
  },
  {
    "pnl": 14480.0,
    "netpnl": 13036.614204,
    "date": "2024-02-22T00:00:00",
    "weekday": "Feb 2024",
    "charges": 1443.385796,
    "color": null
  },
  {
    "pnl": 0.0,
    "netpnl": 0.0,
    "date": "2024-02-23T00:00:00",
    "weekday": "Feb 2024",
    "charges": 0.0,
    "color": null
  },
  {
    "pnl": 0.0,
    "netpnl": 0.0,
    "date": "2024-02-24T00:00:00",
    "weekday": "Feb 2024",
    "charges": 0.0,
    "color": null
  },
  {
    "pnl": 0.0,
    "netpnl": 0.0,
    "date": "2024-02-25T00:00:00",
    "weekday": "Feb 2024",
    "charges": 0.0,
    "color": null
  },
  {
    "pnl": 19766.25,
    "netpnl": 18269.517528,
    "date": "2024-02-26T00:00:00",
    "weekday": "Feb 2024",
    "charges": 1496.732472,
    "color": null
  },
  {
    "pnl": 132352.0,
    "netpnl": 131043.662344,
    "date": "2024-02-27T00:00:00",
    "weekday": "Feb 2024",
    "charges": 1308.337656,
    "color": null
  },
  {
    "pnl": 0.0,
    "netpnl": 0.0,
    "date": "2024-02-28T00:00:00",
    "weekday": "Feb 2024",
    "charges": 0.0,
    "color": null
  },
  {
    "pnl": -135412.5,
    "netpnl": -137198.865716,
    "date": "2024-02-29T00:00:00",
    "weekday": "Feb 2024",
    "charges": 1786.365716,
    "color": null
  },
  {
    "pnl": 0.0,
    "netpnl": 0.0,
    "date": "2024-03-01T00:00:00",
    "weekday": "Mar 2024",
    "charges": 0.0,
    "color": null
  },
  {
    "pnl": 0.0,
    "netpnl": 0.0,
    "date": "2024-03-02T00:00:00",
    "weekday": "Mar 2024",
    "charges": 0.0,
    "color": null
  },
  {
    "pnl": 0.0,
    "netpnl": 0.0,
    "date": "2024-03-03T00:00:00",
    "weekday": "Mar 2024",
    "charges": 0.0,
    "color": null
  },
  {
    "pnl": 36318.75,
    "netpnl": 35015.248109,
    "date": "2024-03-04T00:00:00",
    "weekday": "Mar 2024",
    "charges": 1303.501891,
    "color": null
  },
  {
    "pnl": -40210.0,
    "netpnl": -41635.726803,
    "date": "2024-03-05T00:00:00",
    "weekday": "Mar 2024",
    "charges": 1425.726803,
    "color": null
  },
  {
    "pnl": 670.5,
    "netpnl": -619.74989,
    "date": "2024-03-06T00:00:00",
    "weekday": "Mar 2024",
    "charges": 1290.24989,
    "color": null
  },
  {
    "pnl": 105052.5,
    "netpnl": 103875.744783,
    "date": "2024-03-07T00:00:00",
    "weekday": "Mar 2024",
    "charges": 1176.755217,
    "color": null
  },
  {
    "pnl": 0.0,
    "netpnl": 0.0,
    "date": "2024-03-08T00:00:00",
    "weekday": "Mar 2024",
    "charges": 0.0,
    "color": null
  },
  {
    "pnl": 0.0,
    "netpnl": 0.0,
    "date": "2024-03-09T00:00:00",
    "weekday": "Mar 2024",
    "charges": 0.0,
    "color": null
  },
  {
    "pnl": 0.0,
    "netpnl": 0.0,
    "date": "2024-03-10T00:00:00",
    "weekday": "Mar 2024",
    "charges": 0.0,
    "color": null
  },
  {
    "pnl": 77921.25,
    "netpnl": 76650.691203,
    "date": "2024-03-11T00:00:00",
    "weekday": "Mar 2024",
    "charges": 1270.558797,
    "color": null
  },
  {
    "pnl": 115302.0,
    "netpnl": 113814.067706,
    "date": "2024-03-12T00:00:00",
    "weekday": "Mar 2024",
    "charges": 1487.932294,
    "color": null
  },
  {
    "pnl": 48648.75,
    "netpnl": 47430.685825,
    "date": "2024-03-13T00:00:00",
    "weekday": "Mar 2024",
    "charges": 1218.064175,
    "color": null
  },
  {
    "pnl": 82042.5,
    "netpnl": 80771.327574,
    "date": "2024-03-14T00:00:00",
    "weekday": "Mar 2024",
    "charges": 1271.1724259999999,
    "color": null
  },
  {
    "pnl": 0.0,
    "netpnl": 0.0,
    "date": "2024-03-15T00:00:00",
    "weekday": "Mar 2024",
    "charges": 0.0,
    "color": null
  },
  {
    "pnl": 0.0,
    "netpnl": 0.0,
    "date": "2024-03-16T00:00:00",
    "weekday": "Mar 2024",
    "charges": 0.0,
    "color": null
  },
  {
    "pnl": 0.0,
    "netpnl": 0.0,
    "date": "2024-03-17T00:00:00",
    "weekday": "Mar 2024",
    "charges": 0.0,
    "color": null
  },
  {
    "pnl": -6926.25,
    "netpnl": -8214.648405,
    "date": "2024-03-18T00:00:00",
    "weekday": "Mar 2024",
    "charges": 1288.398405,
    "color": null
  },
  {
    "pnl": -60488.0,
    "netpnl": -61717.987989,
    "date": "2024-03-19T00:00:00",
    "weekday": "Mar 2024",
    "charges": 1229.9879890000002,
    "color": null
  },
  {
    "pnl": -23190.0,
    "netpnl": -24627.472606,
    "date": "2024-03-20T00:00:00",
    "weekday": "Mar 2024",
    "charges": 1437.472606,
    "color": null
  }
]