[
  {
    "pnl": -40912.25,
    "netpnl": -45487.404091,
    "date": "2023-12-01T00:00:00",
    "weekday": "Dec 2023",
    "charges": 4575.154090999999,
    "color": null
  },
  {
    "pnl": 6626.75,
    "netpnl": -17843.237279999987,
    "date": "2024-01-01T00:00:00",
    "weekday": "Jan 2024",
    "charges": 24469.98728,
    "color": null
  },
  {
    "pnl": 416499.5,
    "netpnl": 393795.21915599995,
    "date": "2024-02-01T00:00:00",
    "weekday": "Feb 2024",
    "charges": 22704.280844,
    "color": null
  },
  {
    "pnl": 335142.0,
    "netpnl": 320742.17950699996,
    "date": "2024-03-01T00:00:00",
    "weekday": "Mar 2024",
    "charges": 14399.820493,
    "color": null
  }
]