{
  "capital": 0.0,
  "totaltradingdays": 47,
  "windays": 28,
  "lossdays": 19,
  "maxwinningstreakdays": 7,
  "maxlosingstreakdays": 3,
  "maxdddays": 36,
  "maxdddaysstr": "07/01/2024 to 12/02/2024",
  "rewardtorisk": 0.0,
  "winrate": 59.57446808510638,
  "lossrate": 40.42553191489361,
  "avgmonthlyprofit": 162801.689323,
  "totalprofit": 651206.757292,
  "maxprofitaday": 131043.66,
  "maxlossaday": -137198.87,
  "avgprofit_lossdaily": 7235.630888888889,
  "avgprofitonprofitdays": 50752.20285714286,
  "avglossonlossdays": -40518.678947368426,
  "maxdrawdown": 204955.10417600002,
  "maxdrawdownper": 0.0,
  "avgmonthlyprofitstr": "1.63L",
  "totalprofitstr": "6.51L",
  "maxprofitadaystr": "1.31L",
  "maxlossadaystr": "-1.37L",
  "avgprofit_lossdailystr": "7.24K",
  "avgprofitonprofitdaysstr": "50.75K",
  "avglossonlossdaysstr": "-40.52K",
  "maxdrawdownstr": "2.05L",
  "expectancyratio": 0.0
}