[
  {
    "pnl": 7702.5,
    "date": "2023-12-18T00:00:00",
    "weekday": "Dec 2023",
    "netpnl": 6289.65667
  },
  {
    "pnl": -40912.25,
    "date": "2023-12-25T00:00:00",
    "weekday": "Dec 2023",
    "netpnl": -45487.40409099999
  },
  {
    "pnl": 116178.25,
    "date": "2024-01-01T00:00:00",
    "weekday": "Jan 2024",
    "netpnl": 106516.01114200002
  },
  {
    "pnl": 50875.25,
    "date": "2024-01-08T00:00:00",
    "weekday": "Jan 2024",
    "netpnl": 35414.30531900002
  },
  {
    "pnl": -5630.75,
    "date": "2024-01-15T00:00:00",
    "weekday": "Jan 2024",
    "netpnl": -26694.544924999987
  },
  {
    "pnl": 14743.75,
    "date": "2024-01-22T00:00:00",
    "weekday": "Jan 2024",
    "netpnl": -9456.637562999986
  },
  {
    "pnl": 74649.5,
    "date": "2024-01-29T00:00:00",
    "weekday": "Jan 2024",
    "netpnl": 44292.65831300002
  },
  {
    "pnl": 82837.25,
    "date": "2024-02-05T00:00:00",
    "weekday": "Feb 2024",
    "netpnl": 46273.15911400002
  },
  {
    "pnl": 239006.25,
    "date": "2024-02-12T00:00:00",
    "weekday": "Feb 2024",
    "netpnl": 196882.983734
  },
  {
    "pnl": 365508.25,
    "date": "2024-02-19T00:00:00",
    "weekday": "Feb 2024",
    "netpnl": 318350.263629
  },
  {
    "pnl": 382214.0,
    "date": "2024-02-26T00:00:00",
    "weekday": "Feb 2024",
    "netpnl": 330464.577785
  },
  {
    "pnl": 484045.75,
    "date": "2024-03-04T00:00:00",
    "weekday": "Mar 2024",
    "netpnl": 427100.093984
  },
  {
    "pnl": 807960.25,
    "date": "2024-03-11T00:00:00",
    "weekday": "Mar 2024",
    "netpnl": 745766.866292
  },
  {
    "pnl": 717356.0,
    "date": "2024-03-18T00:00:00",
    "weekday": "Mar 2024",
    "netpnl": 651206.7572920001
  }
]