[
  {
    "pnl": 0.0,
    "date": "2023-09-23T00:00:00",
    "weekday": "Sep 2023",
    "netpnl": 0.0
  },
  {
    "pnl": 0.0,
    "date": "2023-09-24T00:00:00",
    "weekday": "Sep 2023",
    "netpnl": 0.0
  },
  {
    "pnl": 0.0,
    "date": "2023-09-25T00:00:00",
    "weekday": "Sep 2023",
    "netpnl": 0.0
  },
  {
    "pnl": -25057.210851,
    "date": "2023-09-26T00:00:00",
    "weekday": "Sep 2023",
    "netpnl": -25057.210851
  },
  {
    "pnl": -25057.210851,
    "date": "2023-09-27T00:00:00",
    "weekday": "Sep 2023",
    "netpnl": -25057.210851
  },
  {
    "pnl": -41961.92855,
    "date": "2023-09-28T00:00:00",
    "weekday": "Sep 2023",
    "netpnl": -41961.92855
  },
  {
    "pnl": -41961.92855,
    "date": "2023-09-29T00:00:00",
    "weekday": "Sep 2023",
    "netpnl": -41961.92855
  },
  {
    "pnl": -41961.92855,
    "date": "2023-09-30T00:00:00",
    "weekday": "Sep 2023",
    "netpnl": -41961.92855
  },
  {
    "pnl": -41961.92855,
    "date": "2023-10-01T00:00:00",
    "weekday": "Oct 2023",
    "netpnl": -41961.92855
  },
  {
    "pnl": -41961.92855,
    "date": "2023-10-02T00:00:00",
    "weekday": "Oct 2023",
    "netpnl": -41961.92855
  },
  {
    "pnl": -27005.646374999997,
    "date": "2023-10-03T00:00:00",
    "weekday": "Oct 2023",
    "netpnl": -27005.646374999997
  },
  {
    "pnl": 0.0,
    "date": "2023-10-04T00:00:00",
    "weekday": "Oct 2023",
    "netpnl": 4914.813419000002
  },
  {
    "pnl": 0.0,
    "date": "2023-10-05T00:00:00",
    "weekday": "Oct 2023",
    "netpnl": 50489.439176
  },
  {
    "pnl": 0.0,
    "date": "2023-10-06T00:00:00",
    "weekday": "Oct 2023",
    "netpnl": 50489.439176
  },
  {
    "pnl": 0.0,
    "date": "2023-10-07T00:00:00",
    "weekday": "Oct 2023",
    "netpnl": 50489.439176
  },
  {
    "pnl": 0.0,
    "date": "2023-10-08T00:00:00",
    "weekday": "Oct 2023",
    "netpnl": 50489.439176
  },
  {
    "pnl": 0.0,
    "date": "2023-10-09T00:00:00",
    "weekday": "Oct 2023",
    "netpnl": 50489.439176
  },
  {
    "pnl": 0.0,
    "date": "2023-10-10T00:00:00",
    "weekday": "Oct 2023",
    "netpnl": 148640.067098
  },
  {
    "pnl": -10223.562137,
    "date": "2023-10-11T00:00:00",
    "weekday": "Oct 2023",
    "netpnl": 138416.504961
  },
  {
    "pnl": 0.0,
    "date": "2023-10-12T00:00:00",
    "weekday": "Oct 2023",
    "netpnl": 165788.319197
  },
  {
    "pnl": 0.0,
    "date": "2023-10-13T00:00:00",
    "weekday": "Oct 2023",
    "netpnl": 165788.319197
  },
  {
    "pnl": 0.0,
    "date": "2023-10-14T00:00:00",
    "weekday": "Oct 2023",
    "netpnl": 165788.319197
  },
  {
    "pnl": 0.0,
    "date": "2023-10-15T00:00:00",
    "weekday": "Oct 2023",
    "netpnl": 165788.319197
  },
  {
    "pnl": 0.0,
    "date": "2023-10-16T00:00:00",
    "weekday": "Oct 2023",
    "netpnl": 165788.319197
  },
  {
    "pnl": 0.0,
    "date": "2023-10-17T00:00:00",
    "weekday": "Oct 2023",
    "netpnl": 254235.41429
  },
  {
    "pnl": 0.0,
    "date": "2023-10-18T00:00:00",
    "weekday": "Oct 2023",
    "netpnl": 268182.540661
  },
  {
    "pnl": 0.0,
    "date": "2023-10-19T00:00:00",
    "weekday": "Oct 2023",
    "netpnl": 283111.335171
  },
  {
    "pnl": 0.0,
    "date": "2023-10-20T00:00:00",
    "weekday": "Oct 2023",
    "netpnl": 283111.335171
  },
  {
    "pnl": 0.0,
    "date": "2023-10-21T00:00:00",
    "weekday": "Oct 2023",
    "netpnl": 283111.335171
  },
  {
    "pnl": 0.0,
    "date": "2023-10-22T00:00:00",
    "weekday": "Oct 2023",
    "netpnl": 283111.335171
  },
  {
    "pnl": 0.0,
    "date": "2023-10-23T00:00:00",
    "weekday": "Oct 2023",
    "netpnl": 307569.361336
  },
  {
    "pnl": 0.0,
    "date": "2023-10-24T00:00:00",
    "weekday": "Oct 2023",
    "netpnl": 307569.361336
  },
  {
    "pnl": 0.0,
    "date": "2023-10-25T00:00:00",
    "weekday": "Oct 2023",
    "netpnl": 307569.361336
  },
  {
    "pnl": -20928.103775999974,
    "date": "2023-10-26T00:00:00",
    "weekday": "Oct 2023",
    "netpnl": 286641.25756
  },
  {
    "pnl": -20928.103775999974,
    "date": "2023-10-27T00:00:00",
    "weekday": "Oct 2023",
    "netpnl": 286641.25756
  },
  {
    "pnl": -20928.103775999974,
    "date": "2023-10-28T00:00:00",
    "weekday": "Oct 2023",
    "netpnl": 286641.25756
  },
  {
    "pnl": -20928.103775999974,
    "date": "2023-10-29T00:00:00",
    "weekday": "Oct 2023",
    "netpnl": 286641.25756
  },
  {
    "pnl": 0.0,
    "date": "2023-10-30T00:00:00",
    "weekday": "Oct 2023",
    "netpnl": 314842.705821
  },
  {
    "pnl": 0.0,
    "date": "2023-10-31T00:00:00",
    "weekday": "Oct 2023",
    "netpnl": 331373.255042
  },
  {
    "pnl": 0.0,
    "date": "2023-11-01T00:00:00",
    "weekday": "Nov 2023",
    "netpnl": 465738.54822799994
  },
  {
    "pnl": 0.0,
    "date": "2023-11-02T00:00:00",
    "weekday": "Nov 2023",
    "netpnl": 499493.95525099995
  },
  {
    "pnl": 0.0,
    "date": "2023-11-03T00:00:00",
    "weekday": "Nov 2023",
    "netpnl": 499493.95525099995
  },
  {
    "pnl": 0.0,
    "date": "2023-11-04T00:00:00",
    "weekday": "Nov 2023",
    "netpnl": 499493.95525099995
  },
  {
    "pnl": 0.0,
    "date": "2023-11-05T00:00:00",
    "weekday": "Nov 2023",
    "netpnl": 499493.95525099995
  },
  {
    "pnl": 0.0,
    "date": "2023-11-06T00:00:00",
    "weekday": "Nov 2023",
    "netpnl": 532823.0018669999
  },
  {
    "pnl": -88951.21986000001,
    "date": "2023-11-07T00:00:00",
    "weekday": "Nov 2023",
    "netpnl": 443871.7820069999
  },
  {
    "pnl": -49013.850390000036,
    "date": "2023-11-08T00:00:00",
    "weekday": "Nov 2023",
    "netpnl": 483809.15147699986
  },
  {
    "pnl": 0.0,
    "date": "2023-11-09T00:00:00",
    "weekday": "Nov 2023",
    "netpnl": 588160.4922399998
  },
  {
    "pnl": 0.0,
    "date": "2023-11-10T00:00:00",
    "weekday": "Nov 2023",
    "netpnl": 588160.4922399998
  },
  {
    "pnl": 0.0,
    "date": "2023-11-11T00:00:00",
    "weekday": "Nov 2023",
    "netpnl": 588160.4922399998
  },
  {
    "pnl": 0.0,
    "date": "2023-11-12T00:00:00",
    "weekday": "Nov 2023",
    "netpnl": 588160.4922399998
  },
  {
    "pnl": 0.0,
    "date": "2023-11-13T00:00:00",
    "weekday": "Nov 2023",
    "netpnl": 611222.6250199998
  },
  {
    "pnl": 0.0,
    "date": "2023-11-14T00:00:00",
    "weekday": "Nov 2023",
    "netpnl": 611222.6250199998
  },
  {
    "pnl": 0.0,
    "date": "2023-11-15T00:00:00",
    "weekday": "Nov 2023",
    "netpnl": 712509.1734589998
  },
  {
    "pnl": -21881.625945999986,
    "date": "2023-11-16T00:00:00",
    "weekday": "Nov 2023",
    "netpnl": 690627.5475129999
  },
  {
    "pnl": -21881.625945999986,
    "date": "2023-11-17T00:00:00",
    "weekday": "Nov 2023",
    "netpnl": 690627.5475129999
  },
  {
    "pnl": -21881.625945999986,
    "date": "2023-11-18T00:00:00",
    "weekday": "Nov 2023",
    "netpnl": 690627.5475129999
  },
  {
    "pnl": -21881.625945999986,
    "date": "2023-11-19T00:00:00",
    "weekday": "Nov 2023",
    "netpnl": 690627.5475129999
  },
  {
    "pnl": -49009.769040999934,
    "date": "2023-11-20T00:00:00",
    "weekday": "Nov 2023",
    "netpnl": 663499.4044179999
  },
  {
    "pnl": 0.0,
    "date": "2023-11-21T00:00:00",
    "weekday": "Nov 2023",
    "netpnl": 750237.5526529999
  },
  {
    "pnl": 0.0,
    "date": "2023-11-22T00:00:00",
    "weekday": "Nov 2023",
    "netpnl": 797180.9516619999
  },
  {
    "pnl": 0.0,
    "date": "2023-11-23T00:00:00",
    "weekday": "Nov 2023",
    "netpnl": 845860.5428279999
  },
  {
    "pnl": 0.0,
    "date": "2023-11-24T00:00:00",
    "weekday": "Nov 2023",
    "netpnl": 896955.603055
  },
  {
    "pnl": 0.0,
    "date": "2023-11-25T00:00:00",
    "weekday": "Nov 2023",
    "netpnl": 896955.603055
  },
  {
    "pnl": 0.0,
    "date": "2023-11-26T00:00:00",
    "weekday": "Nov 2023",
    "netpnl": 896955.603055
  },
  {
    "pnl": 0.0,
    "date": "2023-11-27T00:00:00",
    "weekday": "Nov 2023",
    "netpnl": 896955.603055
  },
  {
    "pnl": -1968.591740999953,
    "date": "2023-11-28T00:00:00",
    "weekday": "Nov 2023",
    "netpnl": 894987.011314
  },
  {
    "pnl": -1968.591740999953,
    "date": "2023-11-29T00:00:00",
    "weekday": "Nov 2023",
    "netpnl": 894987.011314
  },
  {
    "pnl": -9785.073371000006,
    "date": "2023-11-30T00:00:00",
    "weekday": "Nov 2023",
    "netpnl": 887170.529684
  },
  {
    "pnl": -9785.073371000006,
    "date": "2023-12-01T00:00:00",
    "weekday": "Dec 2023",
    "netpnl": 887170.529684
  },
  {
    "pnl": -9785.073371000006,
    "date": "2023-12-02T00:00:00",
    "weekday": "Dec 2023",
    "netpnl": 887170.529684
  },
  {
    "pnl": -9785.073371000006,
    "date": "2023-12-03T00:00:00",
    "weekday": "Dec 2023",
    "netpnl": 887170.529684
  },
  {
    "pnl": -54926.42892800004,
    "date": "2023-12-04T00:00:00",
    "weekday": "Dec 2023",
    "netpnl": 842029.1741269999
  },
  {
    "pnl": -41844.30049000005,
    "date": "2023-12-05T00:00:00",
    "weekday": "Dec 2023",
    "netpnl": 855111.3025649999
  },
  {
    "pnl": -35494.026849000016,
    "date": "2023-12-06T00:00:00",
    "weekday": "Dec 2023",
    "netpnl": 861461.5762059999
  },
  {
    "pnl": 0.0,
    "date": "2023-12-07T00:00:00",
    "weekday": "Dec 2023",
    "netpnl": 944283.7275609999
  },
  {
    "pnl": 0.0,
    "date": "2023-12-08T00:00:00",
    "weekday": "Dec 2023",
    "netpnl": 944283.7275609999
  },
  {
    "pnl": 0.0,
    "date": "2023-12-09T00:00:00",
    "weekday": "Dec 2023",
    "netpnl": 944283.7275609999
  },
  {
    "pnl": 0.0,
    "date": "2023-12-10T00:00:00",
    "weekday": "Dec 2023",
    "netpnl": 944283.7275609999
  },
  {
    "pnl": -46876.91578599997,
    "date": "2023-12-11T00:00:00",
    "weekday": "Dec 2023",
    "netpnl": 897406.811775
  },
  {
    "pnl": -29932.048332999926,
    "date": "2023-12-12T00:00:00",
    "weekday": "Dec 2023",
    "netpnl": 914351.679228
  },
  {
    "pnl": 0.0,
    "date": "2023-12-13T00:00:00",
    "weekday": "Dec 2023",
    "netpnl": 951263.227754
  },
  {
    "pnl": -40839.66583499999,
    "date": "2023-12-14T00:00:00",
    "weekday": "Dec 2023",
    "netpnl": 910423.561919
  },
  {
    "pnl": -40839.66583499999,
    "date": "2023-12-15T00:00:00",
    "weekday": "Dec 2023",
    "netpnl": 910423.561919
  },
  {
    "pnl": -40839.66583499999,
    "date": "2023-12-16T00:00:00",
    "weekday": "Dec 2023",
    "netpnl": 910423.561919
  },
  {
    "pnl": -40839.66583499999,
    "date": "2023-12-17T00:00:00",
    "weekday": "Dec 2023",
    "netpnl": 910423.561919
  },
  {
    "pnl": -35769.52665599994,
    "date": "2023-12-18T00:00:00",
    "weekday": "Dec 2023",
    "netpnl": 915493.701098
  },
  {
    "pnl": -11716.402207999956,
    "date": "2023-12-19T00:00:00",
    "weekday": "Dec 2023",
    "netpnl": 939546.825546
  },
  {
    "pnl": 0.0,
    "date": "2023-12-20T00:00:00",
    "weekday": "Dec 2023",
    "netpnl": 958654.446737
  },
  {
    "pnl": -670.9003449999727,
    "date": "2023-12-21T00:00:00",
    "weekday": "Dec 2023",
    "netpnl": 957983.546392
  },
  {
    "pnl": 0.0,
    "date": "2023-12-22T00:00:00",
    "weekday": "Dec 2023",
    "netpnl": 964273.2030620001
  },
  {
    "pnl": 0.0,
    "date": "2023-12-23T00:00:00",
    "weekday": "Dec 2023",
    "netpnl": 964273.2030620001
  },
  {
    "pnl": 0.0,
    "date": "2023-12-24T00:00:00",
    "weekday": "Dec 2023",
    "netpnl": 964273.2030620001
  },
  {
    "pnl": 0.0,
    "date": "2023-12-25T00:00:00",
    "weekday": "Dec 2023",
    "netpnl": 964273.2030620001
  },
  {
    "pnl": -98728.06027699995,
    "date": "2023-12-26T00:00:00",
    "weekday": "Dec 2023",
    "netpnl": 865545.1427850001
  },
  {
    "pnl": -98728.06027699995,
    "date": "2023-12-27T00:00:00",
    "weekday": "Dec 2023",
    "netpnl": 865545.1427850001
  },
  {
    "pnl": -51777.06076099991,
    "date": "2023-12-28T00:00:00",
    "weekday": "Dec 2023",
    "netpnl": 912496.1423010002
  },
  {
    "pnl": -51777.06076099991,
    "date": "2023-12-29T00:00:00",
    "weekday": "Dec 2023",
    "netpnl": 912496.1423010002
  },
  {
    "pnl": -51777.06076099991,
    "date": "2023-12-30T00:00:00",
    "weekday": "Dec 2023",
    "netpnl": 912496.1423010002
  },
  {
    "pnl": -51777.06076099991,
    "date": "2023-12-31T00:00:00",
    "weekday": "Dec 2023",
    "netpnl": 912496.1423010002
  },
  {
    "pnl": -29584.373980999924,
    "date": "2024-01-01T00:00:00",
    "weekday": "Jan 2024",
    "netpnl": 934688.8290810002
  },
  {
    "pnl": 0.0,
    "date": "2024-01-02T00:00:00",
    "weekday": "Jan 2024",
    "netpnl": 984559.3675550001
  },
  {
    "pnl": 0.0,
    "date": "2024-01-03T00:00:00",
    "weekday": "Jan 2024",
    "netpnl": 990470.6619700001
  },
  {
    "pnl": 0.0,
    "date": "2024-01-04T00:00:00",
    "weekday": "Jan 2024",
    "netpnl": 1064499.5575340001
  },
  {
    "pnl": 0.0,
    "date": "2024-01-05T00:00:00",
    "weekday": "Jan 2024",
    "netpnl": 1064499.5575340001
  },
  {
    "pnl": 0.0,
    "date": "2024-01-06T00:00:00",
    "weekday": "Jan 2024",
    "netpnl": 1064499.5575340001
  },
  {
    "pnl": 0.0,
    "date": "2024-01-07T00:00:00",
    "weekday": "Jan 2024",
    "netpnl": 1064499.5575340001
  },
  {
    "pnl": -8778.57100700005,
    "date": "2024-01-08T00:00:00",
    "weekday": "Jan 2024",
    "netpnl": 1055720.986527
  },
  {
    "pnl": -43313.22951600002,
    "date": "2024-01-09T00:00:00",
    "weekday": "Jan 2024",
    "netpnl": 1021186.3280180001
  },
  {
    "pnl": -98354.64710100007,
    "date": "2024-01-10T00:00:00",
    "weekday": "Jan 2024",
    "netpnl": 966144.9104330001
  },
  {
    "pnl": -71101.70582300005,
    "date": "2024-01-11T00:00:00",
    "weekday": "Jan 2024",
    "netpnl": 993397.8517110001
  },
  {
    "pnl": -71101.70582300005,
    "date": "2024-01-12T00:00:00",
    "weekday": "Jan 2024",
    "netpnl": 993397.8517110001
  },
  {
    "pnl": -71101.70582300005,
    "date": "2024-01-13T00:00:00",
    "weekday": "Jan 2024",
    "netpnl": 993397.8517110001
  },
  {
    "pnl": -71101.70582300005,
    "date": "2024-01-14T00:00:00",
    "weekday": "Jan 2024",
    "netpnl": 993397.8517110001
  },
  {
    "pnl": -11384.250159000047,
    "date": "2024-01-15T00:00:00",
    "weekday": "Jan 2024",
    "netpnl": 1053115.307375
  },
  {
    "pnl": -80620.73272700002,
    "date": "2024-01-16T00:00:00",
    "weekday": "Jan 2024",
    "netpnl": 983878.8248070001
  },
  {
    "pnl": -84744.38471300004,
    "date": "2024-01-17T00:00:00",
    "weekday": "Jan 2024",
    "netpnl": 979755.1728210001
  },
  {
    "pnl": -133210.55606700003,
    "date": "2024-01-18T00:00:00",
    "weekday": "Jan 2024",
    "netpnl": 931289.0014670001
  },
  {
    "pnl": -133210.55606700003,
    "date": "2024-01-19T00:00:00",
    "weekday": "Jan 2024",
    "netpnl": 931289.0014670001
  },
  {
    "pnl": -133210.55606700003,
    "date": "2024-01-20T00:00:00",
    "weekday": "Jan 2024",
    "netpnl": 931289.0014670001
  },
  {
    "pnl": -133210.55606700003,
    "date": "2024-01-21T00:00:00",
    "weekday": "Jan 2024",
    "netpnl": 931289.0014670001
  },
  {
    "pnl": -133210.55606700003,
    "date": "2024-01-22T00:00:00",
    "weekday": "Jan 2024",
    "netpnl": 931289.0014670001
  },
  {
    "pnl": -102227.22752100008,
    "date": "2024-01-23T00:00:00",
    "weekday": "Jan 2024",
    "netpnl": 962272.330013
  },
  {
    "pnl": -102227.22752100008,
    "date": "2024-01-24T00:00:00",
    "weekday": "Jan 2024",
    "netpnl": 962272.330013
  },
  {
    "pnl": -115972.64870500006,
    "date": "2024-01-25T00:00:00",
    "weekday": "Jan 2024",
    "netpnl": 948526.9088290001
  },
  {
    "pnl": -115972.64870500006,
    "date": "2024-01-26T00:00:00",
    "weekday": "Jan 2024",
    "netpnl": 948526.9088290001
  },
  {
    "pnl": -115972.64870500006,
    "date": "2024-01-27T00:00:00",
    "weekday": "Jan 2024",
    "netpnl": 948526.9088290001
  },
  {
    "pnl": -115972.64870500006,
    "date": "2024-01-28T00:00:00",
    "weekday": "Jan 2024",
    "netpnl": 948526.9088290001
  },
  {
    "pnl": -204955.104176,
    "date": "2024-01-29T00:00:00",
    "weekday": "Jan 2024",
    "netpnl": 859544.4533580001
  },
  {
    "pnl": -168720.09207500005,
    "date": "2024-01-30T00:00:00",
    "weekday": "Jan 2024",
    "netpnl": 895779.4654590001
  },
  {
    "pnl": -169846.65251300007,
    "date": "2024-01-31T00:00:00",
    "weekday": "Jan 2024",
    "netpnl": 894652.9050210001
  },
  {
    "pnl": -62223.3528290001,
    "date": "2024-02-01T00:00:00",
    "weekday": "Feb 2024",
    "netpnl": 1002276.204705
  },
  {
    "pnl": -62223.3528290001,
    "date": "2024-02-02T00:00:00",
    "weekday": "Feb 2024",
    "netpnl": 1002276.204705
  },
  {
    "pnl": -62223.3528290001,
    "date": "2024-02-03T00:00:00",
    "weekday": "Feb 2024",
    "netpnl": 1002276.204705
  },
  {
    "pnl": -62223.3528290001,
    "date": "2024-02-04T00:00:00",
    "weekday": "Feb 2024",
    "netpnl": 1002276.204705
  },
  {
    "pnl": -113790.66481900006,
    "date": "2024-02-05T00:00:00",
    "weekday": "Feb 2024",
    "netpnl": 950708.8927150001
  },
  {
    "pnl": -55916.95549100009,
    "date": "2024-02-06T00:00:00",
    "weekday": "Feb 2024",
    "netpnl": 1008582.602043
  },
  {
    "pnl": -55321.177305000136,
    "date": "2024-02-07T00:00:00",
    "weekday": "Feb 2024",
    "netpnl": 1009178.380229
  },
  {
    "pnl": -60242.85202800017,
    "date": "2024-02-08T00:00:00",
    "weekday": "Feb 2024",
    "netpnl": 1004256.705506
  },
  {
    "pnl": -60242.85202800017,
    "date": "2024-02-09T00:00:00",
    "weekday": "Feb 2024",
    "netpnl": 1004256.705506
  },
  {
    "pnl": -60242.85202800017,
    "date": "2024-02-10T00:00:00",
    "weekday": "Feb 2024",
    "netpnl": 1004256.705506
  },
  {
    "pnl": -60242.85202800017,
    "date": "2024-02-11T00:00:00",
    "weekday": "Feb 2024",
    "netpnl": 1004256.705506
  },
  {
    "pnl": -29571.14077100018,
    "date": "2024-02-12T00:00:00",
    "weekday": "Feb 2024",
    "netpnl": 1034928.416763
  },
  {
    "pnl": 0.0,
    "date": "2024-02-13T00:00:00",
    "weekday": "Feb 2024",
    "netpnl": 1075210.166683
  },
  {
    "pnl": -16588.014367999975,
    "date": "2024-02-14T00:00:00",
    "weekday": "Feb 2024",
    "netpnl": 1058622.152315
  },
  {
    "pnl": 0.0,
    "date": "2024-02-15T00:00:00",
    "weekday": "Feb 2024",
    "netpnl": 1154866.530126
  },
  {
    "pnl": 0.0,
    "date": "2024-02-16T00:00:00",
    "weekday": "Feb 2024",
    "netpnl": 1154866.530126
  },
  {
    "pnl": 0.0,
    "date": "2024-02-17T00:00:00",
    "weekday": "Feb 2024",
    "netpnl": 1154866.530126
  },
  {
    "pnl": 0.0,
    "date": "2024-02-18T00:00:00",
    "weekday": "Feb 2024",
    "netpnl": 1154866.530126
  },
  {
    "pnl": 0.0,
    "date": "2024-02-19T00:00:00",
    "weekday": "Feb 2024",
    "netpnl": 1180047.07544
  },
  {
    "pnl": 0.0,
    "date": "2024-02-20T00:00:00",
    "weekday": "Feb 2024",
    "netpnl": 1229572.664934
  },
  {
    "pnl": 0.0,
    "date": "2024-02-21T00:00:00",
    "weekday": "Feb 2024",
    "netpnl": 1263297.195817
  },
  {
    "pnl": 0.0,
    "date": "2024-02-22T00:00:00",
    "weekday": "Feb 2024",
    "netpnl": 1276333.810021
  },
  {
    "pnl": 0.0,
    "date": "2024-02-23T00:00:00",
    "weekday": "Feb 2024",
    "netpnl": 1276333.810021
  },
  {
    "pnl": 0.0,
    "date": "2024-02-24T00:00:00",
    "weekday": "Feb 2024",
    "netpnl": 1276333.810021
  },
  {
    "pnl": 0.0,
    "date": "2024-02-25T00:00:00",
    "weekday": "Feb 2024",
    "netpnl": 1276333.810021
  },
  {
    "pnl": 0.0,
    "date": "2024-02-26T00:00:00",
    "weekday": "Feb 2024",
    "netpnl": 1294603.327549
  },
  {
    "pnl": 0.0,
    "date": "2024-02-27T00:00:00",
    "weekday": "Feb 2024",
    "netpnl": 1425646.989893
  },
  {
    "pnl": 0.0,
    "date": "2024-02-28T00:00:00",
    "weekday": "Feb 2024",
    "netpnl": 1425646.989893
  },
  {
    "pnl": -137198.8657160001,
    "date": "2024-02-29T00:00:00",
    "weekday": "Feb 2024",
    "netpnl": 1288448.124177
  },
  {
    "pnl": -137198.8657160001,
    "date": "2024-03-01T00:00:00",
    "weekday": "Mar 2024",
    "netpnl": 1288448.124177
  },
  {
    "pnl": -137198.8657160001,
    "date": "2024-03-02T00:00:00",
    "weekday": "Mar 2024",
    "netpnl": 1288448.124177
  },
  {
    "pnl": -137198.8657160001,
    "date": "2024-03-03T00:00:00",
    "weekday": "Mar 2024",
    "netpnl": 1288448.124177
  },
  {
    "pnl": -102183.61760700005,
    "date": "2024-03-04T00:00:00",
    "weekday": "Mar 2024",
    "netpnl": 1323463.372286
  },
  {
    "pnl": -143819.34441000014,
    "date": "2024-03-05T00:00:00",
    "weekday": "Mar 2024",
    "netpnl": 1281827.645483
  },
  {
    "pnl": -144439.09430000023,
    "date": "2024-03-06T00:00:00",
    "weekday": "Mar 2024",
    "netpnl": 1281207.8955929999
  },
  {
    "pnl": -40563.34951700014,
    "date": "2024-03-07T00:00:00",
    "weekday": "Mar 2024",
    "netpnl": 1385083.640376
  },
  {
    "pnl": -40563.34951700014,
    "date": "2024-03-08T00:00:00",
    "weekday": "Mar 2024",
    "netpnl": 1385083.640376
  },
  {
    "pnl": -40563.34951700014,
    "date": "2024-03-09T00:00:00",
    "weekday": "Mar 2024",
    "netpnl": 1385083.640376
  },
  {
    "pnl": -40563.34951700014,
    "date": "2024-03-10T00:00:00",
    "weekday": "Mar 2024",
    "netpnl": 1385083.640376
  },
  {
    "pnl": 0.0,
    "date": "2024-03-11T00:00:00",
    "weekday": "Mar 2024",
    "netpnl": 1461734.331579
  },
  {
    "pnl": 0.0,
    "date": "2024-03-12T00:00:00",
    "weekday": "Mar 2024",
    "netpnl": 1575548.399285
  },
  {
    "pnl": 0.0,
    "date": "2024-03-13T00:00:00",
    "weekday": "Mar 2024",
    "netpnl": 1622979.08511
  },
  {
    "pnl": 0.0,
    "date": "2024-03-14T00:00:00",
    "weekday": "Mar 2024",
    "netpnl": 1703750.412684
  },
  {
    "pnl": 0.0,
    "date": "2024-03-15T00:00:00",
    "weekday": "Mar 2024",
    "netpnl": 1703750.412684
  },
  {
    "pnl": 0.0,
    "date": "2024-03-16T00:00:00",
    "weekday": "Mar 2024",
    "netpnl": 1703750.412684
  },
  {
    "pnl": 0.0,
    "date": "2024-03-17T00:00:00",
    "weekday": "Mar 2024",
    "netpnl": 1703750.412684
  },
  {
    "pnl": -8214.648405000102,
    "date": "2024-03-18T00:00:00",
    "weekday": "Mar 2024",
    "netpnl": 1695535.764279
  },
  {
    "pnl": -69932.63639400015,
    "date": "2024-03-19T00:00:00",
    "weekday": "Mar 2024",
    "netpnl": 1633817.77629
  },
  {
    "pnl": -94560.10900000017,
    "date": "2024-03-20T00:00:00",
    "weekday": "Mar 2024",
    "netpnl": 1609190.303684
  }
]