[
  {
    "pnl": 0.0,
    "date": "2023-09-23T00:00:00",
    "weekday": "Sep 2023",
    "netpnl": 0.0
  },
  {
    "pnl": 0.0,
    "date": "2023-09-24T00:00:00",
    "weekday": "Sep 2023",
    "netpnl": 0.0
  },
  {
    "pnl": 0.0,
    "date": "2023-09-25T00:00:00",
    "weekday": "Sep 2023",
    "netpnl": 0.0
  },
  {
    "pnl": -23892.0,
    "date": "2023-09-26T00:00:00",
    "weekday": "Sep 2023",
    "netpnl": -25057.210851
  },
  {
    "pnl": -23892.0,
    "date": "2023-09-27T00:00:00",
    "weekday": "Sep 2023",
    "netpnl": -25057.210851
  },
  {
    "pnl": -39621.75,
    "date": "2023-09-28T00:00:00",
    "weekday": "Sep 2023",
    "netpnl": -41961.92855
  },
  {
    "pnl": -39621.75,
    "date": "2023-09-29T00:00:00",
    "weekday": "Sep 2023",
    "netpnl": -41961.92855
  },
  {
    "pnl": -39621.75,
    "date": "2023-09-30T00:00:00",
    "weekday": "Sep 2023",
    "netpnl": -41961.92855
  },
  {
    "pnl": -39621.75,
    "date": "2023-10-01T00:00:00",
    "weekday": "Oct 2023",
    "netpnl": -41961.92855
  },
  {
    "pnl": -39621.75,
    "date": "2023-10-02T00:00:00",
    "weekday": "Oct 2023",
    "netpnl": -41961.92855
  },
  {
    "pnl": -23527.75,
    "date": "2023-10-03T00:00:00",
    "weekday": "Oct 2023",
    "netpnl": -27005.646374999997
  },
  {
    "pnl": 9605.75,
    "date": "2023-10-04T00:00:00",
    "weekday": "Oct 2023",
    "netpnl": 4914.813419000002
  },
  {
    "pnl": 56273.25,
    "date": "2023-10-05T00:00:00",
    "weekday": "Oct 2023",
    "netpnl": 50489.439176
  },
  {
    "pnl": 56273.25,
    "date": "2023-10-06T00:00:00",
    "weekday": "Oct 2023",
    "netpnl": 50489.439176
  },
  {
    "pnl": 56273.25,
    "date": "2023-10-07T00:00:00",
    "weekday": "Oct 2023",
    "netpnl": 50489.439176
  },
  {
    "pnl": 56273.25,
    "date": "2023-10-08T00:00:00",
    "weekday": "Oct 2023",
    "netpnl": 50489.439176
  },
  {
    "pnl": 56273.25,
    "date": "2023-10-09T00:00:00",
    "weekday": "Oct 2023",
    "netpnl": 50489.439176
  },
  {
    "pnl": 155661.25,
    "date": "2023-10-10T00:00:00",
    "weekday": "Oct 2023",
    "netpnl": 148640.067098
  },
  {
    "pnl": 146689.75,
    "date": "2023-10-11T00:00:00",
    "weekday": "Oct 2023",
    "netpnl": 138416.504961
  },
  {
    "pnl": 175177.25,
    "date": "2023-10-12T00:00:00",
    "weekday": "Oct 2023",
    "netpnl": 165788.319197
  },
  {
    "pnl": 175177.25,
    "date": "2023-10-13T00:00:00",
    "weekday": "Oct 2023",
    "netpnl": 165788.319197
  },
  {
    "pnl": 175177.25,
    "date": "2023-10-14T00:00:00",
    "weekday": "Oct 2023",
    "netpnl": 165788.319197
  },
  {
    "pnl": 175177.25,
    "date": "2023-10-15T00:00:00",
    "weekday": "Oct 2023",
    "netpnl": 165788.319197
  },
  {
    "pnl": 175177.25,
    "date": "2023-10-16T00:00:00",
    "weekday": "Oct 2023",
    "netpnl": 165788.319197
  },
  {
    "pnl": 264613.25,
    "date": "2023-10-17T00:00:00",
    "weekday": "Oct 2023",
    "netpnl": 254235.41429
  },
  {
    "pnl": 279708.5,
    "date": "2023-10-18T00:00:00",
    "weekday": "Oct 2023",
    "netpnl": 268182.540661
  },
  {
    "pnl": 295836.0,
    "date": "2023-10-19T00:00:00",
    "weekday": "Oct 2023",
    "netpnl": 283111.335171
  },
  {
    "pnl": 295836.0,
    "date": "2023-10-20T00:00:00",
    "weekday": "Oct 2023",
    "netpnl": 283111.335171
  },
  {
    "pnl": 295836.0,
    "date": "2023-10-21T00:00:00",
    "weekday": "Oct 2023",
    "netpnl": 283111.335171
  },
  {
    "pnl": 295836.0,
    "date": "2023-10-22T00:00:00",
    "weekday": "Oct 2023",
    "netpnl": 283111.335171
  },
  {
    "pnl": 321390.0,
    "date": "2023-10-23T00:00:00",
    "weekday": "Oct 2023",
    "netpnl": 307569.361336
  },
  {
    "pnl": 321390.0,
    "date": "2023-10-24T00:00:00",
    "weekday": "Oct 2023",
    "netpnl": 307569.361336
  },
  {
    "pnl": 321390.0,
    "date": "2023-10-25T00:00:00",
    "weekday": "Oct 2023",
    "netpnl": 307569.361336
  },
  {
    "pnl": 301750.5,
    "date": "2023-10-26T00:00:00",
    "weekday": "Oct 2023",
    "netpnl": 286641.25756
  },
  {
    "pnl": 301750.5,
    "date": "2023-10-27T00:00:00",
    "weekday": "Oct 2023",
    "netpnl": 286641.25756
  },
  {
    "pnl": 301750.5,
    "date": "2023-10-28T00:00:00",
    "weekday": "Oct 2023",
    "netpnl": 286641.25756
  },
  {
    "pnl": 301750.5,
    "date": "2023-10-29T00:00:00",
    "weekday": "Oct 2023",
    "netpnl": 286641.25756
  },
  {
    "pnl": 331053.0,
    "date": "2023-10-30T00:00:00",
    "weekday": "Oct 2023",
    "netpnl": 314842.705821
  },
  {
    "pnl": 348945.0,
    "date": "2023-10-31T00:00:00",
    "weekday": "Oct 2023",
    "netpnl": 331373.255042
  },
  {
    "pnl": 484455.0,
    "date": "2023-11-01T00:00:00",
    "weekday": "Nov 2023",
    "netpnl": 465738.54822799994
  },
  {
    "pnl": 519600.0,
    "date": "2023-11-02T00:00:00",
    "weekday": "Nov 2023",
    "netpnl": 499493.95525099995
  },
  {
    "pnl": 519600.0,
    "date": "2023-11-03T00:00:00",
    "weekday": "Nov 2023",
    "netpnl": 499493.95525099995
  },
  {
    "pnl": 519600.0,
    "date": "2023-11-04T00:00:00",
    "weekday": "Nov 2023",
    "netpnl": 499493.95525099995
  },
  {
    "pnl": 519600.0,
    "date": "2023-11-05T00:00:00",
    "weekday": "Nov 2023",
    "netpnl": 499493.95525099995
  },
  {
    "pnl": 554081.25,
    "date": "2023-11-06T00:00:00",
    "weekday": "Nov 2023",
    "netpnl": 532823.0018669999
  },
  {
    "pnl": 466643.25,
    "date": "2023-11-07T00:00:00",
    "weekday": "Nov 2023",
    "netpnl": 443871.7820069999
  },
  {
    "pnl": 507728.25,
    "date": "2023-11-08T00:00:00",
    "weekday": "Nov 2023",
    "netpnl": 483809.15147699986
  },
  {
    "pnl": 613405.75,
    "date": "2023-11-09T00:00:00",
    "weekday": "Nov 2023",
    "netpnl": 588160.4922399998
  },
  {
    "pnl": 613405.75,
    "date": "2023-11-10T00:00:00",
    "weekday": "Nov 2023",
    "netpnl": 588160.4922399998
  },
  {
    "pnl": 613405.75,
    "date": "2023-11-11T00:00:00",
    "weekday": "Nov 2023",
    "netpnl": 588160.4922399998
  },
  {
    "pnl": 613405.75,
    "date": "2023-11-12T00:00:00",
    "weekday": "Nov 2023",
    "netpnl": 588160.4922399998
  },
  {
    "pnl": 637775.75,
    "date": "2023-11-13T00:00:00",
    "weekday": "Nov 2023",
    "netpnl": 611222.6250199998
  },
  {
    "pnl": 637775.75,
    "date": "2023-11-14T00:00:00",
    "weekday": "Nov 2023",
    "netpnl": 611222.6250199998
  },
  {
    "pnl": 740267.0,
    "date": "2023-11-15T00:00:00",
    "weekday": "Nov 2023",
    "netpnl": 712509.1734589998
  },
  {
    "pnl": 719784.5,
    "date": "2023-11-16T00:00:00",
    "weekday": "Nov 2023",
    "netpnl": 690627.5475129999
  },
  {
    "pnl": 719784.5,
    "date": "2023-11-17T00:00:00",
    "weekday": "Nov 2023",
    "netpnl": 690627.5475129999
  },
  {
    "pnl": 719784.5,
    "date": "2023-11-18T00:00:00",
    "weekday": "Nov 2023",
    "netpnl": 690627.5475129999
  },
  {
    "pnl": 719784.5,
    "date": "2023-11-19T00:00:00",
    "weekday": "Nov 2023",
    "netpnl": 690627.5475129999
  },
  {
    "pnl": 693947.0,
    "date": "2023-11-20T00:00:00",
    "weekday": "Nov 2023",
    "netpnl": 663499.4044179999
  },
  {
    "pnl": 781639.0,
    "date": "2023-11-21T00:00:00",
    "weekday": "Nov 2023",
    "netpnl": 750237.5526529999
  },
  {
    "pnl": 829751.5,
    "date": "2023-11-22T00:00:00",
    "weekday": "Nov 2023",
    "netpnl": 797180.9516619999
  },
  {
    "pnl": 879744.0,
    "date": "2023-11-23T00:00:00",
    "weekday": "Nov 2023",
    "netpnl": 845860.5428279999
  },
  {
    "pnl": 931977.75,
    "date": "2023-11-24T00:00:00",
    "weekday": "Nov 2023",
    "netpnl": 896955.603055
  },
  {
    "pnl": 931977.75,
    "date": "2023-11-25T00:00:00",
    "weekday": "Nov 2023",
    "netpnl": 896955.603055
  },
  {
    "pnl": 931977.75,
    "date": "2023-11-26T00:00:00",
    "weekday": "Nov 2023",
    "netpnl": 896955.603055
  },
  {
    "pnl": 931977.75,
    "date": "2023-11-27T00:00:00",
    "weekday": "Nov 2023",
    "netpnl": 896955.603055
  },
  {
    "pnl": 931231.75,
    "date": "2023-11-28T00:00:00",
    "weekday": "Nov 2023",
    "netpnl": 894987.011314
  },
  {
    "pnl": 931231.75,
    "date": "2023-11-29T00:00:00",
    "weekday": "Nov 2023",
    "netpnl": 894987.011314
  },
  {
    "pnl": 924757.75,
    "date": "2023-11-30T00:00:00",
    "weekday": "Nov 2023",
    "netpnl": 887170.529684
  },
  {
    "pnl": 924757.75,
    "date": "2023-12-01T00:00:00",
    "weekday": "Dec 2023",
    "netpnl": 887170.529684
  },
  {
    "pnl": 924757.75,
    "date": "2023-12-02T00:00:00",
    "weekday": "Dec 2023",
    "netpnl": 887170.529684
  },
  {
    "pnl": 924757.75,
    "date": "2023-12-03T00:00:00",
    "weekday": "Dec 2023",
    "netpnl": 887170.529684
  },
  {
    "pnl": 881602.75,
    "date": "2023-12-04T00:00:00",
    "weekday": "Dec 2023",
    "netpnl": 842029.1741269999
  },
  {
    "pnl": 896118.75,
    "date": "2023-12-05T00:00:00",
    "weekday": "Dec 2023",
    "netpnl": 855111.3025649999
  },
  {
    "pnl": 903885.75,
    "date": "2023-12-06T00:00:00",
    "weekday": "Dec 2023",
    "netpnl": 861461.5762059999
  },
  {
    "pnl": 988025.75,
    "date": "2023-12-07T00:00:00",
    "weekday": "Dec 2023",
    "netpnl": 944283.7275609999
  },
  {
    "pnl": 988025.75,
    "date": "2023-12-08T00:00:00",
    "weekday": "Dec 2023",
    "netpnl": 944283.7275609999
  },
  {
    "pnl": 988025.75,
    "date": "2023-12-09T00:00:00",
    "weekday": "Dec 2023",
    "netpnl": 944283.7275609999
  },
  {
    "pnl": 988025.75,
    "date": "2023-12-10T00:00:00",
    "weekday": "Dec 2023",
    "netpnl": 944283.7275609999
  },
  {
    "pnl": 942377.0,
    "date": "2023-12-11T00:00:00",
    "weekday": "Dec 2023",
    "netpnl": 897406.811775
  },
  {
    "pnl": 960719.0,
    "date": "2023-12-12T00:00:00",
    "weekday": "Dec 2023",
    "netpnl": 914351.679228
  },
  {
    "pnl": 999025.25,
    "date": "2023-12-13T00:00:00",
    "weekday": "Dec 2023",
    "netpnl": 951263.227754
  },
  {
    "pnl": 959595.25,
    "date": "2023-12-14T00:00:00",
    "weekday": "Dec 2023",
    "netpnl": 910423.561919
  },
  {
    "pnl": 959595.25,
    "date": "2023-12-15T00:00:00",
    "weekday": "Dec 2023",
    "netpnl": 910423.561919
  },
  {
    "pnl": 959595.25,
    "date": "2023-12-16T00:00:00",
    "weekday": "Dec 2023",
    "netpnl": 910423.561919
  },
  {
    "pnl": 959595.25,
    "date": "2023-12-17T00:00:00",
    "weekday": "Dec 2023",
    "netpnl": 910423.561919
  },
  {
    "pnl": 965666.5,
    "date": "2023-12-18T00:00:00",
    "weekday": "Dec 2023",
    "netpnl": 915493.701098
  },
  {
    "pnl": 991076.5,
    "date": "2023-12-19T00:00:00",
    "weekday": "Dec 2023",
    "netpnl": 939546.825546
  },
  {
    "pnl": 1011763.0,
    "date": "2023-12-20T00:00:00",
    "weekday": "Dec 2023",
    "netpnl": 958654.446737
  },
  {
    "pnl": 1012613.0,
    "date": "2023-12-21T00:00:00",
    "weekday": "Dec 2023",
    "netpnl": 957983.546392
  },
  {
    "pnl": 1020315.5,
    "date": "2023-12-22T00:00:00",
    "weekday": "Dec 2023",
    "netpnl": 964273.2030620001
  },
  {
    "pnl": 1020315.5,
    "date": "2023-12-23T00:00:00",
    "weekday": "Dec 2023",
    "netpnl": 964273.2030620001
  },
  {
    "pnl": 1020315.5,
    "date": "2023-12-24T00:00:00",
    "weekday": "Dec 2023",
    "netpnl": 964273.2030620001
  },
  {
    "pnl": 1020315.5,
    "date": "2023-12-25T00:00:00",
    "weekday": "Dec 2023",
    "netpnl": 964273.2030620001
  },
  {
    "pnl": 923281.5,
    "date": "2023-12-26T00:00:00",
    "weekday": "Dec 2023",
    "netpnl": 865545.1427850001
  },
  {
    "pnl": 923281.5,
    "date": "2023-12-27T00:00:00",
    "weekday": "Dec 2023",
    "netpnl": 865545.1427850001
  },
  {
    "pnl": 971700.75,
    "date": "2023-12-28T00:00:00",
    "weekday": "Dec 2023",
    "netpnl": 912496.1423010002
  },
  {
    "pnl": 971700.75,
    "date": "2023-12-29T00:00:00",
    "weekday": "Dec 2023",
    "netpnl": 912496.1423010002
  },
  {
    "pnl": 971700.75,
    "date": "2023-12-30T00:00:00",
    "weekday": "Dec 2023",
    "netpnl": 912496.1423010002
  },
  {
    "pnl": 971700.75,
    "date": "2023-12-31T00:00:00",
    "weekday": "Dec 2023",
    "netpnl": 912496.1423010002
  },
  {
    "pnl": 995078.25,
    "date": "2024-01-01T00:00:00",
    "weekday": "Jan 2024",
    "netpnl": 934688.8290810002
  },
  {
    "pnl": 1046302.25,
    "date": "2024-01-02T00:00:00",
    "weekday": "Jan 2024",
    "netpnl": 984559.3675550001
  },
  {
    "pnl": 1053511.25,
    "date": "2024-01-03T00:00:00",
    "weekday": "Jan 2024",
    "netpnl": 990470.6619700001
  },
  {
    "pnl": 1128791.25,
    "date": "2024-01-04T00:00:00",
    "weekday": "Jan 2024",
    "netpnl": 1064499.5575340001
  },
  {
    "pnl": 1128791.25,
    "date": "2024-01-05T00:00:00",
    "weekday": "Jan 2024",
    "netpnl": 1064499.5575340001
  },
  {
    "pnl": 1128791.25,
    "date": "2024-01-06T00:00:00",
    "weekday": "Jan 2024",
    "netpnl": 1064499.5575340001
  },
  {
    "pnl": 1128791.25,
    "date": "2024-01-07T00:00:00",
    "weekday": "Jan 2024",
    "netpnl": 1064499.5575340001
  },
  {
    "pnl": 1121298.75,
    "date": "2024-01-08T00:00:00",
    "weekday": "Jan 2024",
    "netpnl": 1055720.986527
  },
  {
    "pnl": 1088422.75,
    "date": "2024-01-09T00:00:00",
    "weekday": "Jan 2024",
    "netpnl": 1021186.3280180001
  },
  {
    "pnl": 1034823.25,
    "date": "2024-01-10T00:00:00",
    "weekday": "Jan 2024",
    "netpnl": 966144.9104330001
  },
  {
    "pnl": 1063488.25,
    "date": "2024-01-11T00:00:00",
    "weekday": "Jan 2024",
    "netpnl": 993397.8517110001
  },
  {
    "pnl": 1063488.25,
    "date": "2024-01-12T00:00:00",
    "weekday": "Jan 2024",
    "netpnl": 993397.8517110001
  },
  {
    "pnl": 1063488.25,
    "date": "2024-01-13T00:00:00",
    "weekday": "Jan 2024",
    "netpnl": 993397.8517110001
  },
  {
    "pnl": 1063488.25,
    "date": "2024-01-14T00:00:00",
    "weekday": "Jan 2024",
    "netpnl": 993397.8517110001
  },
  {
    "pnl": 1124534.5,
    "date": "2024-01-15T00:00:00",
    "weekday": "Jan 2024",
    "netpnl": 1053115.307375
  },
  {
    "pnl": 1056716.5,
    "date": "2024-01-16T00:00:00",
    "weekday": "Jan 2024",
    "netpnl": 983878.8248070001
  },
  {
    "pnl": 1054009.75,
    "date": "2024-01-17T00:00:00",
    "weekday": "Jan 2024",
    "netpnl": 979755.1728210001
  },
  {
    "pnl": 1006982.25,
    "date": "2024-01-18T00:00:00",
    "weekday": "Jan 2024",
    "netpnl": 931289.0014670001
  },
  {
    "pnl": 1006982.25,
    "date": "2024-01-19T00:00:00",
    "weekday": "Jan 2024",
    "netpnl": 931289.0014670001
  },
  {
    "pnl": 1006982.25,
    "date": "2024-01-20T00:00:00",
    "weekday": "Jan 2024",
    "netpnl": 931289.0014670001
  },
  {
    "pnl": 1006982.25,
    "date": "2024-01-21T00:00:00",
    "weekday": "Jan 2024",
    "netpnl": 931289.0014670001
  },
  {
    "pnl": 1006982.25,
    "date": "2024-01-22T00:00:00",
    "weekday": "Jan 2024",
    "netpnl": 931289.0014670001
  },
  {
    "pnl": 1039574.25,
    "date": "2024-01-23T00:00:00",
    "weekday": "Jan 2024",
    "netpnl": 962272.330013
  },
  {
    "pnl": 1039574.25,
    "date": "2024-01-24T00:00:00",
    "weekday": "Jan 2024",
    "netpnl": 962272.330013
  },
  {
    "pnl": 1027356.75,
    "date": "2024-01-25T00:00:00",
    "weekday": "Jan 2024",
    "netpnl": 948526.9088290001
  },
  {
    "pnl": 1027356.75,
    "date": "2024-01-26T00:00:00",
    "weekday": "Jan 2024",
    "netpnl": 948526.9088290001
  },
  {
    "pnl": 1027356.75,
    "date": "2024-01-27T00:00:00",
    "weekday": "Jan 2024",
    "netpnl": 948526.9088290001
  },
  {
    "pnl": 1027356.75,
    "date": "2024-01-28T00:00:00",
    "weekday": "Jan 2024",
    "netpnl": 948526.9088290001
  },
  {
    "pnl": 939775.5,
    "date": "2024-01-29T00:00:00",
    "weekday": "Jan 2024",
    "netpnl": 859544.4533580001
  },
  {
    "pnl": 977685.5,
    "date": "2024-01-30T00:00:00",
    "weekday": "Jan 2024",
    "netpnl": 895779.4654590001
  },
  {
    "pnl": 978327.5,
    "date": "2024-01-31T00:00:00",
    "weekday": "Jan 2024",
    "netpnl": 894652.9050210001
  },
  {
    "pnl": 1087262.5,
    "date": "2024-02-01T00:00:00",
    "weekday": "Feb 2024",
    "netpnl": 1002276.204705
  },
  {
    "pnl": 1087262.5,
    "date": "2024-02-02T00:00:00",
    "weekday": "Feb 2024",
    "netpnl": 1002276.204705
  },
  {
    "pnl": 1087262.5,
    "date": "2024-02-03T00:00:00",
    "weekday": "Feb 2024",
    "netpnl": 1002276.204705
  },
  {
    "pnl": 1087262.5,
    "date": "2024-02-04T00:00:00",
    "weekday": "Feb 2024",
    "netpnl": 1002276.204705
  },
  {
    "pnl": 1037263.75,
    "date": "2024-02-05T00:00:00",
    "weekday": "Feb 2024",
    "netpnl": 950708.8927150001
  },
  {
    "pnl": 1096651.75,
    "date": "2024-02-06T00:00:00",
    "weekday": "Feb 2024",
    "netpnl": 1008582.602043
  },
  {
    "pnl": 1098690.25,
    "date": "2024-02-07T00:00:00",
    "weekday": "Feb 2024",
    "netpnl": 1009178.380229
  },
  {
    "pnl": 1095450.25,
    "date": "2024-02-08T00:00:00",
    "weekday": "Feb 2024",
    "netpnl": 1004256.705506
  },
  {
    "pnl": 1095450.25,
    "date": "2024-02-09T00:00:00",
    "weekday": "Feb 2024",
    "netpnl": 1004256.705506
  },
  {
    "pnl": 1095450.25,
    "date": "2024-02-10T00:00:00",
    "weekday": "Feb 2024",
    "netpnl": 1004256.705506
  },
  {
    "pnl": 1095450.25,
    "date": "2024-02-11T00:00:00",
    "weekday": "Feb 2024",
    "netpnl": 1004256.705506
  },
  {
    "pnl": 1127336.5,
    "date": "2024-02-12T00:00:00",
    "weekday": "Feb 2024",
    "netpnl": 1034928.416763
  },
  {
    "pnl": 1169074.5,
    "date": "2024-02-13T00:00:00",
    "weekday": "Feb 2024",
    "netpnl": 1075210.166683
  },
  {
    "pnl": 1154046.75,
    "date": "2024-02-14T00:00:00",
    "weekday": "Feb 2024",
    "netpnl": 1058622.152315
  },
  {
    "pnl": 1251619.25,
    "date": "2024-02-15T00:00:00",
    "weekday": "Feb 2024",
    "netpnl": 1154866.530126
  },
  {
    "pnl": 1251619.25,
    "date": "2024-02-16T00:00:00",
    "weekday": "Feb 2024",
    "netpnl": 1154866.530126
  },
  {
    "pnl": 1251619.25,
    "date": "2024-02-17T00:00:00",
    "weekday": "Feb 2024",
    "netpnl": 1154866.530126
  },
  {
    "pnl": 1251619.25,
    "date": "2024-02-18T00:00:00",
    "weekday": "Feb 2024",
    "netpnl": 1154866.530126
  },
  {
    "pnl": 1277861.75,
    "date": "2024-02-19T00:00:00",
    "weekday": "Feb 2024",
    "netpnl": 1180047.07544
  },
  {
    "pnl": 1328707.75,
    "date": "2024-02-20T00:00:00",
    "weekday": "Feb 2024",
    "netpnl": 1229572.664934
  },
  {
    "pnl": 1363641.25,
    "date": "2024-02-21T00:00:00",
    "weekday": "Feb 2024",
    "netpnl": 1263297.195817
  },
  {
    "pnl": 1378121.25,
    "date": "2024-02-22T00:00:00",
    "weekday": "Feb 2024",
    "netpnl": 1276333.810021
  },
  {
    "pnl": 1378121.25,
    "date": "2024-02-23T00:00:00",
    "weekday": "Feb 2024",
    "netpnl": 1276333.810021
  },
  {
    "pnl": 1378121.25,
    "date": "2024-02-24T00:00:00",
    "weekday": "Feb 2024",
    "netpnl": 1276333.810021
  },
  {
    "pnl": 1378121.25,
    "date": "2024-02-25T00:00:00",
    "weekday": "Feb 2024",
    "netpnl": 1276333.810021
  },
  {
    "pnl": 1397887.5,
    "date": "2024-02-26T00:00:00",
    "weekday": "Feb 2024",
    "netpnl": 1294603.327549
  },
  {
    "pnl": 1530239.5,
    "date": "2024-02-27T00:00:00",
    "weekday": "Feb 2024",
    "netpnl": 1425646.989893
  },
  {
    "pnl": 1530239.5,
    "date": "2024-02-28T00:00:00",
    "weekday": "Feb 2024",
    "netpnl": 1425646.989893
  },
  {
    "pnl": 1394827.0,
    "date": "2024-02-29T00:00:00",
    "weekday": "Feb 2024",
    "netpnl": 1288448.124177
  },
  {
    "pnl": 1394827.0,
    "date": "2024-03-01T00:00:00",
    "weekday": "Mar 2024",
    "netpnl": 1288448.124177
  },
  {
    "pnl": 1394827.0,
    "date": "2024-03-02T00:00:00",
    "weekday": "Mar 2024",
    "netpnl": 1288448.124177
  },
  {
    "pnl": 1394827.0,
    "date": "2024-03-03T00:00:00",
    "weekday": "Mar 2024",
    "netpnl": 1288448.124177
  },
  {
    "pnl": 1431145.75,
    "date": "2024-03-04T00:00:00",
    "weekday": "Mar 2024",
    "netpnl": 1323463.372286
  },
  {
    "pnl": 1390935.75,
    "date": "2024-03-05T00:00:00",
    "weekday": "Mar 2024",
    "netpnl": 1281827.645483
  },
  {
    "pnl": 1391606.25,
    "date": "2024-03-06T00:00:00",
    "weekday": "Mar 2024",
    "netpnl": 1281207.8955929999
  },
  {
    "pnl": 1496658.75,
    "date": "2024-03-07T00:00:00",
    "weekday": "Mar 2024",
    "netpnl": 1385083.640376
  },
  {
    "pnl": 1496658.75,
    "date": "2024-03-08T00:00:00",
    "weekday": "Mar 2024",
    "netpnl": 1385083.640376
  },
  {
    "pnl": 1496658.75,
    "date": "2024-03-09T00:00:00",
    "weekday": "Mar 2024",
    "netpnl": 1385083.640376
  },
  {
    "pnl": 1496658.75,
    "date": "2024-03-10T00:00:00",
    "weekday": "Mar 2024",
    "netpnl": 1385083.640376
  },
  {
    "pnl": 1574580.0,
    "date": "2024-03-11T00:00:00",
    "weekday": "Mar 2024",
    "netpnl": 1461734.331579
  },
  {
    "pnl": 1689882.0,
    "date": "2024-03-12T00:00:00",
    "weekday": "Mar 2024",
    "netpnl": 1575548.399285
  },
  {
    "pnl": 1738530.75,
    "date": "2024-03-13T00:00:00",
    "weekday": "Mar 2024",
    "netpnl": 1622979.08511
  },
  {
    "pnl": 1820573.25,
    "date": "2024-03-14T00:00:00",
    "weekday": "Mar 2024",
    "netpnl": 1703750.412684
  },
  {
    "pnl": 1820573.25,
    "date": "2024-03-15T00:00:00",
    "weekday": "Mar 2024",
    "netpnl": 1703750.412684
  },
  {
    "pnl": 1820573.25,
    "date": "2024-03-16T00:00:00",
    "weekday": "Mar 2024",
    "netpnl": 1703750.412684
  },
  {
    "pnl": 1820573.25,
    "date": "2024-03-17T00:00:00",
    "weekday": "Mar 2024",
    "netpnl": 1703750.412684
  },
  {
    "pnl": 1813647.0,
    "date": "2024-03-18T00:00:00",
    "weekday": "Mar 2024",
    "netpnl": 1695535.764279
  },
  {
    "pnl": 1753159.0,
    "date": "2024-03-19T00:00:00",
    "weekday": "Mar 2024",
    "netpnl": 1633817.77629
  },
  {
    "pnl": 1729969.0,
    "date": "2024-03-20T00:00:00",
    "weekday": "Mar 2024",
    "netpnl": 1609190.303684
  }
]