[
  {
    "year": 2023,
    "monthly": [
      {
        "pnl": -5025.619999999994,
        "pnlstr": "-5.03K",
        "date": "0001-01-01T00:00:00",
        "weekday": "Monday",
        "charges": 0.0,
        "color": null
      },
      {
        "pnl": 144197.75,
        "pnlstr": "1.44L",
        "date": "0001-01-01T00:00:00",
        "weekday": "Tuesday",
        "charges": 0.0,
        "color": null
      },
      {
        "pnl": 420546.08,
        "pnlstr": "4.21L",
        "date": "0001-01-01T00:00:00",
        "weekday": "Wednesday",
        "charges": 0.0,
        "color": null
      },
      {
        "pnl": 295393.22,
        "pnlstr": "2.95L",
        "date": "0001-01-01T00:00:00",
        "weekday": "Thursday",
        "charges": 0.0,
        "color": null
      },
      {
        "pnl": 57384.72,
        "pnlstr": "57.38K",
        "date": "0001-01-01T00:00:00",
        "weekday": "Friday",
        "charges": 0.0,
        "color": null
      },
      {
        "pnl": 0.0,
        "pnlstr": "",
        "date": "0001-01-01T00:00:00",
        "weekday": "Saturday",
        "charges": 0.0,
        "color": null
      },
      {
        "pnl": 0.0,
        "pnlstr": "",
        "date": "0001-01-01T00:00:00",
        "weekday": "Sunday",
        "charges": 0.0,
        "color": null
      }
    ],
    "total": 912496.1499999999,
    "totalstr": "9.12L"
  },
  {
    "year": 2024,
    "monthly": [
      {
        "pnl": 110154.88,
        "pnlstr": "1.1L",
        "date": "0001-01-01T00:00:00",
        "weekday": "Monday",
        "charges": 0.0,
        "color": null
      },
      {
        "pnl": 302502.80000000005,
        "pnlstr": "3.03L",
        "date": "0001-01-01T00:00:00",
        "weekday": "Tuesday",
        "charges": 0.0,
        "color": null
      },
      {
        "pnl": -14464.569999999992,
        "pnlstr": "-14.46K",
        "date": "0001-01-01T00:00:00",
        "weekday": "Wednesday",
        "charges": 0.0,
        "color": null
      },
      {
        "pnl": 298501.07,
        "pnlstr": "2.99L",
        "date": "0001-01-01T00:00:00",
        "weekday": "Thursday",
        "charges": 0.0,
        "color": null
      },
      {
        "pnl": 0.0,
        "pnlstr": "",
        "date": "0001-01-01T00:00:00",
        "weekday": "Friday",
        "charges": 0.0,
        "color": null
      },
      {
        "pnl": 0.0,
        "pnlstr": "",
        "date": "0001-01-01T00:00:00",
        "weekday": "Saturday",
        "charges": 0.0,
        "color": null
      },
      {
        "pnl": 0.0,
        "pnlstr": "",
        "date": "0001-01-01T00:00:00",
        "weekday": "Sunday",
        "charges": 0.0,
        "color": null
      }
    ],
    "total": 696694.18,
    "totalstr": "6.97L"
  }
]