[
  {
    "pnl": -39621.75,
    "netpnl": -41961.92855,
    "date": "2023-09-01T00:00:00",
    "weekday": "Sep 2023",
    "charges": 2340.1785499999996,
    "color": null
  },
  {
    "pnl": 388566.75,
    "netpnl": 373335.183592,
    "date": "2023-10-01T00:00:00",
    "weekday": "Oct 2023",
    "charges": 15231.566408,
    "color": null
  },
  {
    "pnl": 575812.75,
    "netpnl": 555797.274642,
    "date": "2023-11-01T00:00:00",
    "weekday": "Nov 2023",
    "charges": 20015.475358,
    "color": null
  },
  {
    "pnl": 46943.0,
    "netpnl": 25325.612617,
    "date": "2023-12-01T00:00:00",
    "weekday": "Dec 2023",
    "charges": 21617.387383,
    "color": null
  },
  {
    "pnl": 6626.75,
    "netpnl": -17843.237279999987,
    "date": "2024-01-01T00:00:00",
    "weekday": "Jan 2024",
    "charges": 24469.98728,
    "color": null
  },
  {
    "pnl": 416499.5,
    "netpnl": 393795.21915599995,
    "date": "2024-02-01T00:00:00",
    "weekday": "Feb 2024",
    "charges": 22704.280844,
    "color": null
  },
  {
    "pnl": 335142.0,
    "netpnl": 320742.17950699996,
    "date": "2024-03-01T00:00:00",
    "weekday": "Mar 2024",
    "charges": 14399.820493,
    "color": null
  }
]