[
  {
    "pnl": -41961.92855,
    "date": "2023-09-01T00:00:00",
    "weekday": "Sep 2023",
    "netpnl": -41961.92855
  },
  {
    "pnl": 0.0,
    "date": "2023-10-01T00:00:00",
    "weekday": "Oct 2023",
    "netpnl": 331373.255042
  },
  {
    "pnl": 0.0,
    "date": "2023-11-01T00:00:00",
    "weekday": "Nov 2023",
    "netpnl": 887170.529684
  },
  {
    "pnl": 0.0,
    "date": "2023-12-01T00:00:00",
    "weekday": "Dec 2023",
    "netpnl": 912496.142301
  },
  {
    "pnl": -17843.23728,
    "date": "2024-01-01T00:00:00",
    "weekday": "Jan 2024",
    "netpnl": 894652.905021
  },
  {
    "pnl": 0.0,
    "date": "2024-02-01T00:00:00",
    "weekday": "Feb 2024",
    "netpnl": 1288448.124177
  },
  {
    "pnl": 0.0,
    "date": "2024-03-01T00:00:00",
    "weekday": "Mar 2024",
    "netpnl": 1609190.303684
  }
]