{
  "capital": 0.0,
  "totaltradingdays": 90,
  "windays": 58,
  "lossdays": 32,
  "maxwinningstreakdays": 7,
  "maxlosingstreakdays": 3,
  "maxdddays": 36,
  "maxdddaysstr": "07/01/2024 to 12/02/2024",
  "rewardtorisk": 0.0,
  "winrate": 64.44444444444444,
  "lossrate": 35.55555555555556,
  "avgmonthlyprofit": 201148.7879605,
  "totalprofit": 1609190.303684,
  "maxprofitaday": 134365.29,
  "maxlossaday": -137198.87,
  "avgprofit_lossdaily": 8939.946277777779,
  "avgprofitonprofitdays": 47128.167758620686,
  "avglossonlossdays": -35132.60625000001,
  "maxdrawdown": 204955.104176,
  "maxdrawdownper": 0.0,
  "avgmonthlyprofitstr": "2.01L",
  "totalprofitstr": "16.09L",
  "maxprofitadaystr": "1.34L",
  "maxlossadaystr": "-1.37L",
  "avgprofit_lossdailystr": "8.94K",
  "avgprofitonprofitdaysstr": "47.13K",
  "avglossonlossdaysstr": "-35.13K",
  "maxdrawdownstr": "2.05L",
  "expectancyratio": 0.0
}