[
  {
    "pnl": 0.0,
    "netpnl": 0.0,
    "date": "2023-09-18T00:00:00",
    "weekday": "Sep 2023",
    "charges": 0.0,
    "color": null
  },
  {
    "pnl": -39621.75,
    "netpnl": -41961.92855,
    "date": "2023-09-25T00:00:00",
    "weekday": "Sep 2023",
    "charges": 2340.1785499999996,
    "color": null
  },
  {
    "pnl": 95895.0,
    "netpnl": 92451.367726,
    "date": "2023-10-02T00:00:00",
    "weekday": "Oct 2023",
    "charges": 3443.632274,
    "color": null
  },
  {
    "pnl": 118904.0,
    "netpnl": 115298.88002099999,
    "date": "2023-10-09T00:00:00",
    "weekday": "Oct 2023",
    "charges": 3605.119979,
    "color": null
  },
  {
    "pnl": 120658.75,
    "netpnl": 117323.015974,
    "date": "2023-10-16T00:00:00",
    "weekday": "Oct 2023",
    "charges": 3335.734026,
    "color": null
  },
  {
    "pnl": 5914.5,
    "netpnl": 3529.9223889999994,
    "date": "2023-10-23T00:00:00",
    "weekday": "Oct 2023",
    "charges": 2384.5776109999997,
    "color": null
  },
  {
    "pnl": 217849.5,
    "netpnl": 212852.697691,
    "date": "2023-10-30T00:00:00",
    "weekday": "Oct 2023",
    "charges": 4996.802309000001,
    "color": null
  },
  {
    "pnl": 93805.75,
    "netpnl": 88666.536989,
    "date": "2023-11-06T00:00:00",
    "weekday": "Nov 2023",
    "charges": 5139.213011,
    "color": null
  },
  {
    "pnl": 106378.75,
    "netpnl": 102467.055273,
    "date": "2023-11-13T00:00:00",
    "weekday": "Nov 2023",
    "charges": 3911.694727,
    "color": null
  },
  {
    "pnl": 212193.25,
    "netpnl": 206328.055542,
    "date": "2023-11-20T00:00:00",
    "weekday": "Nov 2023",
    "charges": 5865.194458,
    "color": null
  },
  {
    "pnl": -7220.0,
    "netpnl": -9785.073371,
    "date": "2023-11-27T00:00:00",
    "weekday": "Nov 2023",
    "charges": 2565.0733710000004,
    "color": null
  },
  {
    "pnl": 63268.0,
    "netpnl": 57113.19787699999,
    "date": "2023-12-04T00:00:00",
    "weekday": "Dec 2023",
    "charges": 6154.8021229999995,
    "color": null
  },
  {
    "pnl": -28430.5,
    "netpnl": -33860.165642,
    "date": "2023-12-11T00:00:00",
    "weekday": "Dec 2023",
    "charges": 5429.665642,
    "color": null
  },
  {
    "pnl": 60720.25,
    "netpnl": 53849.64114299999,
    "date": "2023-12-18T00:00:00",
    "weekday": "Dec 2023",
    "charges": 6870.608856999999,
    "color": null
  },
  {
    "pnl": -48614.75,
    "netpnl": -51777.06076099999,
    "date": "2023-12-25T00:00:00",
    "weekday": "Dec 2023",
    "charges": 3162.3107609999997,
    "color": null
  },
  {
    "pnl": 157090.5,
    "netpnl": 152003.415233,
    "date": "2024-01-01T00:00:00",
    "weekday": "Jan 2024",
    "charges": 5087.084767,
    "color": null
  },
  {
    "pnl": -65303.0,
    "netpnl": -71101.705823,
    "date": "2024-01-08T00:00:00",
    "weekday": "Jan 2024",
    "charges": 5798.705823,
    "color": null
  },
  {
    "pnl": -56506.0,
    "netpnl": -62108.85024400001,
    "date": "2024-01-15T00:00:00",
    "weekday": "Jan 2024",
    "charges": 5602.850244,
    "color": null
  },
  {
    "pnl": 20374.5,
    "netpnl": 17237.907362,
    "date": "2024-01-22T00:00:00",
    "weekday": "Jan 2024",
    "charges": 3136.592638,
    "color": null
  },
  {
    "pnl": 59905.75,
    "netpnl": 53749.295876000004,
    "date": "2024-01-29T00:00:00",
    "weekday": "Jan 2024",
    "charges": 6156.454124,
    "color": null
  },
  {
    "pnl": 8187.75,
    "netpnl": 1980.5008009999947,
    "date": "2024-02-05T00:00:00",
    "weekday": "Feb 2024",
    "charges": 6207.249199,
    "color": null
  },
  {
    "pnl": 156169.0,
    "netpnl": 150609.82462,
    "date": "2024-02-12T00:00:00",
    "weekday": "Feb 2024",
    "charges": 5559.17538,
    "color": null
  },
  {
    "pnl": 126502.0,
    "netpnl": 121467.279895,
    "date": "2024-02-19T00:00:00",
    "weekday": "Feb 2024",
    "charges": 5034.720105,
    "color": null
  },
  {
    "pnl": 16705.75,
    "netpnl": 12114.314155999979,
    "date": "2024-02-26T00:00:00",
    "weekday": "Feb 2024",
    "charges": 4591.435844,
    "color": null
  },
  {
    "pnl": 101831.75,
    "netpnl": 96635.516199,
    "date": "2024-03-04T00:00:00",
    "weekday": "Mar 2024",
    "charges": 5196.233801,
    "color": null
  },
  {
    "pnl": 323914.5,
    "netpnl": 318666.772308,
    "date": "2024-03-11T00:00:00",
    "weekday": "Mar 2024",
    "charges": 5247.7276919999995,
    "color": null
  },
  {
    "pnl": -90604.25,
    "netpnl": -94560.109,
    "date": "2024-03-18T00:00:00",
    "weekday": "Mar 2024",
    "charges": 3955.8590000000004,
    "color": null
  }
]