[
  {
    "pnl": 0.0,
    "pnlstr": null,
    "date": "2023-09-18T00:00:00",
    "weekday": "Sep 2023",
    "charges": 0.0,
    "color": null
  },
  {
    "pnl": -41961.92855,
    "pnlstr": null,
    "date": "2023-09-25T00:00:00",
    "weekday": "Sep 2023",
    "charges": 0.0,
    "color": null
  },
  {
    "pnl": 50489.439176,
    "pnlstr": null,
    "date": "2023-10-02T00:00:00",
    "weekday": "Oct 2023",
    "charges": 0.0,
    "color": null
  },
  {
    "pnl": 165788.319197,
    "pnlstr": null,
    "date": "2023-10-09T00:00:00",
    "weekday": "Oct 2023",
    "charges": 0.0,
    "color": null
  },
  {
    "pnl": 283111.335171,
    "pnlstr": null,
    "date": "2023-10-16T00:00:00",
    "weekday": "Oct 2023",
    "charges": 0.0,
    "color": null
  },
  {
    "pnl": 286641.25756,
    "pnlstr": null,
    "date": "2023-10-23T00:00:00",
    "weekday": "Oct 2023",
    "charges": 0.0,
    "color": null
  },
  {
    "pnl": 499493.955251,
    "pnlstr": null,
    "date": "2023-10-30T00:00:00",
    "weekday": "Oct 2023",
    "charges": 0.0,
    "color": null
  },
  {
    "pnl": 588160.49224,
    "pnlstr": null,
    "date": "2023-11-06T00:00:00",
    "weekday": "Nov 2023",
    "charges": 0.0,
    "color": null
  },
  {
    "pnl": 690627.5475130001,
    "pnlstr": null,
    "date": "2023-11-13T00:00:00",
    "weekday": "Nov 2023",
    "charges": 0.0,
    "color": null
  },
  {
    "pnl": 896955.6030550001,
    "pnlstr": null,
    "date": "2023-11-20T00:00:00",
    "weekday": "Nov 2023",
    "charges": 0.0,
    "color": null
  },
  {
    "pnl": 887170.5296840001,
    "pnlstr": null,
    "date": "2023-11-27T00:00:00",
    "weekday": "Nov 2023",
    "charges": 0.0,
    "color": null
  },
  {
    "pnl": 944283.727561,
    "pnlstr": null,
    "date": "2023-12-04T00:00:00",
    "weekday": "Dec 2023",
    "charges": 0.0,
    "color": null
  },
  {
    "pnl": 910423.561919,
    "pnlstr": null,
    "date": "2023-12-11T00:00:00",
    "weekday": "Dec 2023",
    "charges": 0.0,
    "color": null
  },
  {
    "pnl": 964273.203062,
    "pnlstr": null,
    "date": "2023-12-18T00:00:00",
    "weekday": "Dec 2023",
    "charges": 0.0,
    "color": null
  },
  {
    "pnl": 912496.142301,
    "pnlstr": null,
    "date": "2023-12-25T00:00:00",
    "weekday": "Dec 2023",
    "charges": 0.0,
    "color": null
  },
  {
    "pnl": 1064499.557534,
    "pnlstr": null,
    "date": "2024-01-01T00:00:00",
    "weekday": "Jan 2024",
    "charges": 0.0,
    "color": null
  },
  {
    "pnl": 993397.8517109999,
    "pnlstr": null,
    "date": "2024-01-08T00:00:00",
    "weekday": "Jan 2024",
    "charges": 0.0,
    "color": null
  },
  {
    "pnl": 931289.0014669999,
    "pnlstr": null,
    "date": "2024-01-15T00:00:00",
    "weekday": "Jan 2024",
    "charges": 0.0,
    "color": null
  },
  {
    "pnl": 948526.9088289998,
    "pnlstr": null,
    "date": "2024-01-22T00:00:00",
    "weekday": "Jan 2024",
    "charges": 0.0,
    "color": null
  },
  {
    "pnl": 1002276.2047049998,
    "pnlstr": null,
    "date": "2024-01-29T00:00:00",
    "weekday": "Jan 2024",
    "charges": 0.0,
    "color": null
  },
  {
    "pnl": 1004256.7055059999,
    "pnlstr": null,
    "date": "2024-02-05T00:00:00",
    "weekday": "Feb 2024",
    "charges": 0.0,
    "color": null
  },
  {
    "pnl": 1154866.5301259998,
    "pnlstr": null,
    "date": "2024-02-12T00:00:00",
    "weekday": "Feb 2024",
    "charges": 0.0,
    "color": null
  },
  {
    "pnl": 1276333.8100209998,
    "pnlstr": null,
    "date": "2024-02-19T00:00:00",
    "weekday": "Feb 2024",
    "charges": 0.0,
    "color": null
  },
  {
    "pnl": 1288448.1241769998,
    "pnlstr": null,
    "date": "2024-02-26T00:00:00",
    "weekday": "Feb 2024",
    "charges": 0.0,
    "color": null
  },
  {
    "pnl": 1385083.6403759997,
    "pnlstr": null,
    "date": "2024-03-04T00:00:00",
    "weekday": "Mar 2024",
    "charges": 0.0,
    "color": null
  },
  {
    "pnl": 1703750.4126839996,
    "pnlstr": null,
    "date": "2024-03-11T00:00:00",
    "weekday": "Mar 2024",
    "charges": 0.0,
    "color": null
  },
  {
    "pnl": 1609190.3036839997,
    "pnlstr": null,
    "date": "2024-03-18T00:00:00",
    "weekday": "Mar 2024",
    "charges": 0.0,
    "color": null
  }
]