[
  {
    "pnl": 0.0,
    "date": "2023-09-18T00:00:00",
    "weekday": "Sep 2023",
    "netpnl": 0.0
  },
  {
    "pnl": -39621.75,
    "date": "2023-09-25T00:00:00",
    "weekday": "Sep 2023",
    "netpnl": -41961.92855
  },
  {
    "pnl": 56273.25,
    "date": "2023-10-02T00:00:00",
    "weekday": "Oct 2023",
    "netpnl": 50489.439176
  },
  {
    "pnl": 175177.25,
    "date": "2023-10-09T00:00:00",
    "weekday": "Oct 2023",
    "netpnl": 165788.319197
  },
  {
    "pnl": 295836.0,
    "date": "2023-10-16T00:00:00",
    "weekday": "Oct 2023",
    "netpnl": 283111.335171
  },
  {
    "pnl": 301750.5,
    "date": "2023-10-23T00:00:00",
    "weekday": "Oct 2023",
    "netpnl": 286641.25756
  },
  {
    "pnl": 519600.0,
    "date": "2023-10-30T00:00:00",
    "weekday": "Oct 2023",
    "netpnl": 499493.955251
  },
  {
    "pnl": 613405.75,
    "date": "2023-11-06T00:00:00",
    "weekday": "Nov 2023",
    "netpnl": 588160.49224
  },
  {
    "pnl": 719784.5,
    "date": "2023-11-13T00:00:00",
    "weekday": "Nov 2023",
    "netpnl": 690627.5475130001
  },
  {
    "pnl": 931977.75,
    "date": "2023-11-20T00:00:00",
    "weekday": "Nov 2023",
    "netpnl": 896955.6030550001
  },
  {
    "pnl": 924757.75,
    "date": "2023-11-27T00:00:00",
    "weekday": "Nov 2023",
    "netpnl": 887170.5296840001
  },
  {
    "pnl": 988025.75,
    "date": "2023-12-04T00:00:00",
    "weekday": "Dec 2023",
    "netpnl": 944283.727561
  },
  {
    "pnl": 959595.25,
    "date": "2023-12-11T00:00:00",
    "weekday": "Dec 2023",
    "netpnl": 910423.561919
  },
  {
    "pnl": 1020315.5,
    "date": "2023-12-18T00:00:00",
    "weekday": "Dec 2023",
    "netpnl": 964273.203062
  },
  {
    "pnl": 971700.75,
    "date": "2023-12-25T00:00:00",
    "weekday": "Dec 2023",
    "netpnl": 912496.142301
  },
  {
    "pnl": 1128791.25,
    "date": "2024-01-01T00:00:00",
    "weekday": "Jan 2024",
    "netpnl": 1064499.557534
  },
  {
    "pnl": 1063488.25,
    "date": "2024-01-08T00:00:00",
    "weekday": "Jan 2024",
    "netpnl": 993397.8517109999
  },
  {
    "pnl": 1006982.25,
    "date": "2024-01-15T00:00:00",
    "weekday": "Jan 2024",
    "netpnl": 931289.0014669999
  },
  {
    "pnl": 1027356.75,
    "date": "2024-01-22T00:00:00",
    "weekday": "Jan 2024",
    "netpnl": 948526.9088289998
  },
  {
    "pnl": 1087262.5,
    "date": "2024-01-29T00:00:00",
    "weekday": "Jan 2024",
    "netpnl": 1002276.2047049998
  },
  {
    "pnl": 1095450.25,
    "date": "2024-02-05T00:00:00",
    "weekday": "Feb 2024",
    "netpnl": 1004256.7055059999
  },
  {
    "pnl": 1251619.25,
    "date": "2024-02-12T00:00:00",
    "weekday": "Feb 2024",
    "netpnl": 1154866.5301259998
  },
  {
    "pnl": 1378121.25,
    "date": "2024-02-19T00:00:00",
    "weekday": "Feb 2024",
    "netpnl": 1276333.8100209998
  },
  {
    "pnl": 1394827.0,
    "date": "2024-02-26T00:00:00",
    "weekday": "Feb 2024",
    "netpnl": 1288448.1241769998
  },
  {
    "pnl": 1496658.75,
    "date": "2024-03-04T00:00:00",
    "weekday": "Mar 2024",
    "netpnl": 1385083.6403759997
  },
  {
    "pnl": 1820573.25,
    "date": "2024-03-11T00:00:00",
    "weekday": "Mar 2024",
    "netpnl": 1703750.4126839996
  },
  {
    "pnl": 1729969.0,
    "date": "2024-03-18T00:00:00",
    "weekday": "Mar 2024",
    "netpnl": 1609190.3036839997
  }
]