{
  "items": [
    {
      "data": [
        {
          "date": 1679875200,
          "value": 50805.56
        },
        {
          "date": 1679961600,
          "value": 36608.23
        },
        {
          "date": 1680048000,
          "value": 6137.31
        },
        {
          "date": 1680134400,
          "value": 0.0
        },
        {
          "date": 1680220800,
          "value": 0.0
        },
        {
          "date": 1680307200,
          "value": 0.0
        },
        {
          "date": 1680393600,
          "value": 0.0
        },
        {
          "date": 1680480000,
          "value": 17941.4
        },
        {
          "date": 1680566400,
          "value": 0.0
        },
        {
          "date": 1680652800,
          "value": 18743.8
        },
        {
          "date": 1680739200,
          "value": 50696.01
        },
        {
          "date": 1680825600,
          "value": 0.0
        },
        {
          "date": 1680912000,
          "value": 0.0
        },
        {
          "date": 1680998400,
          "value": 0.0
        },
        {
          "date": 1681084800,
          "value": -16281.62
        },
        {
          "date": 1681171200,
          "value": -775.49
        },
        {
          "date": 1681257600,
          "value": 6976.18
        },
        {
          "date": 1681344000,
          "value": -26939.05
        },
        {
          "date": 1681430400,
          "value": 0.0
        },
        {
          "date": 1681516800,
          "value": 0.0
        },
        {
          "date": 1681603200,
          "value": 0.0
        },
        {
          "date": 1681689600,
          "value": -15618.65
        },
        {
          "date": 1681776000,
          "value": -23583.75
        },
        {
          "date": 1681862400,
          "value": 9202.49
        },
        {
          "date": 1681948800,
          "value": 16677.83
        },
        {
          "date": 1682035200,
          "value": 0.0
        },
        {
          "date": 1682121600,
          "value": 0.0
        },
        {
          "date": 1682208000,
          "value": 0.0
        },
        {
          "date": 1682294400,
          "value": -16577.61
        },
        {
          "date": 1682380800,
          "value": -8017.56
        },
        {
          "date": 1682467200,
          "value": 5493.24
        },
        {
          "date": 1682553600,
          "value": 9724.57
        },
        {
          "date": 1682640000,
          "value": 0.0
        },
        {
          "date": 1682726400,
          "value": 0.0
        },
        {
          "date": 1682812800,
          "value": 0.0
        },
        {
          "date": 1682899200,
          "value": 0.0
        },
        {
          "date": 1682985600,
          "value": 27166.02
        },
        {
          "date": 1683072000,
          "value": 1252.12
        },
        {
          "date": 1683158400,
          "value": -34727.41
        },
        {
          "date": 1683244800,
          "value": 0.0
        },
        {
          "date": 1683331200,
          "value": 0.0
        },
        {
          "date": 1683417600,
          "value": 0.0
        },
        {
          "date": 1683504000,
          "value": 14461.78
        },
        {
          "date": 1683590400,
          "value": -21396.19
        },
        {
          "date": 1683676800,
          "value": -16200.55
        },
        {
          "date": 1683763200,
          "value": -3960.04
        },
        {
          "date": 1683849600,
          "value": 0.0
        },
        {
          "date": 1683936000,
          "value": 0.0
        },
        {
          "date": 1684022400,
          "value": 0.0
        },
        {
          "date": 1684108800,
          "value": 13388.69
        },
        {
          "date": 1684195200,
          "value": -7545.2
        },
        {
          "date": 1684281600,
          "value": -4060.84
        },
        {
          "date": 1684368000,
          "value": -41280.7
        },
        {
          "date": 1684454400,
          "value": 0.0
        },
        {
          "date": 1684540800,
          "value": 0.0
        },
        {
          "date": 1684627200,
          "value": 0.0
        },
        {
          "date": 1684713600,
          "value": -24569.42
        },
        {
          "date": 1684800000,
          "value": 19706.87
        },
        {
          "date": 1684886400,
          "value": -26351.12
        },
        {
          "date": 1684972800,
          "value": 23070.9
        },
        {
          "date": 1685059200,
          "value": 0.0
        },
        {
          "date": 1685145600,
          "value": 0.0
        },
        {
          "date": 1685232000,
          "value": 0.0
        },
        {
          "date": 1685318400,
          "value": -12286.77
        },
        {
          "date": 1685404800,
          "value": 35896.78
        },
        {
          "date": 1685491200,
          "value": -15064.62
        },
        {
          "date": 1685577600,
          "value": 52617.98
        },
        {
          "date": 1685664000,
          "value": 0.0
        },
        {
          "date": 1685750400,
          "value": 0.0
        },
        {
          "date": 1685836800,
          "value": 0.0
        },
        {
          "date": 1685923200,
          "value": 27060.68
        },
        {
          "date": 1686009600,
          "value": 39413.99
        },
        {
          "date": 1686096000,
          "value": 8526.45
        },
        {
          "date": 1686182400,
          "value": 30520.0
        },
        {
          "date": 1686268800,
          "value": 0.0
        },
        {
          "date": 1686355200,
          "value": 0.0
        },
        {
          "date": 1686441600,
          "value": 0.0
        },
        {
          "date": 1686528000,
          "value": 16548.86
        },
        {
          "date": 1686614400,
          "value": 11840.9
        },
        {
          "date": 1686700800,
          "value": 2206.95
        },
        {
          "date": 1686787200,
          "value": 39528.46
        },
        {
          "date": 1686873600,
          "value": 0.0
        },
        {
          "date": 1686960000,
          "value": 0.0
        },
        {
          "date": 1687046400,
          "value": 0.0
        },
        {
          "date": 1687132800,
          "value": 21845.11
        },
        {
          "date": 1687219200,
          "value": -10318.99
        },
        {
          "date": 1687305600,
          "value": -14411.34
        },
        {
          "date": 1687392000,
          "value": -11940.06
        },
        {
          "date": 1687478400,
          "value": 0.0
        },
        {
          "date": 1687564800,
          "value": 0.0
        },
        {
          "date": 1687651200,
          "value": 0.0
        },
        {
          "date": 1687737600,
          "value": 6094.89
        },
        {
          "date": 1687824000,
          "value": 16524.97
        },
        {
          "date": 1687910400,
          "value": 4699.69
        },
        {
          "date": 1687996800,
          "value": 0.0
        },
        {
          "date": 1688083200,
          "value": 0.0
        },
        {
          "date": 1688169600,
          "value": 0.0
        },
        {
          "date": 1688256000,
          "value": 0.0
        },
        {
          "date": 1688342400,
          "value": -15989.9
        },
        {
          "date": 1688428800,
          "value": -14257.25
        },
        {
          "date": 1688515200,
          "value": 29515.51
        },
        {
          "date": 1688601600,
          "value": 73256.52
        },
        {
          "date": 1688688000,
          "value": 0.0
        },
        {
          "date": 1688774400,
          "value": 0.0
        },
        {
          "date": 1688860800,
          "value": 0.0
        },
        {
          "date": 1688947200,
          "value": -20572.45
        },
        {
          "date": 1689033600,
          "value": 11766.46
        },
        {
          "date": 1689120000,
          "value": -21943.62
        },
        {
          "date": 1689206400,
          "value": -17921.75
        },
        {
          "date": 1689292800,
          "value": 0.0
        },
        {
          "date": 1689379200,
          "value": 0.0
        },
        {
          "date": 1689465600,
          "value": 0.0
        },
        {
          "date": 1689552000,
          "value": 4022.37
        },
        {
          "date": 1689638400,
          "value": -15068.98
        },
        {
          "date": 1689724800,
          "value": 32824.33
        },
        {
          "date": 1689811200,
          "value": -36245.31
        },
        {
          "date": 1689897600,
          "value": 0.0
        },
        {
          "date": 1689984000,
          "value": 0.0
        },
        {
          "date": 1690070400,
          "value": 0.0
        },
        {
          "date": 1690156800,
          "value": -26463.93
        },
        {
          "date": 1690243200,
          "value": -12014.38
        },
        {
          "date": 1690329600,
          "value": 8092.54
        },
        {
          "date": 1690416000,
          "value": 22925.07
        },
        {
          "date": 1690502400,
          "value": 0.0
        },
        {
          "date": 1690588800,
          "value": 0.0
        },
        {
          "date": 1690675200,
          "value": 0.0
        },
        {
          "date": 1690761600,
          "value": 29307.89
        },
        {
          "date": 1690848000,
          "value": 45861.35
        },
        {
          "date": 1690934400,
          "value": -19430.59
        },
        {
          "date": 1691020800,
          "value": 4540.45
        },
        {
          "date": 1691107200,
          "value": 0.0
        },
        {
          "date": 1691193600,
          "value": 0.0
        },
        {
          "date": 1691280000,
          "value": 0.0
        },
        {
          "date": 1691366400,
          "value": -26517.86
        },
        {
          "date": 1691452800,
          "value": 50385.27
        },
        {
          "date": 1691539200,
          "value": 0.0
        },
        {
          "date": 1691625600,
          "value": 16806.29
        },
        {
          "date": 1691712000,
          "value": 0.0
        },
        {
          "date": 1691798400,
          "value": 0.0
        },
        {
          "date": 1691884800,
          "value": 0.0
        },
        {
          "date": 1691971200,
          "value": 65563.61
        },
        {
          "date": 1692057600,
          "value": 0.0
        },
        {
          "date": 1692144000,
          "value": 13591.11
        },
        {
          "date": 1692230400,
          "value": 53651.43
        },
        {
          "date": 1692316800,
          "value": 0.0
        },
        {
          "date": 1692403200,
          "value": 0.0
        },
        {
          "date": 1692489600,
          "value": 0.0
        },
        {
          "date": 1692576000,
          "value": 0.0
        },
        {
          "date": 1692662400,
          "value": -5531.74
        },
        {
          "date": 1692748800,
          "value": -3102.35
        },
        {
          "date": 1692835200,
          "value": -4504.95
        },
        {
          "date": 1692921600,
          "value": 0.0
        },
        {
          "date": 1693008000,
          "value": 0.0
        },
        {
          "date": 1693094400,
          "value": 0.0
        },
        {
          "date": 1693180800,
          "value": 10407.07
        },
        {
          "date": 1693267200,
          "value": 58964.78
        },
        {
          "date": 1693353600,
          "value": -12291.76
        },
        {
          "date": 1693440000,
          "value": 66896.81
        },
        {
          "date": 1693526400,
          "value": 0.0
        },
        {
          "date": 1693612800,
          "value": 0.0
        },
        {
          "date": 1693699200,
          "value": 0.0
        },
        {
          "date": 1693785600,
          "value": 0.0
        },
        {
          "date": 1693872000,
          "value": 54378.31
        },
        {
          "date": 1693958400,
          "value": 20343.97
        },
        {
          "date": 1694044800,
          "value": -36711.44
        },
        {
          "date": 1694131200,
          "value": 0.0
        },
        {
          "date": 1694217600,
          "value": 0.0
        },
        {
          "date": 1694304000,
          "value": 0.0
        },
        {
          "date": 1694390400,
          "value": 0.0
        },
        {
          "date": 1694476800,
          "value": -2065.94
        },
        {
          "date": 1694563200,
          "value": 2789.77
        },
        {
          "date": 1694649600,
          "value": 45330.74
        },
        {
          "date": 1694736000,
          "value": 0.0
        },
        {
          "date": 1694822400,
          "value": 0.0
        },
        {
          "date": 1694908800,
          "value": 0.0
        },
        {
          "date": 1694995200,
          "value": -10785.88
        },
        {
          "date": 1695081600,
          "value": 0.0
        },
        {
          "date": 1695168000,
          "value": -12393.04
        },
        {
          "date": 1695254400,
          "value": 63515.35
        },
        {
          "date": 1695340800,
          "value": 0.0
        },
        {
          "date": 1695427200,
          "value": 0.0
        },
        {
          "date": 1695513600,
          "value": 0.0
        },
        {
          "date": 1695600000,
          "value": 0.0
        },
        {
          "date": 1695686400,
          "value": -25057.21
        },
        {
          "date": 1695772800,
          "value": 0.0
        },
        {
          "date": 1695859200,
          "value": -16904.72
        },
        {
          "date": 1695945600,
          "value": 0.0
        },
        {
          "date": 1696032000,
          "value": 0.0
        },
        {
          "date": 1696118400,
          "value": 0.0
        },
        {
          "date": 1696204800,
          "value": 0.0
        },
        {
          "date": 1696291200,
          "value": 14956.28
        },
        {
          "date": 1696377600,
          "value": 31920.46
        },
        {
          "date": 1696464000,
          "value": 45574.63
        },
        {
          "date": 1696550400,
          "value": 0.0
        },
        {
          "date": 1696636800,
          "value": 0.0
        },
        {
          "date": 1696723200,
          "value": 0.0
        },
        {
          "date": 1696809600,
          "value": 0.0
        },
        {
          "date": 1696896000,
          "value": 98150.63
        },
        {
          "date": 1696982400,
          "value": -10223.56
        },
        {
          "date": 1697068800,
          "value": 27371.81
        },
        {
          "date": 1697155200,
          "value": 0.0
        },
        {
          "date": 1697241600,
          "value": 0.0
        },
        {
          "date": 1697328000,
          "value": 0.0
        },
        {
          "date": 1697414400,
          "value": 0.0
        },
        {
          "date": 1697500800,
          "value": 88447.1
        },
        {
          "date": 1697587200,
          "value": 13947.13
        },
        {
          "date": 1697673600,
          "value": 14928.79
        },
        {
          "date": 1697760000,
          "value": 0.0
        },
        {
          "date": 1697846400,
          "value": 0.0
        },
        {
          "date": 1697932800,
          "value": 0.0
        },
        {
          "date": 1698019200,
          "value": 24458.03
        },
        {
          "date": 1698105600,
          "value": 0.0
        },
        {
          "date": 1698192000,
          "value": 0.0
        },
        {
          "date": 1698278400,
          "value": -20928.1
        },
        {
          "date": 1698364800,
          "value": 0.0
        },
        {
          "date": 1698451200,
          "value": 0.0
        },
        {
          "date": 1698537600,
          "value": 0.0
        },
        {
          "date": 1698624000,
          "value": 28201.45
        },
        {
          "date": 1698710400,
          "value": 16530.55
        },
        {
          "date": 1698796800,
          "value": 134365.29
        },
        {
          "date": 1698883200,
          "value": 33755.41
        },
        {
          "date": 1698969600,
          "value": 0.0
        },
        {
          "date": 1699056000,
          "value": 0.0
        },
        {
          "date": 1699142400,
          "value": 0.0
        },
        {
          "date": 1699228800,
          "value": 33329.05
        },
        {
          "date": 1699315200,
          "value": -88951.22
        },
        {
          "date": 1699401600,
          "value": 39937.37
        },
        {
          "date": 1699488000,
          "value": 104351.34
        },
        {
          "date": 1699574400,
          "value": 0.0
        },
        {
          "date": 1699660800,
          "value": 0.0
        },
        {
          "date": 1699747200,
          "value": 0.0
        },
        {
          "date": 1699833600,
          "value": 23062.13
        },
        {
          "date": 1699920000,
          "value": 0.0
        },
        {
          "date": 1700006400,
          "value": 101286.55
        },
        {
          "date": 1700092800,
          "value": -21881.63
        },
        {
          "date": 1700179200,
          "value": 0.0
        },
        {
          "date": 1700265600,
          "value": 0.0
        },
        {
          "date": 1700352000,
          "value": 0.0
        },
        {
          "date": 1700438400,
          "value": -27128.14
        },
        {
          "date": 1700524800,
          "value": 86738.15
        },
        {
          "date": 1700611200,
          "value": 46943.4
        },
        {
          "date": 1700697600,
          "value": 48679.59
        },
        {
          "date": 1700784000,
          "value": 51095.06
        },
        {
          "date": 1700870400,
          "value": 0.0
        },
        {
          "date": 1700956800,
          "value": 0.0
        },
        {
          "date": 1701043200,
          "value": 0.0
        },
        {
          "date": 1701129600,
          "value": -1968.59
        },
        {
          "date": 1701216000,
          "value": 0.0
        },
        {
          "date": 1701302400,
          "value": -7816.48
        },
        {
          "date": 1701388800,
          "value": 0.0
        },
        {
          "date": 1701475200,
          "value": 0.0
        },
        {
          "date": 1701561600,
          "value": 0.0
        },
        {
          "date": 1701648000,
          "value": -45141.36
        },
        {
          "date": 1701734400,
          "value": 13082.13
        },
        {
          "date": 1701820800,
          "value": 6350.27
        },
        {
          "date": 1701907200,
          "value": 82822.15
        },
        {
          "date": 1701993600,
          "value": 0.0
        },
        {
          "date": 1702080000,
          "value": 0.0
        },
        {
          "date": 1702166400,
          "value": 0.0
        },
        {
          "date": 1702252800,
          "value": -46876.92
        },
        {
          "date": 1702339200,
          "value": 16944.87
        },
        {
          "date": 1702425600,
          "value": 36911.55
        },
        {
          "date": 1702512000,
          "value": -40839.67
        },
        {
          "date": 1702598400,
          "value": 0.0
        },
        {
          "date": 1702684800,
          "value": 0.0
        },
        {
          "date": 1702771200,
          "value": 0.0
        },
        {
          "date": 1702857600,
          "value": 5070.14
        },
        {
          "date": 1702944000,
          "value": 24053.12
        },
        {
          "date": 1703030400,
          "value": 19107.62
        },
        {
          "date": 1703116800,
          "value": -670.9
        },
        {
          "date": 1703203200,
          "value": 6289.66
        },
        {
          "date": 1703289600,
          "value": 0.0
        },
        {
          "date": 1703376000,
          "value": 0.0
        },
        {
          "date": 1703462400,
          "value": 0.0
        },
        {
          "date": 1703548800,
          "value": -98728.06
        },
        {
          "date": 1703635200,
          "value": 0.0
        },
        {
          "date": 1703721600,
          "value": 46951.0
        },
        {
          "date": 1703808000,
          "value": 0.0
        },
        {
          "date": 1703894400,
          "value": 0.0
        },
        {
          "date": 1703980800,
          "value": 0.0
        }
      ],
      "calstartdate": "2023-01-01T00:00:00",
      "range": 12
    },
    {
      "data": [
        {
          "date": 1704067200,
          "value": 22192.69
        },
        {
          "date": 1704153600,
          "value": 49870.54
        },
        {
          "date": 1704240000,
          "value": 5911.29
        },
        {
          "date": 1704326400,
          "value": 74028.9
        },
        {
          "date": 1704412800,
          "value": 0.0
        },
        {
          "date": 1704499200,
          "value": 0.0
        },
        {
          "date": 1704585600,
          "value": 0.0
        },
        {
          "date": 1704672000,
          "value": -8778.57
        },
        {
          "date": 1704758400,
          "value": -34534.66
        },
        {
          "date": 1704844800,
          "value": -55041.42
        },
        {
          "date": 1704931200,
          "value": 27252.94
        },
        {
          "date": 1705017600,
          "value": 0.0
        },
        {
          "date": 1705104000,
          "value": 0.0
        },
        {
          "date": 1705190400,
          "value": 0.0
        },
        {
          "date": 1705276800,
          "value": 59717.46
        },
        {
          "date": 1705363200,
          "value": -69236.48
        },
        {
          "date": 1705449600,
          "value": -4123.65
        },
        {
          "date": 1705536000,
          "value": -48466.17
        },
        {
          "date": 1705622400,
          "value": 0.0
        },
        {
          "date": 1705708800,
          "value": 0.0
        },
        {
          "date": 1705795200,
          "value": 0.0
        },
        {
          "date": 1705881600,
          "value": 0.0
        },
        {
          "date": 1705968000,
          "value": 30983.33
        },
        {
          "date": 1706054400,
          "value": 0.0
        },
        {
          "date": 1706140800,
          "value": -13745.42
        },
        {
          "date": 1706227200,
          "value": 0.0
        },
        {
          "date": 1706313600,
          "value": 0.0
        },
        {
          "date": 1706400000,
          "value": 0.0
        },
        {
          "date": 1706486400,
          "value": -88982.46
        },
        {
          "date": 1706572800,
          "value": 36235.01
        },
        {
          "date": 1706659200,
          "value": -1126.56
        },
        {
          "date": 1706745600,
          "value": 107623.3
        },
        {
          "date": 1706832000,
          "value": 0.0
        },
        {
          "date": 1706918400,
          "value": 0.0
        },
        {
          "date": 1707004800,
          "value": 0.0
        },
        {
          "date": 1707091200,
          "value": -51567.31
        },
        {
          "date": 1707177600,
          "value": 57873.71
        },
        {
          "date": 1707264000,
          "value": 595.78
        },
        {
          "date": 1707350400,
          "value": -4921.67
        },
        {
          "date": 1707436800,
          "value": 0.0
        },
        {
          "date": 1707523200,
          "value": 0.0
        },
        {
          "date": 1707609600,
          "value": 0.0
        },
        {
          "date": 1707696000,
          "value": 30671.71
        },
        {
          "date": 1707782400,
          "value": 40281.75
        },
        {
          "date": 1707868800,
          "value": -16588.01
        },
        {
          "date": 1707955200,
          "value": 96244.38
        },
        {
          "date": 1708041600,
          "value": 0.0
        },
        {
          "date": 1708128000,
          "value": 0.0
        },
        {
          "date": 1708214400,
          "value": 0.0
        },
        {
          "date": 1708300800,
          "value": 25180.55
        },
        {
          "date": 1708387200,
          "value": 49525.59
        },
        {
          "date": 1708473600,
          "value": 33724.53
        },
        {
          "date": 1708560000,
          "value": 13036.61
        },
        {
          "date": 1708646400,
          "value": 0.0
        },
        {
          "date": 1708732800,
          "value": 0.0
        },
        {
          "date": 1708819200,
          "value": 0.0
        },
        {
          "date": 1708905600,
          "value": 18269.52
        },
        {
          "date": 1708992000,
          "value": 131043.66
        },
        {
          "date": 1709078400,
          "value": 0.0
        },
        {
          "date": 1709164800,
          "value": -137198.87
        },
        {
          "date": 1709251200,
          "value": 0.0
        },
        {
          "date": 1709337600,
          "value": 0.0
        },
        {
          "date": 1709424000,
          "value": 0.0
        },
        {
          "date": 1709510400,
          "value": 35015.25
        },
        {
          "date": 1709596800,
          "value": -41635.73
        },
        {
          "date": 1709683200,
          "value": -619.75
        },
        {
          "date": 1709769600,
          "value": 103875.74
        },
        {
          "date": 1709856000,
          "value": 0.0
        },
        {
          "date": 1709942400,
          "value": 0.0
        },
        {
          "date": 1710028800,
          "value": 0.0
        },
        {
          "date": 1710115200,
          "value": 76650.69
        },
        {
          "date": 1710201600,
          "value": 113814.07
        },
        {
          "date": 1710288000,
          "value": 47430.69
        },
        {
          "date": 1710374400,
          "value": 80771.33
        },
        {
          "date": 1710460800,
          "value": 0.0
        },
        {
          "date": 1710547200,
          "value": 0.0
        },
        {
          "date": 1710633600,
          "value": 0.0
        },
        {
          "date": 1710720000,
          "value": -8214.65
        },
        {
          "date": 1710806400,
          "value": -61717.99
        },
        {
          "date": 1710892800,
          "value": -24627.47
        }
      ],
      "calstartdate": "2024-01-01T00:00:00",
      "range": 12
    }
  ],
  "min": -78108.11300000006,
  "max": 102451.68549999998,
  "startyear": 2023,
  "endyear": 2024
}