[
  {
    "pnl": 0.0,
    "date": "2023-03-01T00:00:00",
    "weekday": "Mar 2023",
    "netpnl": 93551.097625
  },
  {
    "pnl": 0.0,
    "date": "2023-04-01T00:00:00",
    "weekday": "Apr 2023",
    "netpnl": 121212.88648799999
  },
  {
    "pnl": -72499.69504300001,
    "date": "2023-05-01T00:00:00",
    "weekday": "May 2023",
    "netpnl": 48713.191444999975
  },
  {
    "pnl": 0.0,
    "date": "2023-06-01T00:00:00",
    "weekday": "Jun 2023",
    "netpnl": 289471.732422
  },
  {
    "pnl": 0.0,
    "date": "2023-07-01T00:00:00",
    "weekday": "Jul 2023",
    "netpnl": 320704.85141699994
  },
  {
    "pnl": 0.0,
    "date": "2023-08-01T00:00:00",
    "weekday": "Aug 2023",
    "netpnl": 635993.776908
  },
  {
    "pnl": 0.0,
    "date": "2023-09-01T00:00:00",
    "weekday": "Sep 2023",
    "netpnl": 718433.692056
  },
  {
    "pnl": 0.0,
    "date": "2023-10-01T00:00:00",
    "weekday": "Oct 2023",
    "netpnl": 1091768.875648
  },
  {
    "pnl": 0.0,
    "date": "2023-11-01T00:00:00",
    "weekday": "Nov 2023",
    "netpnl": 1647566.15029
  },
  {
    "pnl": 0.0,
    "date": "2023-12-01T00:00:00",
    "weekday": "Dec 2023",
    "netpnl": 1672891.762907
  },
  {
    "pnl": -17843.23728,
    "date": "2024-01-01T00:00:00",
    "weekday": "Jan 2024",
    "netpnl": 1655048.525627
  },
  {
    "pnl": 0.0,
    "date": "2024-02-01T00:00:00",
    "weekday": "Feb 2024",
    "netpnl": 2048843.744783
  },
  {
    "pnl": 0.0,
    "date": "2024-03-01T00:00:00",
    "weekday": "Mar 2024",
    "netpnl": 2369585.92429
  }
]