{
  "capital": 0.0,
  "totaltradingdays": 184,
  "windays": 112,
  "lossdays": 72,
  "maxwinningstreakdays": 10,
  "maxlosingstreakdays": 4,
  "maxdddays": 59,
  "maxdddaysstr": "09/04/2023 to 07/06/2023",
  "rewardtorisk": 0.0,
  "winrate": 60.86956521739131,
  "lossrate": 39.130434782608695,
  "avgmonthlyprofit": 148099.1202681249,
  "totalprofit": 2369585.9242899986,
  "maxprofitaday": 134365.29,
  "maxlossaday": -137198.87,
  "avgprofit_lossdaily": 6582.183166666669,
  "avgprofitonprofitdays": 37138.83428571427,
  "avglossonlossdays": -24860.60416666666,
  "maxdrawdown": 204955.104176,
  "maxdrawdownper": 0.0,
  "avgmonthlyprofitstr": "1.48L",
  "totalprofitstr": "23.7L",
  "maxprofitadaystr": "1.34L",
  "maxlossadaystr": "-1.37L",
  "avgprofit_lossdailystr": "6.58K",
  "avgprofitonprofitdaysstr": "37.14K",
  "avglossonlossdaysstr": "-24.86K",
  "maxdrawdownstr": "2.05L",
  "expectancyratio": 0.0
}