[
  {
    "pnl": 96106.25,
    "date": "2023-03-27T00:00:00",
    "weekday": "Mar 2023",
    "netpnl": 93551.097625
  },
  {
    "pnl": 186567.5,
    "date": "2023-04-03T00:00:00",
    "weekday": "Apr 2023",
    "netpnl": 180932.312454
  },
  {
    "pnl": 152566.25,
    "date": "2023-04-10T00:00:00",
    "weekday": "Apr 2023",
    "netpnl": 143912.33180400002
  },
  {
    "pnl": 142041.25,
    "date": "2023-04-17T00:00:00",
    "weekday": "Apr 2023",
    "netpnl": 130590.25267700001
  },
  {
    "pnl": 135522.5,
    "date": "2023-04-24T00:00:00",
    "weekday": "Apr 2023",
    "netpnl": 121212.886488
  },
  {
    "pnl": 131828.75,
    "date": "2023-05-01T00:00:00",
    "weekday": "May 2023",
    "netpnl": 114903.624552
  },
  {
    "pnl": 110886.25,
    "date": "2023-05-08T00:00:00",
    "weekday": "May 2023",
    "netpnl": 87808.621714
  },
  {
    "pnl": 77237.0,
    "date": "2023-05-15T00:00:00",
    "weekday": "May 2023",
    "netpnl": 48310.568594
  },
  {
    "pnl": 74602.5,
    "date": "2023-05-22T00:00:00",
    "weekday": "May 2023",
    "netpnl": 40167.80047799999
  },
  {
    "pnl": 140468.25,
    "date": "2023-05-29T00:00:00",
    "weekday": "May 2023",
    "netpnl": 101331.17262299999
  },
  {
    "pnl": 250246.25,
    "date": "2023-06-05T00:00:00",
    "weekday": "Jun 2023",
    "netpnl": 206852.286561
  },
  {
    "pnl": 325099.5,
    "date": "2023-06-12T00:00:00",
    "weekday": "Jun 2023",
    "netpnl": 276977.45125
  },
  {
    "pnl": 314926.75,
    "date": "2023-06-19T00:00:00",
    "weekday": "Jun 2023",
    "netpnl": 262152.17455999996
  },
  {
    "pnl": 346659.5,
    "date": "2023-06-26T00:00:00",
    "weekday": "Jun 2023",
    "netpnl": 289471.732422
  },
  {
    "pnl": 424058.75,
    "date": "2023-07-03T00:00:00",
    "weekday": "Jul 2023",
    "netpnl": 361996.618477
  },
  {
    "pnl": 380142.0,
    "date": "2023-07-10T00:00:00",
    "weekday": "Jul 2023",
    "netpnl": 313325.259437
  },
  {
    "pnl": 370839.25,
    "date": "2023-07-17T00:00:00",
    "weekday": "Jul 2023",
    "netpnl": 298857.669779
  },
  {
    "pnl": 368268.25,
    "date": "2023-07-24T00:00:00",
    "weekday": "Jul 2023",
    "netpnl": 291396.961318
  },
  {
    "pnl": 433249.5,
    "date": "2023-07-31T00:00:00",
    "weekday": "Jul 2023",
    "netpnl": 351676.065
  },
  {
    "pnl": 477185.25,
    "date": "2023-08-07T00:00:00",
    "weekday": "Aug 2023",
    "netpnl": 392349.76288
  },
  {
    "pnl": 613647.25,
    "date": "2023-08-14T00:00:00",
    "weekday": "Aug 2023",
    "netpnl": 525155.912106
  },
  {
    "pnl": 603905.75,
    "date": "2023-08-21T00:00:00",
    "weekday": "Aug 2023",
    "netpnl": 512016.871215
  },
  {
    "pnl": 731662.25,
    "date": "2023-08-28T00:00:00",
    "weekday": "Aug 2023",
    "netpnl": 635993.776908
  },
  {
    "pnl": 773192.0,
    "date": "2023-09-04T00:00:00",
    "weekday": "Sep 2023",
    "netpnl": 674004.618053
  },
  {
    "pnl": 822769.25,
    "date": "2023-09-11T00:00:00",
    "weekday": "Sep 2023",
    "netpnl": 720059.1928419999
  },
  {
    "pnl": 866767.25,
    "date": "2023-09-18T00:00:00",
    "weekday": "Sep 2023",
    "netpnl": 760395.620606
  },
  {
    "pnl": 827145.5,
    "date": "2023-09-25T00:00:00",
    "weekday": "Sep 2023",
    "netpnl": 718433.692056
  },
  {
    "pnl": 923040.5,
    "date": "2023-10-02T00:00:00",
    "weekday": "Oct 2023",
    "netpnl": 810885.059782
  },
  {
    "pnl": 1041944.5,
    "date": "2023-10-09T00:00:00",
    "weekday": "Oct 2023",
    "netpnl": 926183.9398030001
  },
  {
    "pnl": 1162603.25,
    "date": "2023-10-16T00:00:00",
    "weekday": "Oct 2023",
    "netpnl": 1043506.955777
  },
  {
    "pnl": 1168517.75,
    "date": "2023-10-23T00:00:00",
    "weekday": "Oct 2023",
    "netpnl": 1047036.878166
  },
  {
    "pnl": 1386367.25,
    "date": "2023-10-30T00:00:00",
    "weekday": "Oct 2023",
    "netpnl": 1259889.575857
  },
  {
    "pnl": 1480173.0,
    "date": "2023-11-06T00:00:00",
    "weekday": "Nov 2023",
    "netpnl": 1348556.112846
  },
  {
    "pnl": 1586551.75,
    "date": "2023-11-13T00:00:00",
    "weekday": "Nov 2023",
    "netpnl": 1451023.1681189998
  },
  {
    "pnl": 1798745.0,
    "date": "2023-11-20T00:00:00",
    "weekday": "Nov 2023",
    "netpnl": 1657351.223661
  },
  {
    "pnl": 1791525.0,
    "date": "2023-11-27T00:00:00",
    "weekday": "Nov 2023",
    "netpnl": 1647566.15029
  },
  {
    "pnl": 1854793.0,
    "date": "2023-12-04T00:00:00",
    "weekday": "Dec 2023",
    "netpnl": 1704679.348167
  },
  {
    "pnl": 1826362.5,
    "date": "2023-12-11T00:00:00",
    "weekday": "Dec 2023",
    "netpnl": 1670819.182525
  },
  {
    "pnl": 1887082.75,
    "date": "2023-12-18T00:00:00",
    "weekday": "Dec 2023",
    "netpnl": 1724668.823668
  },
  {
    "pnl": 1838468.0,
    "date": "2023-12-25T00:00:00",
    "weekday": "Dec 2023",
    "netpnl": 1672891.762907
  },
  {
    "pnl": 1995558.5,
    "date": "2024-01-01T00:00:00",
    "weekday": "Jan 2024",
    "netpnl": 1824895.17814
  },
  {
    "pnl": 1930255.5,
    "date": "2024-01-08T00:00:00",
    "weekday": "Jan 2024",
    "netpnl": 1753793.472317
  },
  {
    "pnl": 1873749.5,
    "date": "2024-01-15T00:00:00",
    "weekday": "Jan 2024",
    "netpnl": 1691684.6220729998
  },
  {
    "pnl": 1894124.0,
    "date": "2024-01-22T00:00:00",
    "weekday": "Jan 2024",
    "netpnl": 1708922.529435
  },
  {
    "pnl": 1954029.75,
    "date": "2024-01-29T00:00:00",
    "weekday": "Jan 2024",
    "netpnl": 1762671.825311
  },
  {
    "pnl": 1962217.5,
    "date": "2024-02-05T00:00:00",
    "weekday": "Feb 2024",
    "netpnl": 1764652.326112
  },
  {
    "pnl": 2118386.5,
    "date": "2024-02-12T00:00:00",
    "weekday": "Feb 2024",
    "netpnl": 1915262.1507320001
  },
  {
    "pnl": 2244888.5,
    "date": "2024-02-19T00:00:00",
    "weekday": "Feb 2024",
    "netpnl": 2036729.430627
  },
  {
    "pnl": 2261594.25,
    "date": "2024-02-26T00:00:00",
    "weekday": "Feb 2024",
    "netpnl": 2048843.744783
  },
  {
    "pnl": 2363426.0,
    "date": "2024-03-04T00:00:00",
    "weekday": "Mar 2024",
    "netpnl": 2145479.2609820003
  },
  {
    "pnl": 2687340.5,
    "date": "2024-03-11T00:00:00",
    "weekday": "Mar 2024",
    "netpnl": 2464146.03329
  },
  {
    "pnl": 2596736.25,
    "date": "2024-03-18T00:00:00",
    "weekday": "Mar 2024",
    "netpnl": 2369585.92429
  }
]