[
  {
    "pnl": 0.0,
    "date": "2023-03-27T00:00:00",
    "weekday": "Mar 2023",
    "netpnl": 93551.097625
  },
  {
    "pnl": 0.0,
    "date": "2023-04-03T00:00:00",
    "weekday": "Apr 2023",
    "netpnl": 180932.312454
  },
  {
    "pnl": -37019.98064999998,
    "date": "2023-04-10T00:00:00",
    "weekday": "Apr 2023",
    "netpnl": 143912.33180400002
  },
  {
    "pnl": -50342.05977699999,
    "date": "2023-04-17T00:00:00",
    "weekday": "Apr 2023",
    "netpnl": 130590.25267700001
  },
  {
    "pnl": -59719.425965999995,
    "date": "2023-04-24T00:00:00",
    "weekday": "Apr 2023",
    "netpnl": 121212.886488
  },
  {
    "pnl": -66028.687902,
    "date": "2023-05-01T00:00:00",
    "weekday": "May 2023",
    "netpnl": 114903.624552
  },
  {
    "pnl": -93123.69074,
    "date": "2023-05-08T00:00:00",
    "weekday": "May 2023",
    "netpnl": 87808.621714
  },
  {
    "pnl": -132621.74386,
    "date": "2023-05-15T00:00:00",
    "weekday": "May 2023",
    "netpnl": 48310.568594
  },
  {
    "pnl": -140764.511976,
    "date": "2023-05-22T00:00:00",
    "weekday": "May 2023",
    "netpnl": 40167.80047799999
  },
  {
    "pnl": -79601.13983100001,
    "date": "2023-05-29T00:00:00",
    "weekday": "May 2023",
    "netpnl": 101331.17262299999
  },
  {
    "pnl": 0.0,
    "date": "2023-06-05T00:00:00",
    "weekday": "Jun 2023",
    "netpnl": 206852.286561
  },
  {
    "pnl": 0.0,
    "date": "2023-06-12T00:00:00",
    "weekday": "Jun 2023",
    "netpnl": 276977.45125
  },
  {
    "pnl": -14825.276690000028,
    "date": "2023-06-19T00:00:00",
    "weekday": "Jun 2023",
    "netpnl": 262152.17455999996
  },
  {
    "pnl": 0.0,
    "date": "2023-06-26T00:00:00",
    "weekday": "Jun 2023",
    "netpnl": 289471.732422
  },
  {
    "pnl": 0.0,
    "date": "2023-07-03T00:00:00",
    "weekday": "Jul 2023",
    "netpnl": 361996.618477
  },
  {
    "pnl": -48671.35904000001,
    "date": "2023-07-10T00:00:00",
    "weekday": "Jul 2023",
    "netpnl": 313325.259437
  },
  {
    "pnl": -63138.94869799999,
    "date": "2023-07-17T00:00:00",
    "weekday": "Jul 2023",
    "netpnl": 298857.669779
  },
  {
    "pnl": -70599.657159,
    "date": "2023-07-24T00:00:00",
    "weekday": "Jul 2023",
    "netpnl": 291396.961318
  },
  {
    "pnl": -10320.55347699998,
    "date": "2023-07-31T00:00:00",
    "weekday": "Jul 2023",
    "netpnl": 351676.065
  },
  {
    "pnl": 0.0,
    "date": "2023-08-07T00:00:00",
    "weekday": "Aug 2023",
    "netpnl": 392349.76288
  },
  {
    "pnl": 0.0,
    "date": "2023-08-14T00:00:00",
    "weekday": "Aug 2023",
    "netpnl": 525155.912106
  },
  {
    "pnl": -13139.040891000011,
    "date": "2023-08-21T00:00:00",
    "weekday": "Aug 2023",
    "netpnl": 512016.871215
  },
  {
    "pnl": 0.0,
    "date": "2023-08-28T00:00:00",
    "weekday": "Aug 2023",
    "netpnl": 635993.776908
  },
  {
    "pnl": 0.0,
    "date": "2023-09-04T00:00:00",
    "weekday": "Sep 2023",
    "netpnl": 674004.618053
  },
  {
    "pnl": 0.0,
    "date": "2023-09-11T00:00:00",
    "weekday": "Sep 2023",
    "netpnl": 720059.1928419999
  },
  {
    "pnl": 0.0,
    "date": "2023-09-18T00:00:00",
    "weekday": "Sep 2023",
    "netpnl": 760395.620606
  },
  {
    "pnl": -41961.92854999995,
    "date": "2023-09-25T00:00:00",
    "weekday": "Sep 2023",
    "netpnl": 718433.692056
  },
  {
    "pnl": 0.0,
    "date": "2023-10-02T00:00:00",
    "weekday": "Oct 2023",
    "netpnl": 810885.059782
  },
  {
    "pnl": 0.0,
    "date": "2023-10-09T00:00:00",
    "weekday": "Oct 2023",
    "netpnl": 926183.9398030001
  },
  {
    "pnl": 0.0,
    "date": "2023-10-16T00:00:00",
    "weekday": "Oct 2023",
    "netpnl": 1043506.955777
  },
  {
    "pnl": 0.0,
    "date": "2023-10-23T00:00:00",
    "weekday": "Oct 2023",
    "netpnl": 1047036.878166
  },
  {
    "pnl": 0.0,
    "date": "2023-10-30T00:00:00",
    "weekday": "Oct 2023",
    "netpnl": 1259889.575857
  },
  {
    "pnl": 0.0,
    "date": "2023-11-06T00:00:00",
    "weekday": "Nov 2023",
    "netpnl": 1348556.112846
  },
  {
    "pnl": 0.0,
    "date": "2023-11-13T00:00:00",
    "weekday": "Nov 2023",
    "netpnl": 1451023.1681189998
  },
  {
    "pnl": 0.0,
    "date": "2023-11-20T00:00:00",
    "weekday": "Nov 2023",
    "netpnl": 1657351.223661
  },
  {
    "pnl": -9785.07337099989,
    "date": "2023-11-27T00:00:00",
    "weekday": "Nov 2023",
    "netpnl": 1647566.15029
  },
  {
    "pnl": 0.0,
    "date": "2023-12-04T00:00:00",
    "weekday": "Dec 2023",
    "netpnl": 1704679.348167
  },
  {
    "pnl": -33860.165642000036,
    "date": "2023-12-11T00:00:00",
    "weekday": "Dec 2023",
    "netpnl": 1670819.182525
  },
  {
    "pnl": 0.0,
    "date": "2023-12-18T00:00:00",
    "weekday": "Dec 2023",
    "netpnl": 1724668.823668
  },
  {
    "pnl": -51777.06076100003,
    "date": "2023-12-25T00:00:00",
    "weekday": "Dec 2023",
    "netpnl": 1672891.762907
  },
  {
    "pnl": 0.0,
    "date": "2024-01-01T00:00:00",
    "weekday": "Jan 2024",
    "netpnl": 1824895.17814
  },
  {
    "pnl": -71101.70582300005,
    "date": "2024-01-08T00:00:00",
    "weekday": "Jan 2024",
    "netpnl": 1753793.472317
  },
  {
    "pnl": -133210.55606700014,
    "date": "2024-01-15T00:00:00",
    "weekday": "Jan 2024",
    "netpnl": 1691684.6220729998
  },
  {
    "pnl": -115972.64870500006,
    "date": "2024-01-22T00:00:00",
    "weekday": "Jan 2024",
    "netpnl": 1708922.529435
  },
  {
    "pnl": -62223.35282899998,
    "date": "2024-01-29T00:00:00",
    "weekday": "Jan 2024",
    "netpnl": 1762671.825311
  },
  {
    "pnl": -60242.852027999936,
    "date": "2024-02-05T00:00:00",
    "weekday": "Feb 2024",
    "netpnl": 1764652.326112
  },
  {
    "pnl": 0.0,
    "date": "2024-02-12T00:00:00",
    "weekday": "Feb 2024",
    "netpnl": 1915262.1507320001
  },
  {
    "pnl": 0.0,
    "date": "2024-02-19T00:00:00",
    "weekday": "Feb 2024",
    "netpnl": 2036729.430627
  },
  {
    "pnl": 0.0,
    "date": "2024-02-26T00:00:00",
    "weekday": "Feb 2024",
    "netpnl": 2048843.744783
  },
  {
    "pnl": 0.0,
    "date": "2024-03-04T00:00:00",
    "weekday": "Mar 2024",
    "netpnl": 2145479.2609820003
  },
  {
    "pnl": 0.0,
    "date": "2024-03-11T00:00:00",
    "weekday": "Mar 2024",
    "netpnl": 2464146.03329
  },
  {
    "pnl": -94560.10900000017,
    "date": "2024-03-18T00:00:00",
    "weekday": "Mar 2024",
    "netpnl": 2369585.92429
  }
]