[
  {
    "pnl": 108935.0,
    "netpnl": 107623.299684,
    "date": "2024-02-04T00:00:00",
    "weekday": "Feb 2024",
    "charges": 1311.700316,
    "color": null
  },
  {
    "pnl": 8187.75,
    "netpnl": 1980.5008009999947,
    "date": "2024-02-11T00:00:00",
    "weekday": "Feb 2024",
    "charges": 6207.249199,
    "color": null
  },
  {
    "pnl": 156169.0,
    "netpnl": 150609.82462,
    "date": "2024-02-18T00:00:00",
    "weekday": "Feb 2024",
    "charges": 5559.17538,
    "color": null
  },
  {
    "pnl": 126502.0,
    "netpnl": 121467.279895,
    "date": "2024-02-25T00:00:00",
    "weekday": "Feb 2024",
    "charges": 5034.720105,
    "color": null
  },
  {
    "pnl": 16705.75,
    "netpnl": 12114.314156000008,
    "date": "2024-03-03T00:00:00",
    "weekday": "Mar 2024",
    "charges": 4591.435844,
    "color": null
  }
]