[
  {
    "pnl": 108935.0,
    "date": "2024-02-04T00:00:00",
    "weekday": "Feb 2024",
    "netpnl": 107623.299684
  },
  {
    "pnl": 117122.75,
    "date": "2024-02-11T00:00:00",
    "weekday": "Feb 2024",
    "netpnl": 109603.80048499999
  },
  {
    "pnl": 273291.75,
    "date": "2024-02-18T00:00:00",
    "weekday": "Feb 2024",
    "netpnl": 260213.62510499998
  },
  {
    "pnl": 399793.75,
    "date": "2024-02-25T00:00:00",
    "weekday": "Feb 2024",
    "netpnl": 381680.90499999997
  },
  {
    "pnl": 416499.5,
    "date": "2024-03-03T00:00:00",
    "weekday": "Mar 2024",
    "netpnl": 393795.21915599995
  }
]