[
  {
    "pnl": 0.0,
    "date": "2024-01-21T00:00:00",
    "weekday": "Jan 2024",
    "netpnl": 0.0
  },
  {
    "pnl": 0.0,
    "date": "2024-01-22T00:00:00",
    "weekday": "Jan 2024",
    "netpnl": 0.0
  },
  {
    "pnl": 32592.0,
    "date": "2024-01-23T00:00:00",
    "weekday": "Jan 2024",
    "netpnl": 30983.328546
  },
  {
    "pnl": 32592.0,
    "date": "2024-01-24T00:00:00",
    "weekday": "Jan 2024",
    "netpnl": 30983.328546
  },
  {
    "pnl": 20374.5,
    "date": "2024-01-25T00:00:00",
    "weekday": "Jan 2024",
    "netpnl": 17237.907362
  },
  {
    "pnl": 20374.5,
    "date": "2024-01-26T00:00:00",
    "weekday": "Jan 2024",
    "netpnl": 17237.907362
  },
  {
    "pnl": 20374.5,
    "date": "2024-01-27T00:00:00",
    "weekday": "Jan 2024",
    "netpnl": 17237.907362
  },
  {
    "pnl": 20374.5,
    "date": "2024-01-28T00:00:00",
    "weekday": "Jan 2024",
    "netpnl": 17237.907362
  },
  {
    "pnl": -67206.75,
    "date": "2024-01-29T00:00:00",
    "weekday": "Jan 2024",
    "netpnl": -71744.548109
  },
  {
    "pnl": -29296.75,
    "date": "2024-01-30T00:00:00",
    "weekday": "Jan 2024",
    "netpnl": -35509.536007999995
  },
  {
    "pnl": -28654.75,
    "date": "2024-01-31T00:00:00",
    "weekday": "Jan 2024",
    "netpnl": -36636.096445999996
  },
  {
    "pnl": 80280.25,
    "date": "2024-02-01T00:00:00",
    "weekday": "Feb 2024",
    "netpnl": 70987.203238
  },
  {
    "pnl": 80280.25,
    "date": "2024-02-02T00:00:00",
    "weekday": "Feb 2024",
    "netpnl": 70987.203238
  },
  {
    "pnl": 80280.25,
    "date": "2024-02-03T00:00:00",
    "weekday": "Feb 2024",
    "netpnl": 70987.203238
  },
  {
    "pnl": 80280.25,
    "date": "2024-02-04T00:00:00",
    "weekday": "Feb 2024",
    "netpnl": 70987.203238
  },
  {
    "pnl": 30281.5,
    "date": "2024-02-05T00:00:00",
    "weekday": "Feb 2024",
    "netpnl": 19419.891248
  },
  {
    "pnl": 89669.5,
    "date": "2024-02-06T00:00:00",
    "weekday": "Feb 2024",
    "netpnl": 77293.600576
  },
  {
    "pnl": 91708.0,
    "date": "2024-02-07T00:00:00",
    "weekday": "Feb 2024",
    "netpnl": 77889.378762
  },
  {
    "pnl": 88468.0,
    "date": "2024-02-08T00:00:00",
    "weekday": "Feb 2024",
    "netpnl": 72967.70403899999
  },
  {
    "pnl": 88468.0,
    "date": "2024-02-09T00:00:00",
    "weekday": "Feb 2024",
    "netpnl": 72967.70403899999
  },
  {
    "pnl": 88468.0,
    "date": "2024-02-10T00:00:00",
    "weekday": "Feb 2024",
    "netpnl": 72967.70403899999
  },
  {
    "pnl": 88468.0,
    "date": "2024-02-11T00:00:00",
    "weekday": "Feb 2024",
    "netpnl": 72967.70403899999
  },
  {
    "pnl": 120354.25,
    "date": "2024-02-12T00:00:00",
    "weekday": "Feb 2024",
    "netpnl": 103639.41529599999
  },
  {
    "pnl": 162092.25,
    "date": "2024-02-13T00:00:00",
    "weekday": "Feb 2024",
    "netpnl": 143921.165216
  },
  {
    "pnl": 147064.5,
    "date": "2024-02-14T00:00:00",
    "weekday": "Feb 2024",
    "netpnl": 127333.15084799999
  },
  {
    "pnl": 244637.0,
    "date": "2024-02-15T00:00:00",
    "weekday": "Feb 2024",
    "netpnl": 223577.528659
  },
  {
    "pnl": 244637.0,
    "date": "2024-02-16T00:00:00",
    "weekday": "Feb 2024",
    "netpnl": 223577.528659
  },
  {
    "pnl": 244637.0,
    "date": "2024-02-17T00:00:00",
    "weekday": "Feb 2024",
    "netpnl": 223577.528659
  },
  {
    "pnl": 244637.0,
    "date": "2024-02-18T00:00:00",
    "weekday": "Feb 2024",
    "netpnl": 223577.528659
  },
  {
    "pnl": 270879.5,
    "date": "2024-02-19T00:00:00",
    "weekday": "Feb 2024",
    "netpnl": 248758.073973
  },
  {
    "pnl": 321725.5,
    "date": "2024-02-20T00:00:00",
    "weekday": "Feb 2024",
    "netpnl": 298283.663467
  },
  {
    "pnl": 356659.0,
    "date": "2024-02-21T00:00:00",
    "weekday": "Feb 2024",
    "netpnl": 332008.19435
  },
  {
    "pnl": 371139.0,
    "date": "2024-02-22T00:00:00",
    "weekday": "Feb 2024",
    "netpnl": 345044.808554
  },
  {
    "pnl": 371139.0,
    "date": "2024-02-23T00:00:00",
    "weekday": "Feb 2024",
    "netpnl": 345044.808554
  },
  {
    "pnl": 371139.0,
    "date": "2024-02-24T00:00:00",
    "weekday": "Feb 2024",
    "netpnl": 345044.808554
  },
  {
    "pnl": 371139.0,
    "date": "2024-02-25T00:00:00",
    "weekday": "Feb 2024",
    "netpnl": 345044.808554
  },
  {
    "pnl": 390905.25,
    "date": "2024-02-26T00:00:00",
    "weekday": "Feb 2024",
    "netpnl": 363314.326082
  },
  {
    "pnl": 523257.25,
    "date": "2024-02-27T00:00:00",
    "weekday": "Feb 2024",
    "netpnl": 494357.988426
  },
  {
    "pnl": 523257.25,
    "date": "2024-02-28T00:00:00",
    "weekday": "Feb 2024",
    "netpnl": 494357.988426
  },
  {
    "pnl": 387844.75,
    "date": "2024-02-29T00:00:00",
    "weekday": "Feb 2024",
    "netpnl": 357159.12271
  },
  {
    "pnl": 387844.75,
    "date": "2024-03-01T00:00:00",
    "weekday": "Mar 2024",
    "netpnl": 357159.12271
  },
  {
    "pnl": 387844.75,
    "date": "2024-03-02T00:00:00",
    "weekday": "Mar 2024",
    "netpnl": 357159.12271
  },
  {
    "pnl": 387844.75,
    "date": "2024-03-03T00:00:00",
    "weekday": "Mar 2024",
    "netpnl": 357159.12271
  },
  {
    "pnl": 424163.5,
    "date": "2024-03-04T00:00:00",
    "weekday": "Mar 2024",
    "netpnl": 392174.370819
  },
  {
    "pnl": 383953.5,
    "date": "2024-03-05T00:00:00",
    "weekday": "Mar 2024",
    "netpnl": 350538.644016
  },
  {
    "pnl": 384624.0,
    "date": "2024-03-06T00:00:00",
    "weekday": "Mar 2024",
    "netpnl": 349918.894126
  },
  {
    "pnl": 489676.5,
    "date": "2024-03-07T00:00:00",
    "weekday": "Mar 2024",
    "netpnl": 453794.638909
  },
  {
    "pnl": 489676.5,
    "date": "2024-03-08T00:00:00",
    "weekday": "Mar 2024",
    "netpnl": 453794.638909
  },
  {
    "pnl": 489676.5,
    "date": "2024-03-09T00:00:00",
    "weekday": "Mar 2024",
    "netpnl": 453794.638909
  },
  {
    "pnl": 489676.5,
    "date": "2024-03-10T00:00:00",
    "weekday": "Mar 2024",
    "netpnl": 453794.638909
  },
  {
    "pnl": 567597.75,
    "date": "2024-03-11T00:00:00",
    "weekday": "Mar 2024",
    "netpnl": 530445.330112
  },
  {
    "pnl": 682899.75,
    "date": "2024-03-12T00:00:00",
    "weekday": "Mar 2024",
    "netpnl": 644259.397818
  },
  {
    "pnl": 731548.5,
    "date": "2024-03-13T00:00:00",
    "weekday": "Mar 2024",
    "netpnl": 691690.0836430001
  },
  {
    "pnl": 813591.0,
    "date": "2024-03-14T00:00:00",
    "weekday": "Mar 2024",
    "netpnl": 772461.4112170001
  },
  {
    "pnl": 813591.0,
    "date": "2024-03-15T00:00:00",
    "weekday": "Mar 2024",
    "netpnl": 772461.4112170001
  },
  {
    "pnl": 813591.0,
    "date": "2024-03-16T00:00:00",
    "weekday": "Mar 2024",
    "netpnl": 772461.4112170001
  },
  {
    "pnl": 813591.0,
    "date": "2024-03-17T00:00:00",
    "weekday": "Mar 2024",
    "netpnl": 772461.4112170001
  },
  {
    "pnl": 806664.75,
    "date": "2024-03-18T00:00:00",
    "weekday": "Mar 2024",
    "netpnl": 764246.7628120001
  },
  {
    "pnl": 746176.75,
    "date": "2024-03-19T00:00:00",
    "weekday": "Mar 2024",
    "netpnl": 702528.7748230001
  },
  {
    "pnl": 722986.75,
    "date": "2024-03-20T00:00:00",
    "weekday": "Mar 2024",
    "netpnl": 677901.302217
  }
]