{
  "items": [
    {
      "data": [
        {
          "date": 1705795200,
          "value": 0.0
        },
        {
          "date": 1705881600,
          "value": 0.0
        },
        {
          "date": 1705968000,
          "value": 30983.33
        },
        {
          "date": 1706054400,
          "value": 0.0
        },
        {
          "date": 1706140800,
          "value": -13745.42
        },
        {
          "date": 1706227200,
          "value": 0.0
        },
        {
          "date": 1706313600,
          "value": 0.0
        },
        {
          "date": 1706400000,
          "value": 0.0
        },
        {
          "date": 1706486400,
          "value": -88982.46
        },
        {
          "date": 1706572800,
          "value": 36235.01
        },
        {
          "date": 1706659200,
          "value": -1126.56
        },
        {
          "date": 1706745600,
          "value": 107623.3
        },
        {
          "date": 1706832000,
          "value": 0.0
        },
        {
          "date": 1706918400,
          "value": 0.0
        },
        {
          "date": 1707004800,
          "value": 0.0
        },
        {
          "date": 1707091200,
          "value": -51567.31
        },
        {
          "date": 1707177600,
          "value": 57873.71
        },
        {
          "date": 1707264000,
          "value": 595.78
        },
        {
          "date": 1707350400,
          "value": -4921.67
        },
        {
          "date": 1707436800,
          "value": 0.0
        },
        {
          "date": 1707523200,
          "value": 0.0
        },
        {
          "date": 1707609600,
          "value": 0.0
        },
        {
          "date": 1707696000,
          "value": 30671.71
        },
        {
          "date": 1707782400,
          "value": 40281.75
        },
        {
          "date": 1707868800,
          "value": -16588.01
        },
        {
          "date": 1707955200,
          "value": 96244.38
        },
        {
          "date": 1708041600,
          "value": 0.0
        },
        {
          "date": 1708128000,
          "value": 0.0
        },
        {
          "date": 1708214400,
          "value": 0.0
        },
        {
          "date": 1708300800,
          "value": 25180.55
        },
        {
          "date": 1708387200,
          "value": 49525.59
        },
        {
          "date": 1708473600,
          "value": 33724.53
        },
        {
          "date": 1708560000,
          "value": 13036.61
        },
        {
          "date": 1708646400,
          "value": 0.0
        },
        {
          "date": 1708732800,
          "value": 0.0
        },
        {
          "date": 1708819200,
          "value": 0.0
        },
        {
          "date": 1708905600,
          "value": 18269.52
        },
        {
          "date": 1708992000,
          "value": 131043.66
        },
        {
          "date": 1709078400,
          "value": 0.0
        },
        {
          "date": 1709164800,
          "value": -137198.87
        },
        {
          "date": 1709251200,
          "value": 0.0
        },
        {
          "date": 1709337600,
          "value": 0.0
        },
        {
          "date": 1709424000,
          "value": 0.0
        },
        {
          "date": 1709510400,
          "value": 35015.25
        },
        {
          "date": 1709596800,
          "value": -41635.73
        },
        {
          "date": 1709683200,
          "value": -619.75
        },
        {
          "date": 1709769600,
          "value": 103875.74
        },
        {
          "date": 1709856000,
          "value": 0.0
        },
        {
          "date": 1709942400,
          "value": 0.0
        },
        {
          "date": 1710028800,
          "value": 0.0
        },
        {
          "date": 1710115200,
          "value": 76650.69
        },
        {
          "date": 1710201600,
          "value": 113814.07
        },
        {
          "date": 1710288000,
          "value": 47430.69
        },
        {
          "date": 1710374400,
          "value": 80771.33
        },
        {
          "date": 1710460800,
          "value": 0.0
        },
        {
          "date": 1710547200,
          "value": 0.0
        },
        {
          "date": 1710633600,
          "value": 0.0
        },
        {
          "date": 1710720000,
          "value": -8214.65
        },
        {
          "date": 1710806400,
          "value": -61717.99
        },
        {
          "date": 1710892800,
          "value": -24627.47
        }
      ],
      "calstartdate": "2024-01-01T00:00:00",
      "range": 12
    }
  ],
  "min": -110679.84449999996,
  "max": 114675.54950000002,
  "startyear": 2024,
  "endyear": 2024
}