[
  {
    "pnl": -28654.75,
    "netpnl": -36636.096445999996,
    "date": "2024-01-01T00:00:00",
    "weekday": "Jan 2024",
    "charges": 7981.346446,
    "color": null
  },
  {
    "pnl": 416499.5,
    "netpnl": 393795.21915599995,
    "date": "2024-02-01T00:00:00",
    "weekday": "Feb 2024",
    "charges": 22704.280844,
    "color": null
  },
  {
    "pnl": 335142.0,
    "netpnl": 320742.17950699996,
    "date": "2024-03-01T00:00:00",
    "weekday": "Mar 2024",
    "charges": 14399.820493,
    "color": null
  }
]