{
  "capital": 0.0,
  "totaltradingdays": 32,
  "windays": 20,
  "lossdays": 12,
  "maxwinningstreakdays": 7,
  "maxlosingstreakdays": 3,
  "maxdddays": 11,
  "maxdddaysstr": "28/02/2024 to 10/03/2024",
  "rewardtorisk": 0.0,
  "winrate": 62.5,
  "lossrate": 37.5,
  "avgmonthlyprofit": 338950.6511085,
  "totalprofit": 677901.302217,
  "maxprofitaday": 131043.66,
  "maxlossaday": -137198.87,
  "avgprofit_lossdaily": 11298.355166666668,
  "avgprofitonprofitdays": 56442.36000000001,
  "avglossonlossdays": -37578.824166666665,
  "maxdrawdown": 144439.0943,
  "maxdrawdownper": 0.0,
  "avgmonthlyprofitstr": "3.39L",
  "totalprofitstr": "6.78L",
  "maxprofitadaystr": "1.31L",
  "maxlossadaystr": "-1.37L",
  "avgprofit_lossdailystr": "11.3K",
  "avgprofitonprofitdaysstr": "56.44K",
  "avglossonlossdaysstr": "-37.58K",
  "maxdrawdownstr": "1.44L",
  "expectancyratio": 0.0
}