[
  {
    "pnl": 0.0,
    "date": "2024-01-15T00:00:00",
    "weekday": "Jan 2024",
    "netpnl": 0.0
  },
  {
    "pnl": 0.0,
    "date": "2024-01-22T00:00:00",
    "weekday": "Jan 2024",
    "netpnl": 17237.907362
  },
  {
    "pnl": 0.0,
    "date": "2024-01-29T00:00:00",
    "weekday": "Jan 2024",
    "netpnl": 70987.203238
  },
  {
    "pnl": 0.0,
    "date": "2024-02-05T00:00:00",
    "weekday": "Feb 2024",
    "netpnl": 72967.704039
  },
  {
    "pnl": 0.0,
    "date": "2024-02-12T00:00:00",
    "weekday": "Feb 2024",
    "netpnl": 223577.528659
  },
  {
    "pnl": 0.0,
    "date": "2024-02-19T00:00:00",
    "weekday": "Feb 2024",
    "netpnl": 345044.808554
  },
  {
    "pnl": 0.0,
    "date": "2024-02-26T00:00:00",
    "weekday": "Feb 2024",
    "netpnl": 357159.12270999997
  },
  {
    "pnl": 0.0,
    "date": "2024-03-04T00:00:00",
    "weekday": "Mar 2024",
    "netpnl": 453794.638909
  },
  {
    "pnl": 0.0,
    "date": "2024-03-11T00:00:00",
    "weekday": "Mar 2024",
    "netpnl": 772461.411217
  },
  {
    "pnl": -94560.10900000005,
    "date": "2024-03-18T00:00:00",
    "weekday": "Mar 2024",
    "netpnl": 677901.3022169999
  }
]