{
  "capital": 0.0,
  "totaltradingdays": 0,
  "windays": 0,
  "lossdays": 0,
  "maxwinningstreakdays": 0,
  "maxlosingstreakdays": 0,
  "maxdddays": 0,
  "maxdddaysstr": " to ",
  "rewardtorisk": 0.0,
  "winrate": 0.0,
  "lossrate": 0.0,
  "avgmonthlyprofit": 0.0,
  "totalprofit": 0.0,
  "maxprofitaday": 0.0,
  "maxlossaday": 0.0,
  "avgprofit_lossdaily": 0.0,
  "avgprofitonprofitdays": 0.0,
  "avglossonlossdays": 0.0,
  "maxdrawdown": 0.0,
  "maxdrawdownper": 0.0,
  "avgmonthlyprofitstr": "",
  "totalprofitstr": "",
  "maxprofitadaystr": "",
  "maxlossadaystr": "",
  "avgprofit_lossdailystr": "",
  "avgprofitonprofitdaysstr": "",
  "avglossonlossdaysstr": "",
  "maxdrawdownstr": "",
  "expectancyratio": 0.0
}