{
  "realisedpnl": {
    "endvalue": 2.2345875,
    "actualvalue": 223458.75,
    "decimalplaces": 2,
    "suffix": "L",
    "color": "#f5803e",
    "name": "Realised PNL",
    "prefix": "+"
  },
  "totalpnl": {
    "endvalue": 2.3112769761,
    "actualvalue": 231127.69761,
    "decimalplaces": 2,
    "suffix": "L",
    "color": "#f5803e",
    "name": "Total PNL",
    "prefix": ""
  },
  "chargestaxes": {
    "endvalue": 7.66894761,
    "actualvalue": 7668.94761,
    "decimalplaces": 2,
    "suffix": "K",
    "color": "#27bcfd",
    "name": "Charges Taxes",
    "prefix": ""
  },
  "netrealisedpnl": {
    "endvalue": 2.1578980239,
    "actualvalue": 215789.80239,
    "decimalplaces": 2,
    "suffix": "L",
    "color": "#00d27a",
    "name": "NetRealised PNL",
    "prefix": "+"
  },
  "unrealisedpnl": {
    "endvalue": 0.0,
    "actualvalue": 0.0,
    "decimalplaces": 2,
    "suffix": "",
    "color": "#2c7be5",
    "name": "Unrealised PNL",
    "prefix": ""
  },
  "name": null,
  "total": 0,
  "totaltradingdays": 0,
  "barchart": null,
  "winrate": 75.0,
  "pnlddratio": 2.665179814829506,
  "maxdrawdownint": 0.0,
  "maxdrawdown": null,
  "maxdate": null,
  "mindate": null
}