[
  {
    "pnl": 7585.17,
    "pnlstr": null,
    "date": "2024-02-20T00:00:00",
    "weekday": "Feb 2024",
    "charges": 0.0,
    "color": null
  },
  {
    "pnl": 15519.51,
    "pnlstr": null,
    "date": "2024-02-21T00:00:00",
    "weekday": "Feb 2024",
    "charges": 0.0,
    "color": null
  },
  {
    "pnl": 31910.28,
    "pnlstr": null,
    "date": "2024-02-22T00:00:00",
    "weekday": "Feb 2024",
    "charges": 0.0,
    "color": null
  },
  {
    "pnl": -66556.86,
    "pnlstr": null,
    "date": "2024-02-23T00:00:00",
    "weekday": "Feb 2024",
    "charges": 0.0,
    "color": null
  },
  {
    "pnl": 0.0,
    "pnlstr": null,
    "date": "2024-02-24T00:00:00",
    "weekday": "Feb 2024",
    "charges": 0.0,
    "color": null
  },
  {
    "pnl": 0.0,
    "pnlstr": null,
    "date": "2024-02-25T00:00:00",
    "weekday": "Feb 2024",
    "charges": 0.0,
    "color": null
  },
  {
    "pnl": 2353.18,
    "pnlstr": null,
    "date": "2024-02-26T00:00:00",
    "weekday": "Feb 2024",
    "charges": 0.0,
    "color": null
  },
  {
    "pnl": -4660.27,
    "pnlstr": null,
    "date": "2024-02-27T00:00:00",
    "weekday": "Feb 2024",
    "charges": 0.0,
    "color": null
  },
  {
    "pnl": 26393.67,
    "pnlstr": null,
    "date": "2024-02-28T00:00:00",
    "weekday": "Feb 2024",
    "charges": 0.0,
    "color": null
  },
  {
    "pnl": -38496.05,
    "pnlstr": null,
    "date": "2024-02-29T00:00:00",
    "weekday": "Feb 2024",
    "charges": 0.0,
    "color": null
  },
  {
    "pnl": 29113.53,
    "pnlstr": null,
    "date": "2024-03-01T00:00:00",
    "weekday": "Mar 2024",
    "charges": 0.0,
    "color": null
  },
  {
    "pnl": 0.0,
    "pnlstr": null,
    "date": "2024-03-02T00:00:00",
    "weekday": "Mar 2024",
    "charges": 0.0,
    "color": null
  },
  {
    "pnl": 0.0,
    "pnlstr": null,
    "date": "2024-03-03T00:00:00",
    "weekday": "Mar 2024",
    "charges": 0.0,
    "color": null
  },
  {
    "pnl": 33105.25,
    "pnlstr": null,
    "date": "2024-03-04T00:00:00",
    "weekday": "Mar 2024",
    "charges": 0.0,
    "color": null
  },
  {
    "pnl": 13688.0,
    "pnlstr": null,
    "date": "2024-03-05T00:00:00",
    "weekday": "Mar 2024",
    "charges": 0.0,
    "color": null
  },
  {
    "pnl": 31802.72,
    "pnlstr": null,
    "date": "2024-03-06T00:00:00",
    "weekday": "Mar 2024",
    "charges": 0.0,
    "color": null
  },
  {
    "pnl": 35105.06,
    "pnlstr": null,
    "date": "2024-03-07T00:00:00",
    "weekday": "Mar 2024",
    "charges": 0.0,
    "color": null
  },
  {
    "pnl": 0.0,
    "pnlstr": null,
    "date": "2024-03-08T00:00:00",
    "weekday": "Mar 2024",
    "charges": 0.0,
    "color": null
  },
  {
    "pnl": 0.0,
    "pnlstr": null,
    "date": "2024-03-09T00:00:00",
    "weekday": "Mar 2024",
    "charges": 0.0,
    "color": null
  },
  {
    "pnl": 0.0,
    "pnlstr": null,
    "date": "2024-03-10T00:00:00",
    "weekday": "Mar 2024",
    "charges": 0.0,
    "color": null
  },
  {
    "pnl": 48720.74,
    "pnlstr": null,
    "date": "2024-03-11T00:00:00",
    "weekday": "Mar 2024",
    "charges": 0.0,
    "color": null
  },
  {
    "pnl": -70326.86,
    "pnlstr": null,
    "date": "2024-03-12T00:00:00",
    "weekday": "Mar 2024",
    "charges": 0.0,
    "color": null
  },
  {
    "pnl": 50129.8,
    "pnlstr": null,
    "date": "2024-03-13T00:00:00",
    "weekday": "Mar 2024",
    "charges": 0.0,
    "color": null
  },
  {
    "pnl": -9037.32,
    "pnlstr": null,
    "date": "2024-03-14T00:00:00",
    "weekday": "Mar 2024",
    "charges": 0.0,
    "color": null
  },
  {
    "pnl": 14524.77,
    "pnlstr": null,
    "date": "2024-03-15T00:00:00",
    "weekday": "Mar 2024",
    "charges": 0.0,
    "color": null
  },
  {
    "pnl": 0.0,
    "pnlstr": null,
    "date": "2024-03-16T00:00:00",
    "weekday": "Mar 2024",
    "charges": 0.0,
    "color": null
  },
  {
    "pnl": 0.0,
    "pnlstr": null,
    "date": "2024-03-17T00:00:00",
    "weekday": "Mar 2024",
    "charges": 0.0,
    "color": null
  },
  {
    "pnl": 22787.37,
    "pnlstr": null,
    "date": "2024-03-18T00:00:00",
    "weekday": "Mar 2024",
    "charges": 0.0,
    "color": null
  },
  {
    "pnl": 42128.1,
    "pnlstr": null,
    "date": "2024-03-19T00:00:00",
    "weekday": "Mar 2024",
    "charges": 0.0,
    "color": null
  }
]