[
  {
    "pnl": 7878.0,
    "netpnl": 7585.174863,
    "date": "2024-02-20T00:00:00",
    "weekday": "Feb 2024",
    "charges": 292.8251369999999,
    "color": null
  },
  {
    "pnl": 15756.75,
    "netpnl": 15519.506104,
    "date": "2024-02-21T00:00:00",
    "weekday": "Feb 2024",
    "charges": 237.24389600000003,
    "color": null
  },
  {
    "pnl": 32088.75,
    "netpnl": 31910.282205,
    "date": "2024-02-22T00:00:00",
    "weekday": "Feb 2024",
    "charges": 178.467795,
    "color": null
  },
  {
    "pnl": -65697.75,
    "netpnl": -66556.857165,
    "date": "2024-02-23T00:00:00",
    "weekday": "Feb 2024",
    "charges": 859.107165,
    "color": null
  },
  {
    "pnl": 0.0,
    "netpnl": 0.0,
    "date": "2024-02-24T00:00:00",
    "weekday": "Feb 2024",
    "charges": 0.0,
    "color": null
  },
  {
    "pnl": 0.0,
    "netpnl": 0.0,
    "date": "2024-02-25T00:00:00",
    "weekday": "Feb 2024",
    "charges": 0.0,
    "color": null
  },
  {
    "pnl": 2717.25,
    "netpnl": 2353.183563,
    "date": "2024-02-26T00:00:00",
    "weekday": "Feb 2024",
    "charges": 364.066437,
    "color": null
  },
  {
    "pnl": -4322.25,
    "netpnl": -4660.268132,
    "date": "2024-02-27T00:00:00",
    "weekday": "Feb 2024",
    "charges": 338.01813200000004,
    "color": null
  },
  {
    "pnl": 26501.25,
    "netpnl": 26393.673095,
    "date": "2024-02-28T00:00:00",
    "weekday": "Feb 2024",
    "charges": 107.576905,
    "color": null
  },
  {
    "pnl": -38216.25,
    "netpnl": -38496.051603,
    "date": "2024-02-29T00:00:00",
    "weekday": "Feb 2024",
    "charges": 279.801603,
    "color": null
  },
  {
    "pnl": 29298.0,
    "netpnl": 29113.531301,
    "date": "2024-03-01T00:00:00",
    "weekday": "Mar 2024",
    "charges": 184.46869900000002,
    "color": null
  },
  {
    "pnl": 0.0,
    "netpnl": 0.0,
    "date": "2024-03-02T00:00:00",
    "weekday": "Mar 2024",
    "charges": 0.0,
    "color": null
  },
  {
    "pnl": 0.0,
    "netpnl": 0.0,
    "date": "2024-03-03T00:00:00",
    "weekday": "Mar 2024",
    "charges": 0.0,
    "color": null
  },
  {
    "pnl": 33313.5,
    "netpnl": 33105.250688,
    "date": "2024-03-04T00:00:00",
    "weekday": "Mar 2024",
    "charges": 208.249312,
    "color": null
  },
  {
    "pnl": 14066.25,
    "netpnl": 13688.002224,
    "date": "2024-03-05T00:00:00",
    "weekday": "Mar 2024",
    "charges": 378.247776,
    "color": null
  },
  {
    "pnl": 32122.5,
    "netpnl": 31802.72146,
    "date": "2024-03-06T00:00:00",
    "weekday": "Mar 2024",
    "charges": 319.77854,
    "color": null
  },
  {
    "pnl": 35333.25,
    "netpnl": 35105.063887,
    "date": "2024-03-07T00:00:00",
    "weekday": "Mar 2024",
    "charges": 228.186113,
    "color": null
  },
  {
    "pnl": 0.0,
    "netpnl": 0.0,
    "date": "2024-03-08T00:00:00",
    "weekday": "Mar 2024",
    "charges": 0.0,
    "color": null
  },
  {
    "pnl": 0.0,
    "netpnl": 0.0,
    "date": "2024-03-09T00:00:00",
    "weekday": "Mar 2024",
    "charges": 0.0,
    "color": null
  },
  {
    "pnl": 0.0,
    "netpnl": 0.0,
    "date": "2024-03-10T00:00:00",
    "weekday": "Mar 2024",
    "charges": 0.0,
    "color": null
  },
  {
    "pnl": 48899.25,
    "netpnl": 48720.738756,
    "date": "2024-03-11T00:00:00",
    "weekday": "Mar 2024",
    "charges": 178.51124399999998,
    "color": null
  },
  {
    "pnl": -69842.25,
    "netpnl": -70326.857631,
    "date": "2024-03-12T00:00:00",
    "weekday": "Mar 2024",
    "charges": 484.607631,
    "color": null
  },
  {
    "pnl": 50548.5,
    "netpnl": 50129.801608,
    "date": "2024-03-13T00:00:00",
    "weekday": "Mar 2024",
    "charges": 418.698392,
    "color": null
  },
  {
    "pnl": -8151.75,
    "netpnl": -9037.321056,
    "date": "2024-03-14T00:00:00",
    "weekday": "Mar 2024",
    "charges": 885.571056,
    "color": null
  },
  {
    "pnl": 15105.0,
    "netpnl": 14524.765648,
    "date": "2024-03-15T00:00:00",
    "weekday": "Mar 2024",
    "charges": 580.2343520000001,
    "color": null
  },
  {
    "pnl": 0.0,
    "netpnl": 0.0,
    "date": "2024-03-16T00:00:00",
    "weekday": "Mar 2024",
    "charges": 0.0,
    "color": null
  },
  {
    "pnl": 0.0,
    "netpnl": 0.0,
    "date": "2024-03-17T00:00:00",
    "weekday": "Mar 2024",
    "charges": 0.0,
    "color": null
  },
  {
    "pnl": 23529.75,
    "netpnl": 22787.365571,
    "date": "2024-03-18T00:00:00",
    "weekday": "Mar 2024",
    "charges": 742.3844290000001,
    "color": null
  },
  {
    "pnl": 42531.0,
    "netpnl": 42128.097004,
    "date": "2024-03-19T00:00:00",
    "weekday": "Mar 2024",
    "charges": 402.902996,
    "color": null
  }
]