{
  "items": [
    {
      "data": [
        {
          "date": 1708387200,
          "value": 7585.17
        },
        {
          "date": 1708473600,
          "value": 15519.51
        },
        {
          "date": 1708560000,
          "value": 31910.28
        },
        {
          "date": 1708646400,
          "value": -66556.86
        },
        {
          "date": 1708732800,
          "value": 0.0
        },
        {
          "date": 1708819200,
          "value": 0.0
        },
        {
          "date": 1708905600,
          "value": 2353.18
        },
        {
          "date": 1708992000,
          "value": -4660.27
        },
        {
          "date": 1709078400,
          "value": 26393.67
        },
        {
          "date": 1709164800,
          "value": -38496.05
        },
        {
          "date": 1709251200,
          "value": 29113.53
        },
        {
          "date": 1709337600,
          "value": 0.0
        },
        {
          "date": 1709424000,
          "value": 0.0
        },
        {
          "date": 1709510400,
          "value": 33105.25
        },
        {
          "date": 1709596800,
          "value": 13688.0
        },
        {
          "date": 1709683200,
          "value": 31802.72
        },
        {
          "date": 1709769600,
          "value": 35105.06
        },
        {
          "date": 1709856000,
          "value": 0.0
        },
        {
          "date": 1709942400,
          "value": 0.0
        },
        {
          "date": 1710028800,
          "value": 0.0
        },
        {
          "date": 1710115200,
          "value": 48720.74
        },
        {
          "date": 1710201600,
          "value": -70326.86
        },
        {
          "date": 1710288000,
          "value": 50129.8
        },
        {
          "date": 1710374400,
          "value": -9037.32
        },
        {
          "date": 1710460800,
          "value": 14524.77
        },
        {
          "date": 1710547200,
          "value": 0.0
        },
        {
          "date": 1710633600,
          "value": 0.0
        },
        {
          "date": 1710720000,
          "value": 22787.37
        },
        {
          "date": 1710806400,
          "value": 42128.1
        }
      ],
      "calstartdate": "2024-01-01T00:00:00",
      "range": 12
    }
  ],
  "min": -69572.86,
  "max": 49143.458,
  "startyear": 2024,
  "endyear": 2024
}