{
  "capital": 0.0,
  "totaltradingdays": 20,
  "windays": 15,
  "lossdays": 5,
  "maxwinningstreakdays": 6,
  "maxlosingstreakdays": 1,
  "maxdddays": 12,
  "maxdddaysstr": "22/02/2024 to 05/03/2024",
  "rewardtorisk": 0.0,
  "winrate": 75.0,
  "lossrate": 25.0,
  "avgmonthlyprofit": 215789.80239000003,
  "totalprofit": 215789.80239000003,
  "maxprofitaday": 50129.8,
  "maxlossaday": -70326.86,
  "avgprofit_lossdaily": 7441.02724137931,
  "avgprofitonprofitdays": 26991.14333333333,
  "avglossonlossdays": -37815.472,
  "maxdrawdown": 80966.32024199999,
  "maxdrawdownper": 0.0,
  "avgmonthlyprofitstr": "2.16L",
  "totalprofitstr": "2.16L",
  "maxprofitadaystr": "50.13K",
  "maxlossadaystr": "-70.33K",
  "avgprofit_lossdailystr": "7.44K",
  "avgprofitonprofitdaysstr": "26.99K",
  "avglossonlossdaysstr": "-37.82K",
  "maxdrawdownstr": "80.97K",
  "expectancyratio": 0.0
}