[
  {
    "pnl": -9974.25,
    "date": "2024-02-25T00:00:00",
    "weekday": "Feb 2024",
    "netpnl": -11541.89399299999
  },
  {
    "pnl": 6003.75,
    "date": "2024-03-03T00:00:00",
    "weekday": "Mar 2024",
    "netpnl": 3162.174231000008
  },
  {
    "pnl": 120839.25,
    "date": "2024-03-10T00:00:00",
    "weekday": "Mar 2024",
    "netpnl": 116863.21249
  },
  {
    "pnl": 157398.0,
    "date": "2024-03-17T00:00:00",
    "weekday": "Mar 2024",
    "netpnl": 150874.339815
  },
  {
    "pnl": 223458.75,
    "date": "2024-03-24T00:00:00",
    "weekday": "Mar 2024",
    "netpnl": 215789.80239000003
  }
]