[
  {
    "pnl": 0.0,
    "date": "2023-09-12T00:00:00",
    "weekday": "Sep 2023",
    "netpnl": 8938.926272
  },
  {
    "pnl": -2423.385104,
    "date": "2023-09-13T00:00:00",
    "weekday": "Sep 2023",
    "netpnl": 6515.541168000001
  },
  {
    "pnl": 0.0,
    "date": "2023-09-14T00:00:00",
    "weekday": "Sep 2023",
    "netpnl": 29061.525672
  },
  {
    "pnl": 0.0,
    "date": "2023-09-15T00:00:00",
    "weekday": "Sep 2023",
    "netpnl": 31744.617156
  },
  {
    "pnl": 0.0,
    "date": "2023-09-16T00:00:00",
    "weekday": "Sep 2023",
    "netpnl": 31744.617156
  },
  {
    "pnl": 0.0,
    "date": "2023-09-17T00:00:00",
    "weekday": "Sep 2023",
    "netpnl": 31744.617156
  },
  {
    "pnl": 0.0,
    "date": "2023-09-18T00:00:00",
    "weekday": "Sep 2023",
    "netpnl": 46760.412768
  },
  {
    "pnl": 0.0,
    "date": "2023-09-19T00:00:00",
    "weekday": "Sep 2023",
    "netpnl": 46760.412768
  },
  {
    "pnl": 0.0,
    "date": "2023-09-20T00:00:00",
    "weekday": "Sep 2023",
    "netpnl": 85155.931532
  },
  {
    "pnl": 0.0,
    "date": "2023-09-21T00:00:00",
    "weekday": "Sep 2023",
    "netpnl": 102152.34325800001
  },
  {
    "pnl": -66359.535281,
    "date": "2023-09-22T00:00:00",
    "weekday": "Sep 2023",
    "netpnl": 35792.807977000004
  },
  {
    "pnl": -66359.535281,
    "date": "2023-09-23T00:00:00",
    "weekday": "Sep 2023",
    "netpnl": 35792.807977000004
  },
  {
    "pnl": -66359.535281,
    "date": "2023-09-24T00:00:00",
    "weekday": "Sep 2023",
    "netpnl": 35792.807977000004
  },
  {
    "pnl": -62710.882073,
    "date": "2023-09-25T00:00:00",
    "weekday": "Sep 2023",
    "netpnl": 39441.46118500001
  },
  {
    "pnl": -62605.250228,
    "date": "2023-09-26T00:00:00",
    "weekday": "Sep 2023",
    "netpnl": 39547.09303000001
  },
  {
    "pnl": -36845.737095,
    "date": "2023-09-27T00:00:00",
    "weekday": "Sep 2023",
    "netpnl": 65306.60616300001
  },
  {
    "pnl": -16411.663075999997,
    "date": "2023-09-28T00:00:00",
    "weekday": "Sep 2023",
    "netpnl": 85740.68018200001
  },
  {
    "pnl": -15183.817144999994,
    "date": "2023-09-29T00:00:00",
    "weekday": "Sep 2023",
    "netpnl": 86968.52611300001
  },
  {
    "pnl": -15183.817144999994,
    "date": "2023-09-30T00:00:00",
    "weekday": "Sep 2023",
    "netpnl": 86968.52611300001
  },
  {
    "pnl": -15183.817144999994,
    "date": "2023-10-01T00:00:00",
    "weekday": "Oct 2023",
    "netpnl": 86968.52611300001
  },
  {
    "pnl": -15183.817144999994,
    "date": "2023-10-02T00:00:00",
    "weekday": "Oct 2023",
    "netpnl": 86968.52611300001
  },
  {
    "pnl": -9630.439263999986,
    "date": "2023-10-03T00:00:00",
    "weekday": "Oct 2023",
    "netpnl": 92521.90399400002
  },
  {
    "pnl": 0.0,
    "date": "2023-10-04T00:00:00",
    "weekday": "Oct 2023",
    "netpnl": 114563.90766600001
  },
  {
    "pnl": -16049.585898000005,
    "date": "2023-10-05T00:00:00",
    "weekday": "Oct 2023",
    "netpnl": 98514.32176800001
  },
  {
    "pnl": -26766.701251000006,
    "date": "2023-10-06T00:00:00",
    "weekday": "Oct 2023",
    "netpnl": 87797.20641500001
  },
  {
    "pnl": -26766.701251000006,
    "date": "2023-10-07T00:00:00",
    "weekday": "Oct 2023",
    "netpnl": 87797.20641500001
  },
  {
    "pnl": -26766.701251000006,
    "date": "2023-10-08T00:00:00",
    "weekday": "Oct 2023",
    "netpnl": 87797.20641500001
  },
  {
    "pnl": -17597.275805000012,
    "date": "2023-10-09T00:00:00",
    "weekday": "Oct 2023",
    "netpnl": 96966.631861
  },
  {
    "pnl": -3372.1038460000127,
    "date": "2023-10-10T00:00:00",
    "weekday": "Oct 2023",
    "netpnl": 111191.80382
  },
  {
    "pnl": -3349.8997940000118,
    "date": "2023-10-11T00:00:00",
    "weekday": "Oct 2023",
    "netpnl": 111214.007872
  },
  {
    "pnl": 0.0,
    "date": "2023-10-12T00:00:00",
    "weekday": "Oct 2023",
    "netpnl": 117991.355328
  },
  {
    "pnl": -31580.058026999992,
    "date": "2023-10-13T00:00:00",
    "weekday": "Oct 2023",
    "netpnl": 86411.29730100001
  },
  {
    "pnl": -31580.058026999992,
    "date": "2023-10-14T00:00:00",
    "weekday": "Oct 2023",
    "netpnl": 86411.29730100001
  },
  {
    "pnl": -31580.058026999992,
    "date": "2023-10-15T00:00:00",
    "weekday": "Oct 2023",
    "netpnl": 86411.29730100001
  },
  {
    "pnl": -64946.08417999999,
    "date": "2023-10-16T00:00:00",
    "weekday": "Oct 2023",
    "netpnl": 53045.271148000014
  },
  {
    "pnl": -46968.56204799999,
    "date": "2023-10-17T00:00:00",
    "weekday": "Oct 2023",
    "netpnl": 71022.79328000001
  },
  {
    "pnl": -43116.67568199999,
    "date": "2023-10-18T00:00:00",
    "weekday": "Oct 2023",
    "netpnl": 74874.67964600002
  },
  {
    "pnl": -36076.72392099998,
    "date": "2023-10-19T00:00:00",
    "weekday": "Oct 2023",
    "netpnl": 81914.63140700002
  },
  {
    "pnl": -25073.12874299998,
    "date": "2023-10-20T00:00:00",
    "weekday": "Oct 2023",
    "netpnl": 92918.22658500003
  },
  {
    "pnl": -25073.12874299998,
    "date": "2023-10-21T00:00:00",
    "weekday": "Oct 2023",
    "netpnl": 92918.22658500003
  },
  {
    "pnl": -25073.12874299998,
    "date": "2023-10-22T00:00:00",
    "weekday": "Oct 2023",
    "netpnl": 92918.22658500003
  },
  {
    "pnl": -6163.349863999974,
    "date": "2023-10-23T00:00:00",
    "weekday": "Oct 2023",
    "netpnl": 111828.00546400003
  },
  {
    "pnl": -6163.349863999974,
    "date": "2023-10-24T00:00:00",
    "weekday": "Oct 2023",
    "netpnl": 111828.00546400003
  },
  {
    "pnl": -5324.036457999973,
    "date": "2023-10-25T00:00:00",
    "weekday": "Oct 2023",
    "netpnl": 112667.31887000003
  },
  {
    "pnl": 0.0,
    "date": "2023-10-26T00:00:00",
    "weekday": "Oct 2023",
    "netpnl": 145495.41933200002
  },
  {
    "pnl": 0.0,
    "date": "2023-10-27T00:00:00",
    "weekday": "Oct 2023",
    "netpnl": 179284.66930100002
  },
  {
    "pnl": 0.0,
    "date": "2023-10-28T00:00:00",
    "weekday": "Oct 2023",
    "netpnl": 179284.66930100002
  },
  {
    "pnl": 0.0,
    "date": "2023-10-29T00:00:00",
    "weekday": "Oct 2023",
    "netpnl": 179284.66930100002
  },
  {
    "pnl": -11170.417760000011,
    "date": "2023-10-30T00:00:00",
    "weekday": "Oct 2023",
    "netpnl": 168114.251541
  },
  {
    "pnl": 0.0,
    "date": "2023-10-31T00:00:00",
    "weekday": "Oct 2023",
    "netpnl": 189470.437733
  },
  {
    "pnl": 0.0,
    "date": "2023-11-01T00:00:00",
    "weekday": "Nov 2023",
    "netpnl": 215164.060295
  },
  {
    "pnl": 0.0,
    "date": "2023-11-02T00:00:00",
    "weekday": "Nov 2023",
    "netpnl": 265419.842876
  },
  {
    "pnl": -7691.9654579999915,
    "date": "2023-11-03T00:00:00",
    "weekday": "Nov 2023",
    "netpnl": 257727.877418
  },
  {
    "pnl": -7691.9654579999915,
    "date": "2023-11-04T00:00:00",
    "weekday": "Nov 2023",
    "netpnl": 257727.877418
  },
  {
    "pnl": -7691.9654579999915,
    "date": "2023-11-05T00:00:00",
    "weekday": "Nov 2023",
    "netpnl": 257727.877418
  },
  {
    "pnl": 0.0,
    "date": "2023-11-06T00:00:00",
    "weekday": "Nov 2023",
    "netpnl": 268527.059093
  },
  {
    "pnl": 0.0,
    "date": "2023-11-07T00:00:00",
    "weekday": "Nov 2023",
    "netpnl": 311288.749351
  },
  {
    "pnl": -25829.567205999978,
    "date": "2023-11-08T00:00:00",
    "weekday": "Nov 2023",
    "netpnl": 285459.182145
  },
  {
    "pnl": -51610.60966499997,
    "date": "2023-11-09T00:00:00",
    "weekday": "Nov 2023",
    "netpnl": 259678.13968600004
  },
  {
    "pnl": -81849.13792999997,
    "date": "2023-11-10T00:00:00",
    "weekday": "Nov 2023",
    "netpnl": 229439.61142100004
  },
  {
    "pnl": -81849.13792999997,
    "date": "2023-11-11T00:00:00",
    "weekday": "Nov 2023",
    "netpnl": 229439.61142100004
  },
  {
    "pnl": -85808.55130999998,
    "date": "2023-11-12T00:00:00",
    "weekday": "Nov 2023",
    "netpnl": 225480.19804100003
  },
  {
    "pnl": -123411.46080299997,
    "date": "2023-11-13T00:00:00",
    "weekday": "Nov 2023",
    "netpnl": 187877.28854800004
  },
  {
    "pnl": -123411.46080299997,
    "date": "2023-11-14T00:00:00",
    "weekday": "Nov 2023",
    "netpnl": 187877.28854800004
  },
  {
    "pnl": -127333.72457799996,
    "date": "2023-11-15T00:00:00",
    "weekday": "Nov 2023",
    "netpnl": 183955.02477300004
  },
  {
    "pnl": -107657.81234599996,
    "date": "2023-11-16T00:00:00",
    "weekday": "Nov 2023",
    "netpnl": 203630.93700500004
  },
  {
    "pnl": -143614.44545699997,
    "date": "2023-11-17T00:00:00",
    "weekday": "Nov 2023",
    "netpnl": 167674.30389400004
  },
  {
    "pnl": -143614.44545699997,
    "date": "2023-11-18T00:00:00",
    "weekday": "Nov 2023",
    "netpnl": 167674.30389400004
  },
  {
    "pnl": -143614.44545699997,
    "date": "2023-11-19T00:00:00",
    "weekday": "Nov 2023",
    "netpnl": 167674.30389400004
  },
  {
    "pnl": -190564.21159599995,
    "date": "2023-11-20T00:00:00",
    "weekday": "Nov 2023",
    "netpnl": 120724.53775500004
  },
  {
    "pnl": -210515.15793999995,
    "date": "2023-11-21T00:00:00",
    "weekday": "Nov 2023",
    "netpnl": 100773.59141100004
  },
  {
    "pnl": -192948.93383599995,
    "date": "2023-11-22T00:00:00",
    "weekday": "Nov 2023",
    "netpnl": 118339.81551500005
  },
  {
    "pnl": -211080.17301099995,
    "date": "2023-11-23T00:00:00",
    "weekday": "Nov 2023",
    "netpnl": 100208.57634000006
  },
  {
    "pnl": -221626.92889099993,
    "date": "2023-11-24T00:00:00",
    "weekday": "Nov 2023",
    "netpnl": 89661.82046000006
  },
  {
    "pnl": -221626.92889099993,
    "date": "2023-11-25T00:00:00",
    "weekday": "Nov 2023",
    "netpnl": 89661.82046000006
  },
  {
    "pnl": -221626.92889099993,
    "date": "2023-11-26T00:00:00",
    "weekday": "Nov 2023",
    "netpnl": 89661.82046000006
  },
  {
    "pnl": -221626.92889099993,
    "date": "2023-11-27T00:00:00",
    "weekday": "Nov 2023",
    "netpnl": 89661.82046000006
  },
  {
    "pnl": -224116.87865799994,
    "date": "2023-11-28T00:00:00",
    "weekday": "Nov 2023",
    "netpnl": 87171.87069300006
  },
  {
    "pnl": -235880.19901499996,
    "date": "2023-11-29T00:00:00",
    "weekday": "Nov 2023",
    "netpnl": 75408.55033600006
  },
  {
    "pnl": -218609.21448399994,
    "date": "2023-11-30T00:00:00",
    "weekday": "Nov 2023",
    "netpnl": 92679.53486700005
  },
  {
    "pnl": -212568.25502999994,
    "date": "2023-12-01T00:00:00",
    "weekday": "Dec 2023",
    "netpnl": 98720.49432100005
  },
  {
    "pnl": -212568.25502999994,
    "date": "2023-12-02T00:00:00",
    "weekday": "Dec 2023",
    "netpnl": 98720.49432100005
  },
  {
    "pnl": -212568.25502999994,
    "date": "2023-12-03T00:00:00",
    "weekday": "Dec 2023",
    "netpnl": 98720.49432100005
  },
  {
    "pnl": -212568.25502999994,
    "date": "2023-12-04T00:00:00",
    "weekday": "Dec 2023",
    "netpnl": 98720.49432100005
  },
  {
    "pnl": -190285.99081799996,
    "date": "2023-12-05T00:00:00",
    "weekday": "Dec 2023",
    "netpnl": 121002.75853300004
  },
  {
    "pnl": -159200.17567599996,
    "date": "2023-12-06T00:00:00",
    "weekday": "Dec 2023",
    "netpnl": 152088.57367500005
  },
  {
    "pnl": -159942.09292599995,
    "date": "2023-12-07T00:00:00",
    "weekday": "Dec 2023",
    "netpnl": 151346.65642500005
  },
  {
    "pnl": -175382.83241799995,
    "date": "2023-12-08T00:00:00",
    "weekday": "Dec 2023",
    "netpnl": 135905.91693300006
  },
  {
    "pnl": -175382.83241799995,
    "date": "2023-12-09T00:00:00",
    "weekday": "Dec 2023",
    "netpnl": 135905.91693300006
  },
  {
    "pnl": -175382.83241799995,
    "date": "2023-12-10T00:00:00",
    "weekday": "Dec 2023",
    "netpnl": 135905.91693300006
  },
  {
    "pnl": -206198.93634999995,
    "date": "2023-12-11T00:00:00",
    "weekday": "Dec 2023",
    "netpnl": 105089.81300100006
  },
  {
    "pnl": -200917.31714799994,
    "date": "2023-12-12T00:00:00",
    "weekday": "Dec 2023",
    "netpnl": 110371.43220300006
  },
  {
    "pnl": -179725.16068099995,
    "date": "2023-12-13T00:00:00",
    "weekday": "Dec 2023",
    "netpnl": 131563.58867000006
  },
  {
    "pnl": -158640.50706099995,
    "date": "2023-12-14T00:00:00",
    "weekday": "Dec 2023",
    "netpnl": 152648.24229000005
  },
  {
    "pnl": -139118.19133799995,
    "date": "2023-12-15T00:00:00",
    "weekday": "Dec 2023",
    "netpnl": 172170.55801300006
  },
  {
    "pnl": -139118.19133799995,
    "date": "2023-12-16T00:00:00",
    "weekday": "Dec 2023",
    "netpnl": 172170.55801300006
  },
  {
    "pnl": -139118.19133799995,
    "date": "2023-12-17T00:00:00",
    "weekday": "Dec 2023",
    "netpnl": 172170.55801300006
  },
  {
    "pnl": -137092.33304399994,
    "date": "2023-12-18T00:00:00",
    "weekday": "Dec 2023",
    "netpnl": 174196.41630700006
  },
  {
    "pnl": -114338.98443699995,
    "date": "2023-12-19T00:00:00",
    "weekday": "Dec 2023",
    "netpnl": 196949.76491400006
  },
  {
    "pnl": -125374.77802199995,
    "date": "2023-12-20T00:00:00",
    "weekday": "Dec 2023",
    "netpnl": 185913.97132900005
  },
  {
    "pnl": -154537.60619399996,
    "date": "2023-12-21T00:00:00",
    "weekday": "Dec 2023",
    "netpnl": 156751.14315700004
  },
  {
    "pnl": -129646.09213599996,
    "date": "2023-12-22T00:00:00",
    "weekday": "Dec 2023",
    "netpnl": 181642.65721500004
  },
  {
    "pnl": -129646.09213599996,
    "date": "2023-12-23T00:00:00",
    "weekday": "Dec 2023",
    "netpnl": 181642.65721500004
  },
  {
    "pnl": -129646.09213599996,
    "date": "2023-12-24T00:00:00",
    "weekday": "Dec 2023",
    "netpnl": 181642.65721500004
  },
  {
    "pnl": -129646.09213599996,
    "date": "2023-12-25T00:00:00",
    "weekday": "Dec 2023",
    "netpnl": 181642.65721500004
  },
  {
    "pnl": -130877.89171299996,
    "date": "2023-12-26T00:00:00",
    "weekday": "Dec 2023",
    "netpnl": 180410.85763800004
  },
  {
    "pnl": -120199.11586199995,
    "date": "2023-12-27T00:00:00",
    "weekday": "Dec 2023",
    "netpnl": 191089.63348900006
  },
  {
    "pnl": -98417.74772599994,
    "date": "2023-12-28T00:00:00",
    "weekday": "Dec 2023",
    "netpnl": 212871.00162500006
  },
  {
    "pnl": -88797.86427299996,
    "date": "2023-12-29T00:00:00",
    "weekday": "Dec 2023",
    "netpnl": 222490.88507800005
  },
  {
    "pnl": -88797.86427299996,
    "date": "2023-12-30T00:00:00",
    "weekday": "Dec 2023",
    "netpnl": 222490.88507800005
  },
  {
    "pnl": -88797.86427299996,
    "date": "2023-12-31T00:00:00",
    "weekday": "Dec 2023",
    "netpnl": 222490.88507800005
  },
  {
    "pnl": -76250.75404099995,
    "date": "2024-01-01T00:00:00",
    "weekday": "Jan 2024",
    "netpnl": 235037.99531000006
  },
  {
    "pnl": -71173.79805399996,
    "date": "2024-01-02T00:00:00",
    "weekday": "Jan 2024",
    "netpnl": 240114.95129700005
  },
  {
    "pnl": -82004.41608599995,
    "date": "2024-01-03T00:00:00",
    "weekday": "Jan 2024",
    "netpnl": 229284.33326500005
  },
  {
    "pnl": -85273.66013199996,
    "date": "2024-01-04T00:00:00",
    "weekday": "Jan 2024",
    "netpnl": 226015.08921900004
  },
  {
    "pnl": -72772.57214399998,
    "date": "2024-01-05T00:00:00",
    "weekday": "Jan 2024",
    "netpnl": 238516.17720700003
  },
  {
    "pnl": -72772.57214399998,
    "date": "2024-01-06T00:00:00",
    "weekday": "Jan 2024",
    "netpnl": 238516.17720700003
  },
  {
    "pnl": -72772.57214399998,
    "date": "2024-01-07T00:00:00",
    "weekday": "Jan 2024",
    "netpnl": 238516.17720700003
  },
  {
    "pnl": -139175.26874099998,
    "date": "2024-01-08T00:00:00",
    "weekday": "Jan 2024",
    "netpnl": 172113.48061000003
  },
  {
    "pnl": -114901.75341299997,
    "date": "2024-01-09T00:00:00",
    "weekday": "Jan 2024",
    "netpnl": 196386.99593800004
  },
  {
    "pnl": -94529.38840699996,
    "date": "2024-01-10T00:00:00",
    "weekday": "Jan 2024",
    "netpnl": 216759.36094400004
  },
  {
    "pnl": -82021.71764099997,
    "date": "2024-01-11T00:00:00",
    "weekday": "Jan 2024",
    "netpnl": 229267.03171000004
  },
  {
    "pnl": -77306.06050199998,
    "date": "2024-01-12T00:00:00",
    "weekday": "Jan 2024",
    "netpnl": 233982.68884900003
  },
  {
    "pnl": -77306.06050199998,
    "date": "2024-01-13T00:00:00",
    "weekday": "Jan 2024",
    "netpnl": 233982.68884900003
  },
  {
    "pnl": -77306.06050199998,
    "date": "2024-01-14T00:00:00",
    "weekday": "Jan 2024",
    "netpnl": 233982.68884900003
  },
  {
    "pnl": -130329.10544899997,
    "date": "2024-01-15T00:00:00",
    "weekday": "Jan 2024",
    "netpnl": 180959.64390200004
  },
  {
    "pnl": -133863.12756199998,
    "date": "2024-01-16T00:00:00",
    "weekday": "Jan 2024",
    "netpnl": 177425.62178900003
  },
  {
    "pnl": -74426.32040399997,
    "date": "2024-01-17T00:00:00",
    "weekday": "Jan 2024",
    "netpnl": 236862.42894700004
  },
  {
    "pnl": -63734.368303999974,
    "date": "2024-01-18T00:00:00",
    "weekday": "Jan 2024",
    "netpnl": 247554.38104700003
  },
  {
    "pnl": -10211.429715999984,
    "date": "2024-01-19T00:00:00",
    "weekday": "Jan 2024",
    "netpnl": 301077.319635
  },
  {
    "pnl": -14472.568946999963,
    "date": "2024-01-20T00:00:00",
    "weekday": "Jan 2024",
    "netpnl": 296816.18040400004
  },
  {
    "pnl": -14472.568946999963,
    "date": "2024-01-21T00:00:00",
    "weekday": "Jan 2024",
    "netpnl": 296816.18040400004
  },
  {
    "pnl": -14472.568946999963,
    "date": "2024-01-22T00:00:00",
    "weekday": "Jan 2024",
    "netpnl": 296816.18040400004
  },
  {
    "pnl": -74072.04486099997,
    "date": "2024-01-23T00:00:00",
    "weekday": "Jan 2024",
    "netpnl": 237216.70449000003
  },
  {
    "pnl": -58646.126801999984,
    "date": "2024-01-24T00:00:00",
    "weekday": "Jan 2024",
    "netpnl": 252642.62254900002
  },
  {
    "pnl": -120616.142646,
    "date": "2024-01-25T00:00:00",
    "weekday": "Jan 2024",
    "netpnl": 190672.606705
  },
  {
    "pnl": -120616.142646,
    "date": "2024-01-26T00:00:00",
    "weekday": "Jan 2024",
    "netpnl": 190672.606705
  },
  {
    "pnl": -120616.142646,
    "date": "2024-01-27T00:00:00",
    "weekday": "Jan 2024",
    "netpnl": 190672.606705
  },
  {
    "pnl": -120616.142646,
    "date": "2024-01-28T00:00:00",
    "weekday": "Jan 2024",
    "netpnl": 190672.606705
  },
  {
    "pnl": -169100.276897,
    "date": "2024-01-29T00:00:00",
    "weekday": "Jan 2024",
    "netpnl": 142188.472454
  },
  {
    "pnl": -148848.491602,
    "date": "2024-01-30T00:00:00",
    "weekday": "Jan 2024",
    "netpnl": 162440.257749
  },
  {
    "pnl": -132456.58228,
    "date": "2024-01-31T00:00:00",
    "weekday": "Jan 2024",
    "netpnl": 178832.167071
  },
  {
    "pnl": -123465.92397500001,
    "date": "2024-02-01T00:00:00",
    "weekday": "Feb 2024",
    "netpnl": 187822.825376
  },
  {
    "pnl": -110934.98735400001,
    "date": "2024-02-02T00:00:00",
    "weekday": "Feb 2024",
    "netpnl": 200353.761997
  },
  {
    "pnl": -110934.98735400001,
    "date": "2024-02-03T00:00:00",
    "weekday": "Feb 2024",
    "netpnl": 200353.761997
  },
  {
    "pnl": -110934.98735400001,
    "date": "2024-02-04T00:00:00",
    "weekday": "Feb 2024",
    "netpnl": 200353.761997
  },
  {
    "pnl": -168799.925412,
    "date": "2024-02-05T00:00:00",
    "weekday": "Feb 2024",
    "netpnl": 142488.823939
  },
  {
    "pnl": -182766.606464,
    "date": "2024-02-06T00:00:00",
    "weekday": "Feb 2024",
    "netpnl": 128522.142887
  },
  {
    "pnl": -162556.453339,
    "date": "2024-02-07T00:00:00",
    "weekday": "Feb 2024",
    "netpnl": 148732.296012
  },
  {
    "pnl": -142902.014632,
    "date": "2024-02-08T00:00:00",
    "weekday": "Feb 2024",
    "netpnl": 168386.734719
  },
  {
    "pnl": -119349.38383900002,
    "date": "2024-02-09T00:00:00",
    "weekday": "Feb 2024",
    "netpnl": 191939.365512
  },
  {
    "pnl": -119349.38383900002,
    "date": "2024-02-10T00:00:00",
    "weekday": "Feb 2024",
    "netpnl": 191939.365512
  },
  {
    "pnl": -119349.38383900002,
    "date": "2024-02-11T00:00:00",
    "weekday": "Feb 2024",
    "netpnl": 191939.365512
  },
  {
    "pnl": -95217.227771,
    "date": "2024-02-12T00:00:00",
    "weekday": "Feb 2024",
    "netpnl": 216071.52158
  },
  {
    "pnl": -88488.71475400002,
    "date": "2024-02-13T00:00:00",
    "weekday": "Feb 2024",
    "netpnl": 222800.034597
  },
  {
    "pnl": -102115.54646400001,
    "date": "2024-02-14T00:00:00",
    "weekday": "Feb 2024",
    "netpnl": 209173.202887
  },
  {
    "pnl": -144349.69661900002,
    "date": "2024-02-15T00:00:00",
    "weekday": "Feb 2024",
    "netpnl": 166939.05273199998
  },
  {
    "pnl": -139340.12864700003,
    "date": "2024-02-16T00:00:00",
    "weekday": "Feb 2024",
    "netpnl": 171948.62070399997
  },
  {
    "pnl": -139340.12864700003,
    "date": "2024-02-17T00:00:00",
    "weekday": "Feb 2024",
    "netpnl": 171948.62070399997
  },
  {
    "pnl": -139340.12864700003,
    "date": "2024-02-18T00:00:00",
    "weekday": "Feb 2024",
    "netpnl": 171948.62070399997
  },
  {
    "pnl": -133180.40450100004,
    "date": "2024-02-19T00:00:00",
    "weekday": "Feb 2024",
    "netpnl": 178108.34484999996
  },
  {
    "pnl": -125595.22963800005,
    "date": "2024-02-20T00:00:00",
    "weekday": "Feb 2024",
    "netpnl": 185693.51971299996
  },
  {
    "pnl": -110075.72353400005,
    "date": "2024-02-21T00:00:00",
    "weekday": "Feb 2024",
    "netpnl": 201213.02581699996
  },
  {
    "pnl": -78165.44132900005,
    "date": "2024-02-22T00:00:00",
    "weekday": "Feb 2024",
    "netpnl": 233123.30802199995
  },
  {
    "pnl": -144722.29849400005,
    "date": "2024-02-23T00:00:00",
    "weekday": "Feb 2024",
    "netpnl": 166566.45085699996
  },
  {
    "pnl": -144722.29849400005,
    "date": "2024-02-24T00:00:00",
    "weekday": "Feb 2024",
    "netpnl": 166566.45085699996
  },
  {
    "pnl": -144722.29849400005,
    "date": "2024-02-25T00:00:00",
    "weekday": "Feb 2024",
    "netpnl": 166566.45085699996
  },
  {
    "pnl": -142369.11493100005,
    "date": "2024-02-26T00:00:00",
    "weekday": "Feb 2024",
    "netpnl": 168919.63441999996
  },
  {
    "pnl": -147029.38306300004,
    "date": "2024-02-27T00:00:00",
    "weekday": "Feb 2024",
    "netpnl": 164259.36628799996
  },
  {
    "pnl": -120635.70996800004,
    "date": "2024-02-28T00:00:00",
    "weekday": "Feb 2024",
    "netpnl": 190653.03938299997
  },
  {
    "pnl": -159131.76157100004,
    "date": "2024-02-29T00:00:00",
    "weekday": "Feb 2024",
    "netpnl": 152156.98777999997
  },
  {
    "pnl": -130018.23027000003,
    "date": "2024-03-01T00:00:00",
    "weekday": "Mar 2024",
    "netpnl": 181270.51908099998
  },
  {
    "pnl": -130018.23027000003,
    "date": "2024-03-02T00:00:00",
    "weekday": "Mar 2024",
    "netpnl": 181270.51908099998
  },
  {
    "pnl": -130018.23027000003,
    "date": "2024-03-03T00:00:00",
    "weekday": "Mar 2024",
    "netpnl": 181270.51908099998
  },
  {
    "pnl": -96912.97958200003,
    "date": "2024-03-04T00:00:00",
    "weekday": "Mar 2024",
    "netpnl": 214375.76976899998
  },
  {
    "pnl": -83224.97735800003,
    "date": "2024-03-05T00:00:00",
    "weekday": "Mar 2024",
    "netpnl": 228063.77199299997
  },
  {
    "pnl": -51422.25589800003,
    "date": "2024-03-06T00:00:00",
    "weekday": "Mar 2024",
    "netpnl": 259866.49345299997
  },
  {
    "pnl": -16317.192011000065,
    "date": "2024-03-07T00:00:00",
    "weekday": "Mar 2024",
    "netpnl": 294971.55733999994
  },
  {
    "pnl": -16317.192011000065,
    "date": "2024-03-08T00:00:00",
    "weekday": "Mar 2024",
    "netpnl": 294971.55733999994
  },
  {
    "pnl": -16317.192011000065,
    "date": "2024-03-09T00:00:00",
    "weekday": "Mar 2024",
    "netpnl": 294971.55733999994
  },
  {
    "pnl": -16317.192011000065,
    "date": "2024-03-10T00:00:00",
    "weekday": "Mar 2024",
    "netpnl": 294971.55733999994
  },
  {
    "pnl": 0.0,
    "date": "2024-03-11T00:00:00",
    "weekday": "Mar 2024",
    "netpnl": 343692.29609599995
  },
  {
    "pnl": -70326.85763099999,
    "date": "2024-03-12T00:00:00",
    "weekday": "Mar 2024",
    "netpnl": 273365.43846499996
  },
  {
    "pnl": -20197.056022999983,
    "date": "2024-03-13T00:00:00",
    "weekday": "Mar 2024",
    "netpnl": 323495.24007299996
  },
  {
    "pnl": -29234.377078999998,
    "date": "2024-03-14T00:00:00",
    "weekday": "Mar 2024",
    "netpnl": 314457.91901699995
  },
  {
    "pnl": -14709.611430999998,
    "date": "2024-03-15T00:00:00",
    "weekday": "Mar 2024",
    "netpnl": 328982.68466499995
  },
  {
    "pnl": -14709.611430999998,
    "date": "2024-03-16T00:00:00",
    "weekday": "Mar 2024",
    "netpnl": 328982.68466499995
  },
  {
    "pnl": -14709.611430999998,
    "date": "2024-03-17T00:00:00",
    "weekday": "Mar 2024",
    "netpnl": 328982.68466499995
  },
  {
    "pnl": 0.0,
    "date": "2024-03-18T00:00:00",
    "weekday": "Mar 2024",
    "netpnl": 351770.0502359999
  },
  {
    "pnl": 0.0,
    "date": "2024-03-19T00:00:00",
    "weekday": "Mar 2024",
    "netpnl": 393898.1472399999
  },
  {
    "pnl": -1858.61211799999,
    "date": "2024-03-20T00:00:00",
    "weekday": "Mar 2024",
    "netpnl": 392039.5351219999
  }
]