[
  {
    "pnl": 9168.0,
    "date": "2023-09-12T00:00:00",
    "weekday": "Sep 2023",
    "netpnl": 8938.926272
  },
  {
    "pnl": 7052.25,
    "date": "2023-09-13T00:00:00",
    "weekday": "Sep 2023",
    "netpnl": 6515.541168000001
  },
  {
    "pnl": 29817.25,
    "date": "2023-09-14T00:00:00",
    "weekday": "Sep 2023",
    "netpnl": 29061.525672
  },
  {
    "pnl": 32655.25,
    "date": "2023-09-15T00:00:00",
    "weekday": "Sep 2023",
    "netpnl": 31744.617156
  },
  {
    "pnl": 32655.25,
    "date": "2023-09-16T00:00:00",
    "weekday": "Sep 2023",
    "netpnl": 31744.617156
  },
  {
    "pnl": 32655.25,
    "date": "2023-09-17T00:00:00",
    "weekday": "Sep 2023",
    "netpnl": 31744.617156
  },
  {
    "pnl": 47932.75,
    "date": "2023-09-18T00:00:00",
    "weekday": "Sep 2023",
    "netpnl": 46760.412768
  },
  {
    "pnl": 47932.75,
    "date": "2023-09-19T00:00:00",
    "weekday": "Sep 2023",
    "netpnl": 46760.412768
  },
  {
    "pnl": 86427.25,
    "date": "2023-09-20T00:00:00",
    "weekday": "Sep 2023",
    "netpnl": 85155.931532
  },
  {
    "pnl": 104035.75,
    "date": "2023-09-21T00:00:00",
    "weekday": "Sep 2023",
    "netpnl": 102152.34325800001
  },
  {
    "pnl": 38711.5,
    "date": "2023-09-22T00:00:00",
    "weekday": "Sep 2023",
    "netpnl": 35792.807977000004
  },
  {
    "pnl": 38711.5,
    "date": "2023-09-23T00:00:00",
    "weekday": "Sep 2023",
    "netpnl": 35792.807977000004
  },
  {
    "pnl": 38711.5,
    "date": "2023-09-24T00:00:00",
    "weekday": "Sep 2023",
    "netpnl": 35792.807977000004
  },
  {
    "pnl": 43008.25,
    "date": "2023-09-25T00:00:00",
    "weekday": "Sep 2023",
    "netpnl": 39441.46118500001
  },
  {
    "pnl": 43396.0,
    "date": "2023-09-26T00:00:00",
    "weekday": "Sep 2023",
    "netpnl": 39547.09303000001
  },
  {
    "pnl": 69365.5,
    "date": "2023-09-27T00:00:00",
    "weekday": "Sep 2023",
    "netpnl": 65306.60616300001
  },
  {
    "pnl": 89880.25,
    "date": "2023-09-28T00:00:00",
    "weekday": "Sep 2023",
    "netpnl": 85740.68018200001
  },
  {
    "pnl": 91446.25,
    "date": "2023-09-29T00:00:00",
    "weekday": "Sep 2023",
    "netpnl": 86968.52611300001
  },
  {
    "pnl": 91446.25,
    "date": "2023-09-30T00:00:00",
    "weekday": "Sep 2023",
    "netpnl": 86968.52611300001
  },
  {
    "pnl": 91446.25,
    "date": "2023-10-01T00:00:00",
    "weekday": "Oct 2023",
    "netpnl": 86968.52611300001
  },
  {
    "pnl": 91446.25,
    "date": "2023-10-02T00:00:00",
    "weekday": "Oct 2023",
    "netpnl": 86968.52611300001
  },
  {
    "pnl": 97126.0,
    "date": "2023-10-03T00:00:00",
    "weekday": "Oct 2023",
    "netpnl": 92521.90399400002
  },
  {
    "pnl": 119260.75,
    "date": "2023-10-04T00:00:00",
    "weekday": "Oct 2023",
    "netpnl": 114563.90766600001
  },
  {
    "pnl": 104083.0,
    "date": "2023-10-05T00:00:00",
    "weekday": "Oct 2023",
    "netpnl": 98514.32176800001
  },
  {
    "pnl": 94903.0,
    "date": "2023-10-06T00:00:00",
    "weekday": "Oct 2023",
    "netpnl": 87797.20641500001
  },
  {
    "pnl": 94903.0,
    "date": "2023-10-07T00:00:00",
    "weekday": "Oct 2023",
    "netpnl": 87797.20641500001
  },
  {
    "pnl": 94903.0,
    "date": "2023-10-08T00:00:00",
    "weekday": "Oct 2023",
    "netpnl": 87797.20641500001
  },
  {
    "pnl": 104785.75,
    "date": "2023-10-09T00:00:00",
    "weekday": "Oct 2023",
    "netpnl": 96966.631861
  },
  {
    "pnl": 119167.75,
    "date": "2023-10-10T00:00:00",
    "weekday": "Oct 2023",
    "netpnl": 111191.80382
  },
  {
    "pnl": 119749.75,
    "date": "2023-10-11T00:00:00",
    "weekday": "Oct 2023",
    "netpnl": 111214.007872
  },
  {
    "pnl": 127502.5,
    "date": "2023-10-12T00:00:00",
    "weekday": "Oct 2023",
    "netpnl": 117991.355328
  },
  {
    "pnl": 96646.75,
    "date": "2023-10-13T00:00:00",
    "weekday": "Oct 2023",
    "netpnl": 86411.29730100001
  },
  {
    "pnl": 96646.75,
    "date": "2023-10-14T00:00:00",
    "weekday": "Oct 2023",
    "netpnl": 86411.29730100001
  },
  {
    "pnl": 96646.75,
    "date": "2023-10-15T00:00:00",
    "weekday": "Oct 2023",
    "netpnl": 86411.29730100001
  },
  {
    "pnl": 64011.25,
    "date": "2023-10-16T00:00:00",
    "weekday": "Oct 2023",
    "netpnl": 53045.271148000014
  },
  {
    "pnl": 83388.25,
    "date": "2023-10-17T00:00:00",
    "weekday": "Oct 2023",
    "netpnl": 71022.79328000001
  },
  {
    "pnl": 87736.0,
    "date": "2023-10-18T00:00:00",
    "weekday": "Oct 2023",
    "netpnl": 74874.67964600002
  },
  {
    "pnl": 95380.0,
    "date": "2023-10-19T00:00:00",
    "weekday": "Oct 2023",
    "netpnl": 81914.63140700002
  },
  {
    "pnl": 106936.0,
    "date": "2023-10-20T00:00:00",
    "weekday": "Oct 2023",
    "netpnl": 92918.22658500003
  },
  {
    "pnl": 106936.0,
    "date": "2023-10-21T00:00:00",
    "weekday": "Oct 2023",
    "netpnl": 92918.22658500003
  },
  {
    "pnl": 106936.0,
    "date": "2023-10-22T00:00:00",
    "weekday": "Oct 2023",
    "netpnl": 92918.22658500003
  },
  {
    "pnl": 126505.0,
    "date": "2023-10-23T00:00:00",
    "weekday": "Oct 2023",
    "netpnl": 111828.00546400003
  },
  {
    "pnl": 126505.0,
    "date": "2023-10-24T00:00:00",
    "weekday": "Oct 2023",
    "netpnl": 111828.00546400003
  },
  {
    "pnl": 127790.5,
    "date": "2023-10-25T00:00:00",
    "weekday": "Oct 2023",
    "netpnl": 112667.31887000003
  },
  {
    "pnl": 160906.75,
    "date": "2023-10-26T00:00:00",
    "weekday": "Oct 2023",
    "netpnl": 145495.41933200002
  },
  {
    "pnl": 195461.5,
    "date": "2023-10-27T00:00:00",
    "weekday": "Oct 2023",
    "netpnl": 179284.66930100002
  },
  {
    "pnl": 195461.5,
    "date": "2023-10-28T00:00:00",
    "weekday": "Oct 2023",
    "netpnl": 179284.66930100002
  },
  {
    "pnl": 195461.5,
    "date": "2023-10-29T00:00:00",
    "weekday": "Oct 2023",
    "netpnl": 179284.66930100002
  },
  {
    "pnl": 184786.0,
    "date": "2023-10-30T00:00:00",
    "weekday": "Oct 2023",
    "netpnl": 168114.251541
  },
  {
    "pnl": 206264.5,
    "date": "2023-10-31T00:00:00",
    "weekday": "Oct 2023",
    "netpnl": 189470.437733
  },
  {
    "pnl": 232321.75,
    "date": "2023-11-01T00:00:00",
    "weekday": "Nov 2023",
    "netpnl": 215164.060295
  },
  {
    "pnl": 283794.25,
    "date": "2023-11-02T00:00:00",
    "weekday": "Nov 2023",
    "netpnl": 265419.842876
  },
  {
    "pnl": 277258.75,
    "date": "2023-11-03T00:00:00",
    "weekday": "Nov 2023",
    "netpnl": 257727.877418
  },
  {
    "pnl": 277258.75,
    "date": "2023-11-04T00:00:00",
    "weekday": "Nov 2023",
    "netpnl": 257727.877418
  },
  {
    "pnl": 277258.75,
    "date": "2023-11-05T00:00:00",
    "weekday": "Nov 2023",
    "netpnl": 257727.877418
  },
  {
    "pnl": 288561.25,
    "date": "2023-11-06T00:00:00",
    "weekday": "Nov 2023",
    "netpnl": 268527.059093
  },
  {
    "pnl": 332081.5,
    "date": "2023-11-07T00:00:00",
    "weekday": "Nov 2023",
    "netpnl": 311288.749351
  },
  {
    "pnl": 306830.5,
    "date": "2023-11-08T00:00:00",
    "weekday": "Nov 2023",
    "netpnl": 285459.182145
  },
  {
    "pnl": 284538.25,
    "date": "2023-11-09T00:00:00",
    "weekday": "Nov 2023",
    "netpnl": 259678.13968600004
  },
  {
    "pnl": 254839.0,
    "date": "2023-11-10T00:00:00",
    "weekday": "Nov 2023",
    "netpnl": 229439.61142100004
  },
  {
    "pnl": 254839.0,
    "date": "2023-11-11T00:00:00",
    "weekday": "Nov 2023",
    "netpnl": 229439.61142100004
  },
  {
    "pnl": 251155.75,
    "date": "2023-11-12T00:00:00",
    "weekday": "Nov 2023",
    "netpnl": 225480.19804100003
  },
  {
    "pnl": 214176.25,
    "date": "2023-11-13T00:00:00",
    "weekday": "Nov 2023",
    "netpnl": 187877.28854800004
  },
  {
    "pnl": 214176.25,
    "date": "2023-11-14T00:00:00",
    "weekday": "Nov 2023",
    "netpnl": 187877.28854800004
  },
  {
    "pnl": 210609.25,
    "date": "2023-11-15T00:00:00",
    "weekday": "Nov 2023",
    "netpnl": 183955.02477300004
  },
  {
    "pnl": 230840.5,
    "date": "2023-11-16T00:00:00",
    "weekday": "Nov 2023",
    "netpnl": 203630.93700500004
  },
  {
    "pnl": 195484.75,
    "date": "2023-11-17T00:00:00",
    "weekday": "Nov 2023",
    "netpnl": 167674.30389400004
  },
  {
    "pnl": 195484.75,
    "date": "2023-11-18T00:00:00",
    "weekday": "Nov 2023",
    "netpnl": 167674.30389400004
  },
  {
    "pnl": 195484.75,
    "date": "2023-11-19T00:00:00",
    "weekday": "Nov 2023",
    "netpnl": 167674.30389400004
  },
  {
    "pnl": 149250.25,
    "date": "2023-11-20T00:00:00",
    "weekday": "Nov 2023",
    "netpnl": 120724.53775500004
  },
  {
    "pnl": 130027.75,
    "date": "2023-11-21T00:00:00",
    "weekday": "Nov 2023",
    "netpnl": 100773.59141100004
  },
  {
    "pnl": 147804.25,
    "date": "2023-11-22T00:00:00",
    "weekday": "Nov 2023",
    "netpnl": 118339.81551500005
  },
  {
    "pnl": 130150.0,
    "date": "2023-11-23T00:00:00",
    "weekday": "Nov 2023",
    "netpnl": 100208.57634000006
  },
  {
    "pnl": 120011.5,
    "date": "2023-11-24T00:00:00",
    "weekday": "Nov 2023",
    "netpnl": 89661.82046000006
  },
  {
    "pnl": 120011.5,
    "date": "2023-11-25T00:00:00",
    "weekday": "Nov 2023",
    "netpnl": 89661.82046000006
  },
  {
    "pnl": 120011.5,
    "date": "2023-11-26T00:00:00",
    "weekday": "Nov 2023",
    "netpnl": 89661.82046000006
  },
  {
    "pnl": 120011.5,
    "date": "2023-11-27T00:00:00",
    "weekday": "Nov 2023",
    "netpnl": 89661.82046000006
  },
  {
    "pnl": 117772.75,
    "date": "2023-11-28T00:00:00",
    "weekday": "Nov 2023",
    "netpnl": 87171.87069300006
  },
  {
    "pnl": 106405.0,
    "date": "2023-11-29T00:00:00",
    "weekday": "Nov 2023",
    "netpnl": 75408.55033600006
  },
  {
    "pnl": 123836.5,
    "date": "2023-11-30T00:00:00",
    "weekday": "Nov 2023",
    "netpnl": 92679.53486700005
  },
  {
    "pnl": 130357.75,
    "date": "2023-12-01T00:00:00",
    "weekday": "Dec 2023",
    "netpnl": 98720.49432100005
  },
  {
    "pnl": 130357.75,
    "date": "2023-12-02T00:00:00",
    "weekday": "Dec 2023",
    "netpnl": 98720.49432100005
  },
  {
    "pnl": 130357.75,
    "date": "2023-12-03T00:00:00",
    "weekday": "Dec 2023",
    "netpnl": 98720.49432100005
  },
  {
    "pnl": 130357.75,
    "date": "2023-12-04T00:00:00",
    "weekday": "Dec 2023",
    "netpnl": 98720.49432100005
  },
  {
    "pnl": 153530.5,
    "date": "2023-12-05T00:00:00",
    "weekday": "Dec 2023",
    "netpnl": 121002.75853300004
  },
  {
    "pnl": 184729.0,
    "date": "2023-12-06T00:00:00",
    "weekday": "Dec 2023",
    "netpnl": 152088.57367500005
  },
  {
    "pnl": 184285.0,
    "date": "2023-12-07T00:00:00",
    "weekday": "Dec 2023",
    "netpnl": 151346.65642500005
  },
  {
    "pnl": 169807.0,
    "date": "2023-12-08T00:00:00",
    "weekday": "Dec 2023",
    "netpnl": 135905.91693300006
  },
  {
    "pnl": 169807.0,
    "date": "2023-12-09T00:00:00",
    "weekday": "Dec 2023",
    "netpnl": 135905.91693300006
  },
  {
    "pnl": 169807.0,
    "date": "2023-12-10T00:00:00",
    "weekday": "Dec 2023",
    "netpnl": 135905.91693300006
  },
  {
    "pnl": 139660.75,
    "date": "2023-12-11T00:00:00",
    "weekday": "Dec 2023",
    "netpnl": 105089.81300100006
  },
  {
    "pnl": 145834.0,
    "date": "2023-12-12T00:00:00",
    "weekday": "Dec 2023",
    "netpnl": 110371.43220300006
  },
  {
    "pnl": 167342.5,
    "date": "2023-12-13T00:00:00",
    "weekday": "Dec 2023",
    "netpnl": 131563.58867000006
  },
  {
    "pnl": 189946.0,
    "date": "2023-12-14T00:00:00",
    "weekday": "Dec 2023",
    "netpnl": 152648.24229000005
  },
  {
    "pnl": 209908.0,
    "date": "2023-12-15T00:00:00",
    "weekday": "Dec 2023",
    "netpnl": 172170.55801300006
  },
  {
    "pnl": 209908.0,
    "date": "2023-12-16T00:00:00",
    "weekday": "Dec 2023",
    "netpnl": 172170.55801300006
  },
  {
    "pnl": 209908.0,
    "date": "2023-12-17T00:00:00",
    "weekday": "Dec 2023",
    "netpnl": 172170.55801300006
  },
  {
    "pnl": 212122.75,
    "date": "2023-12-18T00:00:00",
    "weekday": "Dec 2023",
    "netpnl": 174196.41630700006
  },
  {
    "pnl": 235350.25,
    "date": "2023-12-19T00:00:00",
    "weekday": "Dec 2023",
    "netpnl": 196949.76491400006
  },
  {
    "pnl": 224950.75,
    "date": "2023-12-20T00:00:00",
    "weekday": "Dec 2023",
    "netpnl": 185913.97132900005
  },
  {
    "pnl": 196703.5,
    "date": "2023-12-21T00:00:00",
    "weekday": "Dec 2023",
    "netpnl": 156751.14315700004
  },
  {
    "pnl": 222136.0,
    "date": "2023-12-22T00:00:00",
    "weekday": "Dec 2023",
    "netpnl": 181642.65721500004
  },
  {
    "pnl": 222136.0,
    "date": "2023-12-23T00:00:00",
    "weekday": "Dec 2023",
    "netpnl": 181642.65721500004
  },
  {
    "pnl": 222136.0,
    "date": "2023-12-24T00:00:00",
    "weekday": "Dec 2023",
    "netpnl": 181642.65721500004
  },
  {
    "pnl": 222136.0,
    "date": "2023-12-25T00:00:00",
    "weekday": "Dec 2023",
    "netpnl": 181642.65721500004
  },
  {
    "pnl": 221328.25,
    "date": "2023-12-26T00:00:00",
    "weekday": "Dec 2023",
    "netpnl": 180410.85763800004
  },
  {
    "pnl": 233186.5,
    "date": "2023-12-27T00:00:00",
    "weekday": "Dec 2023",
    "netpnl": 191089.63348900006
  },
  {
    "pnl": 255619.0,
    "date": "2023-12-28T00:00:00",
    "weekday": "Dec 2023",
    "netpnl": 212871.00162500006
  },
  {
    "pnl": 265600.0,
    "date": "2023-12-29T00:00:00",
    "weekday": "Dec 2023",
    "netpnl": 222490.88507800005
  },
  {
    "pnl": 265600.0,
    "date": "2023-12-30T00:00:00",
    "weekday": "Dec 2023",
    "netpnl": 222490.88507800005
  },
  {
    "pnl": 265600.0,
    "date": "2023-12-31T00:00:00",
    "weekday": "Dec 2023",
    "netpnl": 222490.88507800005
  },
  {
    "pnl": 279071.5,
    "date": "2024-01-01T00:00:00",
    "weekday": "Jan 2024",
    "netpnl": 235037.99531000006
  },
  {
    "pnl": 284337.25,
    "date": "2024-01-02T00:00:00",
    "weekday": "Jan 2024",
    "netpnl": 240114.95129700005
  },
  {
    "pnl": 274411.75,
    "date": "2024-01-03T00:00:00",
    "weekday": "Jan 2024",
    "netpnl": 229284.33326500005
  },
  {
    "pnl": 271712.5,
    "date": "2024-01-04T00:00:00",
    "weekday": "Jan 2024",
    "netpnl": 226015.08921900004
  },
  {
    "pnl": 284426.5,
    "date": "2024-01-05T00:00:00",
    "weekday": "Jan 2024",
    "netpnl": 238516.17720700003
  },
  {
    "pnl": 284426.5,
    "date": "2024-01-06T00:00:00",
    "weekday": "Jan 2024",
    "netpnl": 238516.17720700003
  },
  {
    "pnl": 284426.5,
    "date": "2024-01-07T00:00:00",
    "weekday": "Jan 2024",
    "netpnl": 238516.17720700003
  },
  {
    "pnl": 218739.25,
    "date": "2024-01-08T00:00:00",
    "weekday": "Jan 2024",
    "netpnl": 172113.48061000003
  },
  {
    "pnl": 243349.0,
    "date": "2024-01-09T00:00:00",
    "weekday": "Jan 2024",
    "netpnl": 196386.99593800004
  },
  {
    "pnl": 264012.25,
    "date": "2024-01-10T00:00:00",
    "weekday": "Jan 2024",
    "netpnl": 216759.36094400004
  },
  {
    "pnl": 276780.25,
    "date": "2024-01-11T00:00:00",
    "weekday": "Jan 2024",
    "netpnl": 229267.03171000004
  },
  {
    "pnl": 282274.0,
    "date": "2024-01-12T00:00:00",
    "weekday": "Jan 2024",
    "netpnl": 233982.68884900003
  },
  {
    "pnl": 282274.0,
    "date": "2024-01-13T00:00:00",
    "weekday": "Jan 2024",
    "netpnl": 233982.68884900003
  },
  {
    "pnl": 282274.0,
    "date": "2024-01-14T00:00:00",
    "weekday": "Jan 2024",
    "netpnl": 233982.68884900003
  },
  {
    "pnl": 230663.5,
    "date": "2024-01-15T00:00:00",
    "weekday": "Jan 2024",
    "netpnl": 180959.64390200004
  },
  {
    "pnl": 228335.5,
    "date": "2024-01-16T00:00:00",
    "weekday": "Jan 2024",
    "netpnl": 177425.62178900003
  },
  {
    "pnl": 287953.0,
    "date": "2024-01-17T00:00:00",
    "weekday": "Jan 2024",
    "netpnl": 236862.42894700004
  },
  {
    "pnl": 299108.5,
    "date": "2024-01-18T00:00:00",
    "weekday": "Jan 2024",
    "netpnl": 247554.38104700003
  },
  {
    "pnl": 353204.5,
    "date": "2024-01-19T00:00:00",
    "weekday": "Jan 2024",
    "netpnl": 301077.319635
  },
  {
    "pnl": 352045.75,
    "date": "2024-01-20T00:00:00",
    "weekday": "Jan 2024",
    "netpnl": 296816.18040400004
  },
  {
    "pnl": 352045.75,
    "date": "2024-01-21T00:00:00",
    "weekday": "Jan 2024",
    "netpnl": 296816.18040400004
  },
  {
    "pnl": 352045.75,
    "date": "2024-01-22T00:00:00",
    "weekday": "Jan 2024",
    "netpnl": 296816.18040400004
  },
  {
    "pnl": 299033.75,
    "date": "2024-01-23T00:00:00",
    "weekday": "Jan 2024",
    "netpnl": 237216.70449000003
  },
  {
    "pnl": 315299.75,
    "date": "2024-01-24T00:00:00",
    "weekday": "Jan 2024",
    "netpnl": 252642.62254900002
  },
  {
    "pnl": 255193.25,
    "date": "2024-01-25T00:00:00",
    "weekday": "Jan 2024",
    "netpnl": 190672.606705
  },
  {
    "pnl": 255193.25,
    "date": "2024-01-26T00:00:00",
    "weekday": "Jan 2024",
    "netpnl": 190672.606705
  },
  {
    "pnl": 255193.25,
    "date": "2024-01-27T00:00:00",
    "weekday": "Jan 2024",
    "netpnl": 190672.606705
  },
  {
    "pnl": 255193.25,
    "date": "2024-01-28T00:00:00",
    "weekday": "Jan 2024",
    "netpnl": 190672.606705
  },
  {
    "pnl": 207512.75,
    "date": "2024-01-29T00:00:00",
    "weekday": "Jan 2024",
    "netpnl": 142188.472454
  },
  {
    "pnl": 228385.25,
    "date": "2024-01-30T00:00:00",
    "weekday": "Jan 2024",
    "netpnl": 162440.257749
  },
  {
    "pnl": 245013.5,
    "date": "2024-01-31T00:00:00",
    "weekday": "Jan 2024",
    "netpnl": 178832.167071
  },
  {
    "pnl": 254206.25,
    "date": "2024-02-01T00:00:00",
    "weekday": "Feb 2024",
    "netpnl": 187822.825376
  },
  {
    "pnl": 267226.25,
    "date": "2024-02-02T00:00:00",
    "weekday": "Feb 2024",
    "netpnl": 200353.761997
  },
  {
    "pnl": 267226.25,
    "date": "2024-02-03T00:00:00",
    "weekday": "Feb 2024",
    "netpnl": 200353.761997
  },
  {
    "pnl": 267226.25,
    "date": "2024-02-04T00:00:00",
    "weekday": "Feb 2024",
    "netpnl": 200353.761997
  },
  {
    "pnl": 209918.0,
    "date": "2024-02-05T00:00:00",
    "weekday": "Feb 2024",
    "netpnl": 142488.823939
  },
  {
    "pnl": 196378.25,
    "date": "2024-02-06T00:00:00",
    "weekday": "Feb 2024",
    "netpnl": 128522.142887
  },
  {
    "pnl": 216664.25,
    "date": "2024-02-07T00:00:00",
    "weekday": "Feb 2024",
    "netpnl": 148732.296012
  },
  {
    "pnl": 236670.5,
    "date": "2024-02-08T00:00:00",
    "weekday": "Feb 2024",
    "netpnl": 168386.734719
  },
  {
    "pnl": 260403.5,
    "date": "2024-02-09T00:00:00",
    "weekday": "Feb 2024",
    "netpnl": 191939.365512
  },
  {
    "pnl": 260403.5,
    "date": "2024-02-10T00:00:00",
    "weekday": "Feb 2024",
    "netpnl": 191939.365512
  },
  {
    "pnl": 260403.5,
    "date": "2024-02-11T00:00:00",
    "weekday": "Feb 2024",
    "netpnl": 191939.365512
  },
  {
    "pnl": 284843.75,
    "date": "2024-02-12T00:00:00",
    "weekday": "Feb 2024",
    "netpnl": 216071.52158
  },
  {
    "pnl": 291880.25,
    "date": "2024-02-13T00:00:00",
    "weekday": "Feb 2024",
    "netpnl": 222800.034597
  },
  {
    "pnl": 278789.0,
    "date": "2024-02-14T00:00:00",
    "weekday": "Feb 2024",
    "netpnl": 209173.202887
  },
  {
    "pnl": 237260.0,
    "date": "2024-02-15T00:00:00",
    "weekday": "Feb 2024",
    "netpnl": 166939.05273199998
  },
  {
    "pnl": 242488.25,
    "date": "2024-02-16T00:00:00",
    "weekday": "Feb 2024",
    "netpnl": 171948.62070399997
  },
  {
    "pnl": 242488.25,
    "date": "2024-02-17T00:00:00",
    "weekday": "Feb 2024",
    "netpnl": 171948.62070399997
  },
  {
    "pnl": 242488.25,
    "date": "2024-02-18T00:00:00",
    "weekday": "Feb 2024",
    "netpnl": 171948.62070399997
  },
  {
    "pnl": 248971.25,
    "date": "2024-02-19T00:00:00",
    "weekday": "Feb 2024",
    "netpnl": 178108.34484999996
  },
  {
    "pnl": 256849.25,
    "date": "2024-02-20T00:00:00",
    "weekday": "Feb 2024",
    "netpnl": 185693.51971299996
  },
  {
    "pnl": 272606.0,
    "date": "2024-02-21T00:00:00",
    "weekday": "Feb 2024",
    "netpnl": 201213.02581699996
  },
  {
    "pnl": 304694.75,
    "date": "2024-02-22T00:00:00",
    "weekday": "Feb 2024",
    "netpnl": 233123.30802199995
  },
  {
    "pnl": 238997.0,
    "date": "2024-02-23T00:00:00",
    "weekday": "Feb 2024",
    "netpnl": 166566.45085699996
  },
  {
    "pnl": 238997.0,
    "date": "2024-02-24T00:00:00",
    "weekday": "Feb 2024",
    "netpnl": 166566.45085699996
  },
  {
    "pnl": 238997.0,
    "date": "2024-02-25T00:00:00",
    "weekday": "Feb 2024",
    "netpnl": 166566.45085699996
  },
  {
    "pnl": 241714.25,
    "date": "2024-02-26T00:00:00",
    "weekday": "Feb 2024",
    "netpnl": 168919.63441999996
  },
  {
    "pnl": 237392.0,
    "date": "2024-02-27T00:00:00",
    "weekday": "Feb 2024",
    "netpnl": 164259.36628799996
  },
  {
    "pnl": 263893.25,
    "date": "2024-02-28T00:00:00",
    "weekday": "Feb 2024",
    "netpnl": 190653.03938299997
  },
  {
    "pnl": 225677.0,
    "date": "2024-02-29T00:00:00",
    "weekday": "Feb 2024",
    "netpnl": 152156.98777999997
  },
  {
    "pnl": 254975.0,
    "date": "2024-03-01T00:00:00",
    "weekday": "Mar 2024",
    "netpnl": 181270.51908099998
  },
  {
    "pnl": 254975.0,
    "date": "2024-03-02T00:00:00",
    "weekday": "Mar 2024",
    "netpnl": 181270.51908099998
  },
  {
    "pnl": 254975.0,
    "date": "2024-03-03T00:00:00",
    "weekday": "Mar 2024",
    "netpnl": 181270.51908099998
  },
  {
    "pnl": 288288.5,
    "date": "2024-03-04T00:00:00",
    "weekday": "Mar 2024",
    "netpnl": 214375.76976899998
  },
  {
    "pnl": 302354.75,
    "date": "2024-03-05T00:00:00",
    "weekday": "Mar 2024",
    "netpnl": 228063.77199299997
  },
  {
    "pnl": 334477.25,
    "date": "2024-03-06T00:00:00",
    "weekday": "Mar 2024",
    "netpnl": 259866.49345299997
  },
  {
    "pnl": 369810.5,
    "date": "2024-03-07T00:00:00",
    "weekday": "Mar 2024",
    "netpnl": 294971.55733999994
  },
  {
    "pnl": 369810.5,
    "date": "2024-03-08T00:00:00",
    "weekday": "Mar 2024",
    "netpnl": 294971.55733999994
  },
  {
    "pnl": 369810.5,
    "date": "2024-03-09T00:00:00",
    "weekday": "Mar 2024",
    "netpnl": 294971.55733999994
  },
  {
    "pnl": 369810.5,
    "date": "2024-03-10T00:00:00",
    "weekday": "Mar 2024",
    "netpnl": 294971.55733999994
  },
  {
    "pnl": 418709.75,
    "date": "2024-03-11T00:00:00",
    "weekday": "Mar 2024",
    "netpnl": 343692.29609599995
  },
  {
    "pnl": 348867.5,
    "date": "2024-03-12T00:00:00",
    "weekday": "Mar 2024",
    "netpnl": 273365.43846499996
  },
  {
    "pnl": 399416.0,
    "date": "2024-03-13T00:00:00",
    "weekday": "Mar 2024",
    "netpnl": 323495.24007299996
  },
  {
    "pnl": 391264.25,
    "date": "2024-03-14T00:00:00",
    "weekday": "Mar 2024",
    "netpnl": 314457.91901699995
  },
  {
    "pnl": 406369.25,
    "date": "2024-03-15T00:00:00",
    "weekday": "Mar 2024",
    "netpnl": 328982.68466499995
  },
  {
    "pnl": 406369.25,
    "date": "2024-03-16T00:00:00",
    "weekday": "Mar 2024",
    "netpnl": 328982.68466499995
  },
  {
    "pnl": 406369.25,
    "date": "2024-03-17T00:00:00",
    "weekday": "Mar 2024",
    "netpnl": 328982.68466499995
  },
  {
    "pnl": 429899.0,
    "date": "2024-03-18T00:00:00",
    "weekday": "Mar 2024",
    "netpnl": 351770.0502359999
  },
  {
    "pnl": 472430.0,
    "date": "2024-03-19T00:00:00",
    "weekday": "Mar 2024",
    "netpnl": 393898.1472399999
  },
  {
    "pnl": 470964.5,
    "date": "2024-03-20T00:00:00",
    "weekday": "Mar 2024",
    "netpnl": 392039.5351219999
  }
]