[
  {
    "year": 2023,
    "monthly": [
      {
        "pnl": 0.0,
        "pnlstr": "",
        "date": "2023-01-01T00:00:00",
        "weekday": "",
        "charges": 0.0,
        "color": null
      },
      {
        "pnl": 0.0,
        "pnlstr": "",
        "date": "2023-02-01T00:00:00",
        "weekday": "",
        "charges": 0.0,
        "color": null
      },
      {
        "pnl": 0.0,
        "pnlstr": "",
        "date": "2023-03-01T00:00:00",
        "weekday": "",
        "charges": 0.0,
        "color": null
      },
      {
        "pnl": 0.0,
        "pnlstr": "",
        "date": "2023-04-01T00:00:00",
        "weekday": "",
        "charges": 0.0,
        "color": null
      },
      {
        "pnl": 0.0,
        "pnlstr": "",
        "date": "2023-05-01T00:00:00",
        "weekday": "",
        "charges": 0.0,
        "color": null
      },
      {
        "pnl": 0.0,
        "pnlstr": "",
        "date": "2023-06-01T00:00:00",
        "weekday": "",
        "charges": 0.0,
        "color": null
      },
      {
        "pnl": 0.0,
        "pnlstr": "",
        "date": "2023-07-01T00:00:00",
        "weekday": "",
        "charges": 0.0,
        "color": null
      },
      {
        "pnl": 0.0,
        "pnlstr": "",
        "date": "2023-08-01T00:00:00",
        "weekday": "",
        "charges": 0.0,
        "color": null
      },
      {
        "pnl": 86968.53,
        "pnlstr": "86.97K",
        "date": "2023-09-01T00:00:00",
        "weekday": "Sep 2023",
        "charges": 0.0,
        "color": null
      },
      {
        "pnl": 102501.91,
        "pnlstr": "1.03L",
        "date": "2023-10-01T00:00:00",
        "weekday": "Oct 2023",
        "charges": 0.0,
        "color": null
      },
      {
        "pnl": -96790.9,
        "pnlstr": "-96.79K",
        "date": "2023-11-01T00:00:00",
        "weekday": "Nov 2023",
        "charges": 0.0,
        "color": null
      },
      {
        "pnl": 129811.35,
        "pnlstr": "1.3L",
        "date": "2023-12-01T00:00:00",
        "weekday": "Dec 2023",
        "charges": 0.0,
        "color": null
      }
    ],
    "total": 222490.89,
    "totalstr": "2.22L"
  },
  {
    "year": 2024,
    "monthly": [
      {
        "pnl": -43658.72,
        "pnlstr": "-43.66K",
        "date": "2024-01-01T00:00:00",
        "weekday": "Jan 2024",
        "charges": 0.0,
        "color": null
      },
      {
        "pnl": -26675.18,
        "pnlstr": "-26.68K",
        "date": "2024-02-01T00:00:00",
        "weekday": "Feb 2024",
        "charges": 0.0,
        "color": null
      },
      {
        "pnl": 239882.55,
        "pnlstr": "2.4L",
        "date": "2024-03-01T00:00:00",
        "weekday": "Mar 2024",
        "charges": 0.0,
        "color": null
      },
      {
        "pnl": 0.0,
        "pnlstr": "",
        "date": "2024-04-01T00:00:00",
        "weekday": "",
        "charges": 0.0,
        "color": null
      },
      {
        "pnl": 0.0,
        "pnlstr": "",
        "date": "2024-05-01T00:00:00",
        "weekday": "",
        "charges": 0.0,
        "color": null
      },
      {
        "pnl": 0.0,
        "pnlstr": "",
        "date": "2024-06-01T00:00:00",
        "weekday": "",
        "charges": 0.0,
        "color": null
      },
      {
        "pnl": 0.0,
        "pnlstr": "",
        "date": "2024-07-01T00:00:00",
        "weekday": "",
        "charges": 0.0,
        "color": null
      },
      {
        "pnl": 0.0,
        "pnlstr": "",
        "date": "2024-08-01T00:00:00",
        "weekday": "",
        "charges": 0.0,
        "color": null
      },
      {
        "pnl": 0.0,
        "pnlstr": "",
        "date": "2024-09-01T00:00:00",
        "weekday": "",
        "charges": 0.0,
        "color": null
      },
      {
        "pnl": 0.0,
        "pnlstr": "",
        "date": "2024-10-01T00:00:00",
        "weekday": "",
        "charges": 0.0,
        "color": null
      },
      {
        "pnl": 0.0,
        "pnlstr": "",
        "date": "2024-11-01T00:00:00",
        "weekday": "",
        "charges": 0.0,
        "color": null
      },
      {
        "pnl": 0.0,
        "pnlstr": "",
        "date": "2024-12-01T00:00:00",
        "weekday": "",
        "charges": 0.0,
        "color": null
      }
    ],
    "total": 169548.65,
    "totalstr": "1.7L"
  }
]