[
  {
    "pnl": 91446.25,
    "date": "2023-09-01T00:00:00",
    "weekday": "Sep 2023",
    "netpnl": 86968.52611299999
  },
  {
    "pnl": 206264.5,
    "date": "2023-10-01T00:00:00",
    "weekday": "Oct 2023",
    "netpnl": 189470.43773299997
  },
  {
    "pnl": 123836.5,
    "date": "2023-11-01T00:00:00",
    "weekday": "Nov 2023",
    "netpnl": 92679.53486699997
  },
  {
    "pnl": 265600.0,
    "date": "2023-12-01T00:00:00",
    "weekday": "Dec 2023",
    "netpnl": 222490.88507799996
  },
  {
    "pnl": 245013.5,
    "date": "2024-01-01T00:00:00",
    "weekday": "Jan 2024",
    "netpnl": 178832.16707099995
  },
  {
    "pnl": 225677.0,
    "date": "2024-02-01T00:00:00",
    "weekday": "Feb 2024",
    "netpnl": 152156.98777999997
  },
  {
    "pnl": 470964.5,
    "date": "2024-03-01T00:00:00",
    "weekday": "Mar 2024",
    "netpnl": 392039.5351219999
  }
]