{
  "capital": 0.0,
  "totaltradingdays": 129,
  "windays": 83,
  "lossdays": 46,
  "maxwinningstreakdays": 8,
  "maxlosingstreakdays": 6,
  "maxdddays": 124,
  "maxdddaysstr": "07/11/2023 to 10/03/2024",
  "rewardtorisk": 0.0,
  "winrate": 64.34108527131784,
  "lossrate": 35.65891472868217,
  "avgmonthlyprofit": 49004.94189024999,
  "totalprofit": 392039.5351219999,
  "maxprofitaday": 59436.81,
  "maxlossaday": -70326.86,
  "avgprofit_lossdaily": 2052.5628795811526,
  "avgprofitonprofitdays": 18830.74831325301,
  "avglossonlossdays": -25454.62173913044,
  "maxdrawdown": 235880.19901499996,
  "maxdrawdownper": 0.0,
  "avgmonthlyprofitstr": "49K",
  "totalprofitstr": "3.92L",
  "maxprofitadaystr": "59.44K",
  "maxlossadaystr": "-70.33K",
  "avgprofit_lossdailystr": "2.05K",
  "avgprofitonprofitdaysstr": "18.83K",
  "avglossonlossdaysstr": "-25.45K",
  "maxdrawdownstr": "2.36L",
  "expectancyratio": 0.0
}