[
  {
    "pnl": 0.0,
    "date": "2023-09-11T00:00:00",
    "weekday": "Sep 2023",
    "netpnl": 31744.617156
  },
  {
    "pnl": 0.0,
    "date": "2023-09-18T00:00:00",
    "weekday": "Sep 2023",
    "netpnl": 35792.807977
  },
  {
    "pnl": 0.0,
    "date": "2023-09-25T00:00:00",
    "weekday": "Sep 2023",
    "netpnl": 86968.526113
  },
  {
    "pnl": 0.0,
    "date": "2023-10-02T00:00:00",
    "weekday": "Oct 2023",
    "netpnl": 87797.206415
  },
  {
    "pnl": -1385.9091140000091,
    "date": "2023-10-09T00:00:00",
    "weekday": "Oct 2023",
    "netpnl": 86411.29730099998
  },
  {
    "pnl": 0.0,
    "date": "2023-10-16T00:00:00",
    "weekday": "Oct 2023",
    "netpnl": 92918.22658499998
  },
  {
    "pnl": 0.0,
    "date": "2023-10-23T00:00:00",
    "weekday": "Oct 2023",
    "netpnl": 179284.669301
  },
  {
    "pnl": 0.0,
    "date": "2023-10-30T00:00:00",
    "weekday": "Oct 2023",
    "netpnl": 257727.877418
  },
  {
    "pnl": -32247.679376999993,
    "date": "2023-11-06T00:00:00",
    "weekday": "Nov 2023",
    "netpnl": 225480.198041
  },
  {
    "pnl": -90053.57352399998,
    "date": "2023-11-13T00:00:00",
    "weekday": "Nov 2023",
    "netpnl": 167674.303894
  },
  {
    "pnl": -168066.05695799997,
    "date": "2023-11-20T00:00:00",
    "weekday": "Nov 2023",
    "netpnl": 89661.82046000002
  },
  {
    "pnl": -159007.38309699995,
    "date": "2023-11-27T00:00:00",
    "weekday": "Nov 2023",
    "netpnl": 98720.49432100002
  },
  {
    "pnl": -121821.96048499996,
    "date": "2023-12-04T00:00:00",
    "weekday": "Dec 2023",
    "netpnl": 135905.91693300003
  },
  {
    "pnl": -85557.31940499996,
    "date": "2023-12-11T00:00:00",
    "weekday": "Dec 2023",
    "netpnl": 172170.55801300003
  },
  {
    "pnl": -76085.22020299995,
    "date": "2023-12-18T00:00:00",
    "weekday": "Dec 2023",
    "netpnl": 181642.65721500004
  },
  {
    "pnl": -35236.99233999994,
    "date": "2023-12-25T00:00:00",
    "weekday": "Dec 2023",
    "netpnl": 222490.88507800005
  },
  {
    "pnl": -19211.70021099993,
    "date": "2024-01-01T00:00:00",
    "weekday": "Jan 2024",
    "netpnl": 238516.17720700006
  },
  {
    "pnl": -23745.188568999933,
    "date": "2024-01-08T00:00:00",
    "weekday": "Jan 2024",
    "netpnl": 233982.68884900006
  },
  {
    "pnl": 0.0,
    "date": "2024-01-15T00:00:00",
    "weekday": "Jan 2024",
    "netpnl": 296816.18040400004
  },
  {
    "pnl": -106143.573699,
    "date": "2024-01-22T00:00:00",
    "weekday": "Jan 2024",
    "netpnl": 190672.60670500004
  },
  {
    "pnl": -96462.41840699999,
    "date": "2024-01-29T00:00:00",
    "weekday": "Jan 2024",
    "netpnl": 200353.76199700005
  },
  {
    "pnl": -104876.814892,
    "date": "2024-02-05T00:00:00",
    "weekday": "Feb 2024",
    "netpnl": 191939.36551200005
  },
  {
    "pnl": -124867.55969999998,
    "date": "2024-02-12T00:00:00",
    "weekday": "Feb 2024",
    "netpnl": 171948.62070400006
  },
  {
    "pnl": -130249.72954699997,
    "date": "2024-02-19T00:00:00",
    "weekday": "Feb 2024",
    "netpnl": 166566.45085700008
  },
  {
    "pnl": -115545.66132299998,
    "date": "2024-02-26T00:00:00",
    "weekday": "Feb 2024",
    "netpnl": 181270.51908100006
  },
  {
    "pnl": -1844.6230639999849,
    "date": "2024-03-04T00:00:00",
    "weekday": "Mar 2024",
    "netpnl": 294971.55734000006
  },
  {
    "pnl": 0.0,
    "date": "2024-03-11T00:00:00",
    "weekday": "Mar 2024",
    "netpnl": 328982.68466500007
  },
  {
    "pnl": 0.0,
    "date": "2024-03-18T00:00:00",
    "weekday": "Mar 2024",
    "netpnl": 392039.5351220001
  }
]