[
  {
    "pnl": 32655.25,
    "date": "2023-09-11T00:00:00",
    "weekday": "Sep 2023",
    "netpnl": 31744.617156
  },
  {
    "pnl": 38711.5,
    "date": "2023-09-18T00:00:00",
    "weekday": "Sep 2023",
    "netpnl": 35792.807977
  },
  {
    "pnl": 91446.25,
    "date": "2023-09-25T00:00:00",
    "weekday": "Sep 2023",
    "netpnl": 86968.526113
  },
  {
    "pnl": 94903.0,
    "date": "2023-10-02T00:00:00",
    "weekday": "Oct 2023",
    "netpnl": 87797.206415
  },
  {
    "pnl": 96646.75,
    "date": "2023-10-09T00:00:00",
    "weekday": "Oct 2023",
    "netpnl": 86411.29730099998
  },
  {
    "pnl": 106936.0,
    "date": "2023-10-16T00:00:00",
    "weekday": "Oct 2023",
    "netpnl": 92918.22658499998
  },
  {
    "pnl": 195461.5,
    "date": "2023-10-23T00:00:00",
    "weekday": "Oct 2023",
    "netpnl": 179284.669301
  },
  {
    "pnl": 277258.75,
    "date": "2023-10-30T00:00:00",
    "weekday": "Oct 2023",
    "netpnl": 257727.877418
  },
  {
    "pnl": 251155.75,
    "date": "2023-11-06T00:00:00",
    "weekday": "Nov 2023",
    "netpnl": 225480.198041
  },
  {
    "pnl": 195484.75,
    "date": "2023-11-13T00:00:00",
    "weekday": "Nov 2023",
    "netpnl": 167674.303894
  },
  {
    "pnl": 120011.5,
    "date": "2023-11-20T00:00:00",
    "weekday": "Nov 2023",
    "netpnl": 89661.82046000002
  },
  {
    "pnl": 130357.75,
    "date": "2023-11-27T00:00:00",
    "weekday": "Nov 2023",
    "netpnl": 98720.49432100002
  },
  {
    "pnl": 169807.0,
    "date": "2023-12-04T00:00:00",
    "weekday": "Dec 2023",
    "netpnl": 135905.91693300003
  },
  {
    "pnl": 209908.0,
    "date": "2023-12-11T00:00:00",
    "weekday": "Dec 2023",
    "netpnl": 172170.55801300003
  },
  {
    "pnl": 222136.0,
    "date": "2023-12-18T00:00:00",
    "weekday": "Dec 2023",
    "netpnl": 181642.65721500004
  },
  {
    "pnl": 265600.0,
    "date": "2023-12-25T00:00:00",
    "weekday": "Dec 2023",
    "netpnl": 222490.88507800005
  },
  {
    "pnl": 284426.5,
    "date": "2024-01-01T00:00:00",
    "weekday": "Jan 2024",
    "netpnl": 238516.17720700006
  },
  {
    "pnl": 282274.0,
    "date": "2024-01-08T00:00:00",
    "weekday": "Jan 2024",
    "netpnl": 233982.68884900006
  },
  {
    "pnl": 352045.75,
    "date": "2024-01-15T00:00:00",
    "weekday": "Jan 2024",
    "netpnl": 296816.18040400004
  },
  {
    "pnl": 255193.25,
    "date": "2024-01-22T00:00:00",
    "weekday": "Jan 2024",
    "netpnl": 190672.60670500004
  },
  {
    "pnl": 267226.25,
    "date": "2024-01-29T00:00:00",
    "weekday": "Jan 2024",
    "netpnl": 200353.76199700005
  },
  {
    "pnl": 260403.5,
    "date": "2024-02-05T00:00:00",
    "weekday": "Feb 2024",
    "netpnl": 191939.36551200005
  },
  {
    "pnl": 242488.25,
    "date": "2024-02-12T00:00:00",
    "weekday": "Feb 2024",
    "netpnl": 171948.62070400006
  },
  {
    "pnl": 238997.0,
    "date": "2024-02-19T00:00:00",
    "weekday": "Feb 2024",
    "netpnl": 166566.45085700008
  },
  {
    "pnl": 254975.0,
    "date": "2024-02-26T00:00:00",
    "weekday": "Feb 2024",
    "netpnl": 181270.51908100006
  },
  {
    "pnl": 369810.5,
    "date": "2024-03-04T00:00:00",
    "weekday": "Mar 2024",
    "netpnl": 294971.55734000006
  },
  {
    "pnl": 406369.25,
    "date": "2024-03-11T00:00:00",
    "weekday": "Mar 2024",
    "netpnl": 328982.68466500007
  },
  {
    "pnl": 470964.5,
    "date": "2024-03-18T00:00:00",
    "weekday": "Mar 2024",
    "netpnl": 392039.5351220001
  }
]