{
  "realisedpnl": {
    "endvalue": -23.19,
    "actualvalue": -23190.0,
    "decimalplaces": 2,
    "suffix": "K",
    "color": "#f5803e",
    "name": "Realised PNL",
    "prefix": ""
  },
  "totalpnl": {
    "endvalue": -21.752527394,
    "actualvalue": -21752.527394,
    "decimalplaces": 2,
    "suffix": "K",
    "color": "#f5803e",
    "name": "Total PNL",
    "prefix": ""
  },
  "chargestaxes": {
    "endvalue": 1.437472606,
    "actualvalue": 1437.472606,
    "decimalplaces": 2,
    "suffix": "K",
    "color": "#27bcfd",
    "name": "Charges Taxes",
    "prefix": ""
  },
  "netrealisedpnl": {
    "endvalue": -24.627472605999998,
    "actualvalue": -24627.472606,
    "decimalplaces": 2,
    "suffix": "K",
    "color": "#00d27a",
    "name": "NetRealised PNL",
    "prefix": ""
  },
  "unrealisedpnl": {
    "endvalue": 0.0,
    "actualvalue": 0.0,
    "decimalplaces": 2,
    "suffix": "",
    "color": "#2c7be5",
    "name": "Unrealised PNL",
    "prefix": ""
  },
  "name": null,
  "total": 0,
  "totaltradingdays": 0,
  "barchart": null,
  "winrate": 0.0,
  "pnlddratio": -1.0,
  "maxdrawdownint": 0.0,
  "maxdrawdown": null,
  "maxdate": null,
  "mindate": null
}