{
  "capital": 0.0,
  "totaltradingdays": 1,
  "windays": 0,
  "lossdays": 1,
  "maxwinningstreakdays": 0,
  "maxlosingstreakdays": 1,
  "maxdddays": 1,
  "maxdddaysstr": " to 20/03/2024",
  "rewardtorisk": 0.0,
  "winrate": 0.0,
  "lossrate": 100.0,
  "avgmonthlyprofit": 0.0,
  "totalprofit": -24627.472606,
  "maxprofitaday": -24627.47,
  "maxlossaday": -24627.47,
  "avgprofit_lossdaily": -24627.47,
  "avgprofitonprofitdays": 0.0,
  "avglossonlossdays": -24627.47,
  "maxdrawdown": 24627.472606,
  "maxdrawdownper": 0.0,
  "avgmonthlyprofitstr": "",
  "totalprofitstr": "-24.63K",
  "maxprofitadaystr": "-24.63K",
  "maxlossadaystr": "-24.63K",
  "avgprofit_lossdailystr": "-24.63K",
  "avgprofitonprofitdaysstr": "",
  "avglossonlossdaysstr": "-24.63K",
  "maxdrawdownstr": "24.63K",
  "expectancyratio": 0.0
}