[
  {
    "pnl": 0.0,
    "netpnl": 0.0,
    "date": "2024-01-21T00:00:00",
    "weekday": "Jan 2024",
    "charges": 0.0,
    "color": null
  },
  {
    "pnl": 0.0,
    "netpnl": 0.0,
    "date": "2024-01-22T00:00:00",
    "weekday": "Jan 2024",
    "charges": 0.0,
    "color": null
  },
  {
    "pnl": -53012.0,
    "netpnl": -59599.475914,
    "date": "2024-01-23T00:00:00",
    "weekday": "Jan 2024",
    "charges": 6587.475914,
    "color": null
  },
  {
    "pnl": 16266.0,
    "netpnl": 15425.918059,
    "date": "2024-01-24T00:00:00",
    "weekday": "Jan 2024",
    "charges": 840.081941,
    "color": null
  },
  {
    "pnl": -60106.5,
    "netpnl": -61970.015844,
    "date": "2024-01-25T00:00:00",
    "weekday": "Jan 2024",
    "charges": 1863.5158440000002,
    "color": null
  },
  {
    "pnl": 0.0,
    "netpnl": 0.0,
    "date": "2024-01-26T00:00:00",
    "weekday": "Jan 2024",
    "charges": 0.0,
    "color": null
  },
  {
    "pnl": 0.0,
    "netpnl": 0.0,
    "date": "2024-01-27T00:00:00",
    "weekday": "Jan 2024",
    "charges": 0.0,
    "color": null
  },
  {
    "pnl": 0.0,
    "netpnl": 0.0,
    "date": "2024-01-28T00:00:00",
    "weekday": "Jan 2024",
    "charges": 0.0,
    "color": null
  },
  {
    "pnl": -47680.5,
    "netpnl": -48484.134251,
    "date": "2024-01-29T00:00:00",
    "weekday": "Jan 2024",
    "charges": 803.634251,
    "color": null
  },
  {
    "pnl": 20872.5,
    "netpnl": 20251.785295,
    "date": "2024-01-30T00:00:00",
    "weekday": "Jan 2024",
    "charges": 620.714705,
    "color": null
  },
  {
    "pnl": 16628.25,
    "netpnl": 16391.909322,
    "date": "2024-01-31T00:00:00",
    "weekday": "Jan 2024",
    "charges": 236.340678,
    "color": null
  },
  {
    "pnl": 9192.75,
    "netpnl": 8990.658305,
    "date": "2024-02-01T00:00:00",
    "weekday": "Feb 2024",
    "charges": 202.091695,
    "color": null
  },
  {
    "pnl": 13020.0,
    "netpnl": 12530.936621,
    "date": "2024-02-02T00:00:00",
    "weekday": "Feb 2024",
    "charges": 489.063379,
    "color": null
  },
  {
    "pnl": 0.0,
    "netpnl": 0.0,
    "date": "2024-02-03T00:00:00",
    "weekday": "Feb 2024",
    "charges": 0.0,
    "color": null
  },
  {
    "pnl": 0.0,
    "netpnl": 0.0,
    "date": "2024-02-04T00:00:00",
    "weekday": "Feb 2024",
    "charges": 0.0,
    "color": null
  },
  {
    "pnl": -57308.25,
    "netpnl": -57864.938058,
    "date": "2024-02-05T00:00:00",
    "weekday": "Feb 2024",
    "charges": 556.6880580000001,
    "color": null
  },
  {
    "pnl": -13539.75,
    "netpnl": -13966.681052,
    "date": "2024-02-06T00:00:00",
    "weekday": "Feb 2024",
    "charges": 426.93105199999997,
    "color": null
  },
  {
    "pnl": 20286.0,
    "netpnl": 20210.153125,
    "date": "2024-02-07T00:00:00",
    "weekday": "Feb 2024",
    "charges": 75.846875,
    "color": null
  },
  {
    "pnl": 20006.25,
    "netpnl": 19654.438707,
    "date": "2024-02-08T00:00:00",
    "weekday": "Feb 2024",
    "charges": 351.811293,
    "color": null
  },
  {
    "pnl": 23733.0,
    "netpnl": 23552.630793,
    "date": "2024-02-09T00:00:00",
    "weekday": "Feb 2024",
    "charges": 180.369207,
    "color": null
  },
  {
    "pnl": 0.0,
    "netpnl": 0.0,
    "date": "2024-02-10T00:00:00",
    "weekday": "Feb 2024",
    "charges": 0.0,
    "color": null
  },
  {
    "pnl": 0.0,
    "netpnl": 0.0,
    "date": "2024-02-11T00:00:00",
    "weekday": "Feb 2024",
    "charges": 0.0,
    "color": null
  },
  {
    "pnl": 24440.25,
    "netpnl": 24132.156068,
    "date": "2024-02-12T00:00:00",
    "weekday": "Feb 2024",
    "charges": 308.093932,
    "color": null
  },
  {
    "pnl": 7036.5,
    "netpnl": 6728.513017,
    "date": "2024-02-13T00:00:00",
    "weekday": "Feb 2024",
    "charges": 307.986983,
    "color": null
  },
  {
    "pnl": -13091.25,
    "netpnl": -13626.83171,
    "date": "2024-02-14T00:00:00",
    "weekday": "Feb 2024",
    "charges": 535.5817099999999,
    "color": null
  },
  {
    "pnl": -41529.0,
    "netpnl": -42234.150155,
    "date": "2024-02-15T00:00:00",
    "weekday": "Feb 2024",
    "charges": 705.1501549999999,
    "color": null
  },
  {
    "pnl": 5228.25,
    "netpnl": 5009.567972,
    "date": "2024-02-16T00:00:00",
    "weekday": "Feb 2024",
    "charges": 218.682028,
    "color": null
  },
  {
    "pnl": 0.0,
    "netpnl": 0.0,
    "date": "2024-02-17T00:00:00",
    "weekday": "Feb 2024",
    "charges": 0.0,
    "color": null
  },
  {
    "pnl": 0.0,
    "netpnl": 0.0,
    "date": "2024-02-18T00:00:00",
    "weekday": "Feb 2024",
    "charges": 0.0,
    "color": null
  },
  {
    "pnl": 6483.0,
    "netpnl": 6159.724146,
    "date": "2024-02-19T00:00:00",
    "weekday": "Feb 2024",
    "charges": 323.27585400000004,
    "color": null
  },
  {
    "pnl": 7878.0,
    "netpnl": 7585.174863,
    "date": "2024-02-20T00:00:00",
    "weekday": "Feb 2024",
    "charges": 292.8251369999999,
    "color": null
  },
  {
    "pnl": 15756.75,
    "netpnl": 15519.506104,
    "date": "2024-02-21T00:00:00",
    "weekday": "Feb 2024",
    "charges": 237.24389600000003,
    "color": null
  },
  {
    "pnl": 32088.75,
    "netpnl": 31910.282205,
    "date": "2024-02-22T00:00:00",
    "weekday": "Feb 2024",
    "charges": 178.467795,
    "color": null
  },
  {
    "pnl": -65697.75,
    "netpnl": -66556.857165,
    "date": "2024-02-23T00:00:00",
    "weekday": "Feb 2024",
    "charges": 859.107165,
    "color": null
  },
  {
    "pnl": 0.0,
    "netpnl": 0.0,
    "date": "2024-02-24T00:00:00",
    "weekday": "Feb 2024",
    "charges": 0.0,
    "color": null
  },
  {
    "pnl": 0.0,
    "netpnl": 0.0,
    "date": "2024-02-25T00:00:00",
    "weekday": "Feb 2024",
    "charges": 0.0,
    "color": null
  },
  {
    "pnl": 2717.25,
    "netpnl": 2353.183563,
    "date": "2024-02-26T00:00:00",
    "weekday": "Feb 2024",
    "charges": 364.066437,
    "color": null
  },
  {
    "pnl": -4322.25,
    "netpnl": -4660.268132,
    "date": "2024-02-27T00:00:00",
    "weekday": "Feb 2024",
    "charges": 338.01813200000004,
    "color": null
  },
  {
    "pnl": 26501.25,
    "netpnl": 26393.673095,
    "date": "2024-02-28T00:00:00",
    "weekday": "Feb 2024",
    "charges": 107.576905,
    "color": null
  },
  {
    "pnl": -38216.25,
    "netpnl": -38496.051603,
    "date": "2024-02-29T00:00:00",
    "weekday": "Feb 2024",
    "charges": 279.801603,
    "color": null
  },
  {
    "pnl": 29298.0,
    "netpnl": 29113.531301,
    "date": "2024-03-01T00:00:00",
    "weekday": "Mar 2024",
    "charges": 184.46869900000002,
    "color": null
  },
  {
    "pnl": 0.0,
    "netpnl": 0.0,
    "date": "2024-03-02T00:00:00",
    "weekday": "Mar 2024",
    "charges": 0.0,
    "color": null
  },
  {
    "pnl": 0.0,
    "netpnl": 0.0,
    "date": "2024-03-03T00:00:00",
    "weekday": "Mar 2024",
    "charges": 0.0,
    "color": null
  },
  {
    "pnl": 33313.5,
    "netpnl": 33105.250688,
    "date": "2024-03-04T00:00:00",
    "weekday": "Mar 2024",
    "charges": 208.249312,
    "color": null
  },
  {
    "pnl": 14066.25,
    "netpnl": 13688.002224,
    "date": "2024-03-05T00:00:00",
    "weekday": "Mar 2024",
    "charges": 378.247776,
    "color": null
  },
  {
    "pnl": 32122.5,
    "netpnl": 31802.72146,
    "date": "2024-03-06T00:00:00",
    "weekday": "Mar 2024",
    "charges": 319.77854,
    "color": null
  },
  {
    "pnl": 35333.25,
    "netpnl": 35105.063887,
    "date": "2024-03-07T00:00:00",
    "weekday": "Mar 2024",
    "charges": 228.186113,
    "color": null
  },
  {
    "pnl": 0.0,
    "netpnl": 0.0,
    "date": "2024-03-08T00:00:00",
    "weekday": "Mar 2024",
    "charges": 0.0,
    "color": null
  },
  {
    "pnl": 0.0,
    "netpnl": 0.0,
    "date": "2024-03-09T00:00:00",
    "weekday": "Mar 2024",
    "charges": 0.0,
    "color": null
  },
  {
    "pnl": 0.0,
    "netpnl": 0.0,
    "date": "2024-03-10T00:00:00",
    "weekday": "Mar 2024",
    "charges": 0.0,
    "color": null
  },
  {
    "pnl": 48899.25,
    "netpnl": 48720.738756,
    "date": "2024-03-11T00:00:00",
    "weekday": "Mar 2024",
    "charges": 178.51124399999998,
    "color": null
  },
  {
    "pnl": -69842.25,
    "netpnl": -70326.857631,
    "date": "2024-03-12T00:00:00",
    "weekday": "Mar 2024",
    "charges": 484.607631,
    "color": null
  },
  {
    "pnl": 50548.5,
    "netpnl": 50129.801608,
    "date": "2024-03-13T00:00:00",
    "weekday": "Mar 2024",
    "charges": 418.698392,
    "color": null
  },
  {
    "pnl": -8151.75,
    "netpnl": -9037.321056,
    "date": "2024-03-14T00:00:00",
    "weekday": "Mar 2024",
    "charges": 885.571056,
    "color": null
  },
  {
    "pnl": 15105.0,
    "netpnl": 14524.765648,
    "date": "2024-03-15T00:00:00",
    "weekday": "Mar 2024",
    "charges": 580.2343520000001,
    "color": null
  },
  {
    "pnl": 0.0,
    "netpnl": 0.0,
    "date": "2024-03-16T00:00:00",
    "weekday": "Mar 2024",
    "charges": 0.0,
    "color": null
  },
  {
    "pnl": 0.0,
    "netpnl": 0.0,
    "date": "2024-03-17T00:00:00",
    "weekday": "Mar 2024",
    "charges": 0.0,
    "color": null
  },
  {
    "pnl": 23529.75,
    "netpnl": 22787.365571,
    "date": "2024-03-18T00:00:00",
    "weekday": "Mar 2024",
    "charges": 742.3844290000001,
    "color": null
  },
  {
    "pnl": 42531.0,
    "netpnl": 42128.097004,
    "date": "2024-03-19T00:00:00",
    "weekday": "Mar 2024",
    "charges": 402.902996,
    "color": null
  },
  {
    "pnl": -1465.5,
    "netpnl": -1858.612118,
    "date": "2024-03-20T00:00:00",
    "weekday": "Mar 2024",
    "charges": 393.112118,
    "color": null
  }
]