{
  "items": [
    {
      "data": [
        {
          "date": 1705795200,
          "value": 0.0
        },
        {
          "date": 1705881600,
          "value": 0.0
        },
        {
          "date": 1705968000,
          "value": -59599.48
        },
        {
          "date": 1706054400,
          "value": 15425.92
        },
        {
          "date": 1706140800,
          "value": -61970.02
        },
        {
          "date": 1706227200,
          "value": 0.0
        },
        {
          "date": 1706313600,
          "value": 0.0
        },
        {
          "date": 1706400000,
          "value": 0.0
        },
        {
          "date": 1706486400,
          "value": -48484.13
        },
        {
          "date": 1706572800,
          "value": 20251.79
        },
        {
          "date": 1706659200,
          "value": 16391.91
        },
        {
          "date": 1706745600,
          "value": 8990.66
        },
        {
          "date": 1706832000,
          "value": 12530.94
        },
        {
          "date": 1706918400,
          "value": 0.0
        },
        {
          "date": 1707004800,
          "value": 0.0
        },
        {
          "date": 1707091200,
          "value": -57864.94
        },
        {
          "date": 1707177600,
          "value": -13966.68
        },
        {
          "date": 1707264000,
          "value": 20210.15
        },
        {
          "date": 1707350400,
          "value": 19654.44
        },
        {
          "date": 1707436800,
          "value": 23552.63
        },
        {
          "date": 1707523200,
          "value": 0.0
        },
        {
          "date": 1707609600,
          "value": 0.0
        },
        {
          "date": 1707696000,
          "value": 24132.16
        },
        {
          "date": 1707782400,
          "value": 6728.51
        },
        {
          "date": 1707868800,
          "value": -13626.83
        },
        {
          "date": 1707955200,
          "value": -42234.15
        },
        {
          "date": 1708041600,
          "value": 5009.57
        },
        {
          "date": 1708128000,
          "value": 0.0
        },
        {
          "date": 1708214400,
          "value": 0.0
        },
        {
          "date": 1708300800,
          "value": 6159.72
        },
        {
          "date": 1708387200,
          "value": 7585.17
        },
        {
          "date": 1708473600,
          "value": 15519.51
        },
        {
          "date": 1708560000,
          "value": 31910.28
        },
        {
          "date": 1708646400,
          "value": -66556.86
        },
        {
          "date": 1708732800,
          "value": 0.0
        },
        {
          "date": 1708819200,
          "value": 0.0
        },
        {
          "date": 1708905600,
          "value": 2353.18
        },
        {
          "date": 1708992000,
          "value": -4660.27
        },
        {
          "date": 1709078400,
          "value": 26393.67
        },
        {
          "date": 1709164800,
          "value": -38496.05
        },
        {
          "date": 1709251200,
          "value": 29113.53
        },
        {
          "date": 1709337600,
          "value": 0.0
        },
        {
          "date": 1709424000,
          "value": 0.0
        },
        {
          "date": 1709510400,
          "value": 33105.25
        },
        {
          "date": 1709596800,
          "value": 13688.0
        },
        {
          "date": 1709683200,
          "value": 31802.72
        },
        {
          "date": 1709769600,
          "value": 35105.06
        },
        {
          "date": 1709856000,
          "value": 0.0
        },
        {
          "date": 1709942400,
          "value": 0.0
        },
        {
          "date": 1710028800,
          "value": 0.0
        },
        {
          "date": 1710115200,
          "value": 48720.74
        },
        {
          "date": 1710201600,
          "value": -70326.86
        },
        {
          "date": 1710288000,
          "value": 50129.8
        },
        {
          "date": 1710374400,
          "value": -9037.32
        },
        {
          "date": 1710460800,
          "value": 14524.77
        },
        {
          "date": 1710547200,
          "value": 0.0
        },
        {
          "date": 1710633600,
          "value": 0.0
        },
        {
          "date": 1710720000,
          "value": 22787.37
        },
        {
          "date": 1710806400,
          "value": 42128.1
        },
        {
          "date": 1710892800,
          "value": -1858.61
        }
      ],
      "calstartdate": "2024-01-01T00:00:00",
      "range": 12
    }
  ],
  "min": -68064.86,
  "max": 46742.94799999999,
  "startyear": 2024,
  "endyear": 2024
}