{
  "capital": 0.0,
  "totaltradingdays": 40,
  "windays": 27,
  "lossdays": 13,
  "maxwinningstreakdays": 6,
  "maxlosingstreakdays": 2,
  "maxdddays": 48,
  "maxdddaysstr": "22/01/2024 to 10/03/2024",
  "rewardtorisk": 0.0,
  "winrate": 67.5,
  "lossrate": 32.5,
  "avgmonthlyprofit": 47611.677359,
  "totalprofit": 95223.354718,
  "maxprofitaday": 50129.8,
  "maxlossaday": -70326.86,
  "avgprofit_lossdaily": 1587.0558333333336,
  "avgprofitonprofitdays": 21626.13148148148,
  "avglossonlossdays": -37590.938461538455,
  "maxdrawdown": 168294.03751700002,
  "maxdrawdownper": 0.0,
  "avgmonthlyprofitstr": "47.61K",
  "totalprofitstr": "95.22K",
  "maxprofitadaystr": "50.13K",
  "maxlossadaystr": "-70.33K",
  "avgprofit_lossdailystr": "1.59K",
  "avgprofitonprofitdaysstr": "21.63K",
  "avglossonlossdaysstr": "-37.59K",
  "maxdrawdownstr": "1.68L",
  "expectancyratio": 0.0
}