[
  {
    "pnl": 0.0,
    "netpnl": 0.0,
    "date": "2024-01-15T00:00:00",
    "weekday": "Jan 2024",
    "charges": 0.0,
    "color": null
  },
  {
    "pnl": -96852.5,
    "netpnl": -106143.573699,
    "date": "2024-01-22T00:00:00",
    "weekday": "Jan 2024",
    "charges": 9291.073699,
    "color": null
  },
  {
    "pnl": 12033.0,
    "netpnl": 9681.155292,
    "date": "2024-01-29T00:00:00",
    "weekday": "Jan 2024",
    "charges": 2351.844708,
    "color": null
  },
  {
    "pnl": -6822.75,
    "netpnl": -8414.396484999997,
    "date": "2024-02-05T00:00:00",
    "weekday": "Feb 2024",
    "charges": 1591.646485,
    "color": null
  },
  {
    "pnl": -17915.25,
    "netpnl": -19990.744808000003,
    "date": "2024-02-12T00:00:00",
    "weekday": "Feb 2024",
    "charges": 2075.494808,
    "color": null
  },
  {
    "pnl": -3491.25,
    "netpnl": -5382.169846999997,
    "date": "2024-02-19T00:00:00",
    "weekday": "Feb 2024",
    "charges": 1890.9198470000001,
    "color": null
  },
  {
    "pnl": 15978.0,
    "netpnl": 14704.068223999999,
    "date": "2024-02-26T00:00:00",
    "weekday": "Feb 2024",
    "charges": 1273.9317760000001,
    "color": null
  },
  {
    "pnl": 114835.5,
    "netpnl": 113701.038259,
    "date": "2024-03-04T00:00:00",
    "weekday": "Mar 2024",
    "charges": 1134.461741,
    "color": null
  },
  {
    "pnl": 36558.75,
    "netpnl": 34011.127324999994,
    "date": "2024-03-11T00:00:00",
    "weekday": "Mar 2024",
    "charges": 2547.622675,
    "color": null
  },
  {
    "pnl": 64595.25,
    "netpnl": 63056.850457,
    "date": "2024-03-18T00:00:00",
    "weekday": "Mar 2024",
    "charges": 1538.399543,
    "color": null
  }
]