[
  {
    "pnl": 0.0,
    "date": "2024-01-15T00:00:00",
    "weekday": "Jan 2024",
    "netpnl": 0.0
  },
  {
    "pnl": -106143.573699,
    "date": "2024-01-22T00:00:00",
    "weekday": "Jan 2024",
    "netpnl": -106143.573699
  },
  {
    "pnl": -96462.418407,
    "date": "2024-01-29T00:00:00",
    "weekday": "Jan 2024",
    "netpnl": -96462.418407
  },
  {
    "pnl": -104876.814892,
    "date": "2024-02-05T00:00:00",
    "weekday": "Feb 2024",
    "netpnl": -104876.814892
  },
  {
    "pnl": -124867.5597,
    "date": "2024-02-12T00:00:00",
    "weekday": "Feb 2024",
    "netpnl": -124867.5597
  },
  {
    "pnl": -130249.729547,
    "date": "2024-02-19T00:00:00",
    "weekday": "Feb 2024",
    "netpnl": -130249.729547
  },
  {
    "pnl": -115545.661323,
    "date": "2024-02-26T00:00:00",
    "weekday": "Feb 2024",
    "netpnl": -115545.661323
  },
  {
    "pnl": -1844.6230639999994,
    "date": "2024-03-04T00:00:00",
    "weekday": "Mar 2024",
    "netpnl": -1844.6230639999994
  },
  {
    "pnl": 0.0,
    "date": "2024-03-11T00:00:00",
    "weekday": "Mar 2024",
    "netpnl": 32166.504260999995
  },
  {
    "pnl": 0.0,
    "date": "2024-03-18T00:00:00",
    "weekday": "Mar 2024",
    "netpnl": 95223.35471799999
  }
]