[
  {
    "pnl": 0.0,
    "date": "2023-12-22T00:00:00",
    "weekday": "Dec 2023",
    "netpnl": 6289.65667
  },
  {
    "pnl": 0.0,
    "date": "2023-12-23T00:00:00",
    "weekday": "Dec 2023",
    "netpnl": 6289.65667
  },
  {
    "pnl": 0.0,
    "date": "2023-12-24T00:00:00",
    "weekday": "Dec 2023",
    "netpnl": 6289.65667
  },
  {
    "pnl": 0.0,
    "date": "2023-12-25T00:00:00",
    "weekday": "Dec 2023",
    "netpnl": 6289.65667
  },
  {
    "pnl": -98728.060277,
    "date": "2023-12-26T00:00:00",
    "weekday": "Dec 2023",
    "netpnl": -92438.403607
  },
  {
    "pnl": -98728.060277,
    "date": "2023-12-27T00:00:00",
    "weekday": "Dec 2023",
    "netpnl": -92438.403607
  },
  {
    "pnl": -51777.060761,
    "date": "2023-12-28T00:00:00",
    "weekday": "Dec 2023",
    "netpnl": -45487.404091
  },
  {
    "pnl": -51777.060761,
    "date": "2023-12-29T00:00:00",
    "weekday": "Dec 2023",
    "netpnl": -45487.404091
  },
  {
    "pnl": -51777.060761,
    "date": "2023-12-30T00:00:00",
    "weekday": "Dec 2023",
    "netpnl": -45487.404091
  },
  {
    "pnl": -51777.060761,
    "date": "2023-12-31T00:00:00",
    "weekday": "Dec 2023",
    "netpnl": -45487.404091
  },
  {
    "pnl": -29584.373980999993,
    "date": "2024-01-01T00:00:00",
    "weekday": "Jan 2024",
    "netpnl": -23294.717310999993
  },
  {
    "pnl": 0.0,
    "date": "2024-01-02T00:00:00",
    "weekday": "Jan 2024",
    "netpnl": 26575.821163000008
  },
  {
    "pnl": 0.0,
    "date": "2024-01-03T00:00:00",
    "weekday": "Jan 2024",
    "netpnl": 32487.115578000004
  },
  {
    "pnl": 0.0,
    "date": "2024-01-04T00:00:00",
    "weekday": "Jan 2024",
    "netpnl": 106516.011142
  },
  {
    "pnl": 0.0,
    "date": "2024-01-05T00:00:00",
    "weekday": "Jan 2024",
    "netpnl": 106516.011142
  },
  {
    "pnl": 0.0,
    "date": "2024-01-06T00:00:00",
    "weekday": "Jan 2024",
    "netpnl": 106516.011142
  },
  {
    "pnl": 0.0,
    "date": "2024-01-07T00:00:00",
    "weekday": "Jan 2024",
    "netpnl": 106516.011142
  },
  {
    "pnl": -8778.571006999991,
    "date": "2024-01-08T00:00:00",
    "weekday": "Jan 2024",
    "netpnl": 97737.44013500001
  },
  {
    "pnl": -43313.229515999985,
    "date": "2024-01-09T00:00:00",
    "weekday": "Jan 2024",
    "netpnl": 63202.78162600002
  },
  {
    "pnl": -98354.64710099998,
    "date": "2024-01-10T00:00:00",
    "weekday": "Jan 2024",
    "netpnl": 8161.364041000015
  },
  {
    "pnl": -71101.705823,
    "date": "2024-01-11T00:00:00",
    "weekday": "Jan 2024",
    "netpnl": 35414.305319000014
  },
  {
    "pnl": -71101.705823,
    "date": "2024-01-12T00:00:00",
    "weekday": "Jan 2024",
    "netpnl": 35414.305319000014
  },
  {
    "pnl": -71101.705823,
    "date": "2024-01-13T00:00:00",
    "weekday": "Jan 2024",
    "netpnl": 35414.305319000014
  },
  {
    "pnl": -71101.705823,
    "date": "2024-01-14T00:00:00",
    "weekday": "Jan 2024",
    "netpnl": 35414.305319000014
  },
  {
    "pnl": -11384.250158999988,
    "date": "2024-01-15T00:00:00",
    "weekday": "Jan 2024",
    "netpnl": 95131.76098300001
  },
  {
    "pnl": -80620.732727,
    "date": "2024-01-16T00:00:00",
    "weekday": "Jan 2024",
    "netpnl": 25895.278415000015
  },
  {
    "pnl": -84744.38471299998,
    "date": "2024-01-17T00:00:00",
    "weekday": "Jan 2024",
    "netpnl": 21771.626429000018
  },
  {
    "pnl": -133210.55606699997,
    "date": "2024-01-18T00:00:00",
    "weekday": "Jan 2024",
    "netpnl": -26694.544924999973
  },
  {
    "pnl": -133210.55606699997,
    "date": "2024-01-19T00:00:00",
    "weekday": "Jan 2024",
    "netpnl": -26694.544924999973
  },
  {
    "pnl": -133210.55606699997,
    "date": "2024-01-20T00:00:00",
    "weekday": "Jan 2024",
    "netpnl": -26694.544924999973
  },
  {
    "pnl": -133210.55606699997,
    "date": "2024-01-21T00:00:00",
    "weekday": "Jan 2024",
    "netpnl": -26694.544924999973
  },
  {
    "pnl": -133210.55606699997,
    "date": "2024-01-22T00:00:00",
    "weekday": "Jan 2024",
    "netpnl": -26694.544924999973
  },
  {
    "pnl": -102227.22752099998,
    "date": "2024-01-23T00:00:00",
    "weekday": "Jan 2024",
    "netpnl": 4288.783621000024
  },
  {
    "pnl": -102227.22752099998,
    "date": "2024-01-24T00:00:00",
    "weekday": "Jan 2024",
    "netpnl": 4288.783621000024
  },
  {
    "pnl": -115972.64870499997,
    "date": "2024-01-25T00:00:00",
    "weekday": "Jan 2024",
    "netpnl": -9456.637562999975
  },
  {
    "pnl": -115972.64870499997,
    "date": "2024-01-26T00:00:00",
    "weekday": "Jan 2024",
    "netpnl": -9456.637562999975
  },
  {
    "pnl": -115972.64870499997,
    "date": "2024-01-27T00:00:00",
    "weekday": "Jan 2024",
    "netpnl": -9456.637562999975
  },
  {
    "pnl": -115972.64870499997,
    "date": "2024-01-28T00:00:00",
    "weekday": "Jan 2024",
    "netpnl": -9456.637562999975
  },
  {
    "pnl": -204955.10417599996,
    "date": "2024-01-29T00:00:00",
    "weekday": "Jan 2024",
    "netpnl": -98439.09303399996
  },
  {
    "pnl": -168720.09207499996,
    "date": "2024-01-30T00:00:00",
    "weekday": "Jan 2024",
    "netpnl": -62204.08093299996
  },
  {
    "pnl": -169846.65251299995,
    "date": "2024-01-31T00:00:00",
    "weekday": "Jan 2024",
    "netpnl": -63330.64137099996
  },
  {
    "pnl": -62223.35282899997,
    "date": "2024-02-01T00:00:00",
    "weekday": "Feb 2024",
    "netpnl": 44292.658313000036
  },
  {
    "pnl": -62223.35282899997,
    "date": "2024-02-02T00:00:00",
    "weekday": "Feb 2024",
    "netpnl": 44292.658313000036
  },
  {
    "pnl": -62223.35282899997,
    "date": "2024-02-03T00:00:00",
    "weekday": "Feb 2024",
    "netpnl": 44292.658313000036
  },
  {
    "pnl": -62223.35282899997,
    "date": "2024-02-04T00:00:00",
    "weekday": "Feb 2024",
    "netpnl": 44292.658313000036
  },
  {
    "pnl": -113790.66481899997,
    "date": "2024-02-05T00:00:00",
    "weekday": "Feb 2024",
    "netpnl": -7274.653676999966
  },
  {
    "pnl": -55916.95549099997,
    "date": "2024-02-06T00:00:00",
    "weekday": "Feb 2024",
    "netpnl": 50599.05565100003
  },
  {
    "pnl": -55321.177304999976,
    "date": "2024-02-07T00:00:00",
    "weekday": "Feb 2024",
    "netpnl": 51194.83383700003
  },
  {
    "pnl": -60242.85202799997,
    "date": "2024-02-08T00:00:00",
    "weekday": "Feb 2024",
    "netpnl": 46273.15911400003
  },
  {
    "pnl": -60242.85202799997,
    "date": "2024-02-09T00:00:00",
    "weekday": "Feb 2024",
    "netpnl": 46273.15911400003
  },
  {
    "pnl": -60242.85202799997,
    "date": "2024-02-10T00:00:00",
    "weekday": "Feb 2024",
    "netpnl": 46273.15911400003
  },
  {
    "pnl": -60242.85202799997,
    "date": "2024-02-11T00:00:00",
    "weekday": "Feb 2024",
    "netpnl": 46273.15911400003
  },
  {
    "pnl": -29571.140770999977,
    "date": "2024-02-12T00:00:00",
    "weekday": "Feb 2024",
    "netpnl": 76944.87037100003
  },
  {
    "pnl": 0.0,
    "date": "2024-02-13T00:00:00",
    "weekday": "Feb 2024",
    "netpnl": 117226.62029100003
  },
  {
    "pnl": -16588.014368000004,
    "date": "2024-02-14T00:00:00",
    "weekday": "Feb 2024",
    "netpnl": 100638.60592300002
  },
  {
    "pnl": 0.0,
    "date": "2024-02-15T00:00:00",
    "weekday": "Feb 2024",
    "netpnl": 196882.98373400004
  },
  {
    "pnl": 0.0,
    "date": "2024-02-16T00:00:00",
    "weekday": "Feb 2024",
    "netpnl": 196882.98373400004
  },
  {
    "pnl": 0.0,
    "date": "2024-02-17T00:00:00",
    "weekday": "Feb 2024",
    "netpnl": 196882.98373400004
  },
  {
    "pnl": 0.0,
    "date": "2024-02-18T00:00:00",
    "weekday": "Feb 2024",
    "netpnl": 196882.98373400004
  },
  {
    "pnl": 0.0,
    "date": "2024-02-19T00:00:00",
    "weekday": "Feb 2024",
    "netpnl": 222063.52904800003
  },
  {
    "pnl": 0.0,
    "date": "2024-02-20T00:00:00",
    "weekday": "Feb 2024",
    "netpnl": 271589.118542
  },
  {
    "pnl": 0.0,
    "date": "2024-02-21T00:00:00",
    "weekday": "Feb 2024",
    "netpnl": 305313.649425
  },
  {
    "pnl": 0.0,
    "date": "2024-02-22T00:00:00",
    "weekday": "Feb 2024",
    "netpnl": 318350.263629
  },
  {
    "pnl": 0.0,
    "date": "2024-02-23T00:00:00",
    "weekday": "Feb 2024",
    "netpnl": 318350.263629
  },
  {
    "pnl": 0.0,
    "date": "2024-02-24T00:00:00",
    "weekday": "Feb 2024",
    "netpnl": 318350.263629
  },
  {
    "pnl": 0.0,
    "date": "2024-02-25T00:00:00",
    "weekday": "Feb 2024",
    "netpnl": 318350.263629
  },
  {
    "pnl": 0.0,
    "date": "2024-02-26T00:00:00",
    "weekday": "Feb 2024",
    "netpnl": 336619.781157
  },
  {
    "pnl": 0.0,
    "date": "2024-02-27T00:00:00",
    "weekday": "Feb 2024",
    "netpnl": 467663.443501
  },
  {
    "pnl": 0.0,
    "date": "2024-02-28T00:00:00",
    "weekday": "Feb 2024",
    "netpnl": 467663.443501
  },
  {
    "pnl": -137198.86571600003,
    "date": "2024-02-29T00:00:00",
    "weekday": "Feb 2024",
    "netpnl": 330464.577785
  },
  {
    "pnl": -137198.86571600003,
    "date": "2024-03-01T00:00:00",
    "weekday": "Mar 2024",
    "netpnl": 330464.577785
  },
  {
    "pnl": -137198.86571600003,
    "date": "2024-03-02T00:00:00",
    "weekday": "Mar 2024",
    "netpnl": 330464.577785
  },
  {
    "pnl": -137198.86571600003,
    "date": "2024-03-03T00:00:00",
    "weekday": "Mar 2024",
    "netpnl": 330464.577785
  },
  {
    "pnl": -102183.61760700005,
    "date": "2024-03-04T00:00:00",
    "weekday": "Mar 2024",
    "netpnl": 365479.82589399995
  },
  {
    "pnl": -143819.34441000008,
    "date": "2024-03-05T00:00:00",
    "weekday": "Mar 2024",
    "netpnl": 323844.0990909999
  },
  {
    "pnl": -144439.09430000006,
    "date": "2024-03-06T00:00:00",
    "weekday": "Mar 2024",
    "netpnl": 323224.34920099995
  },
  {
    "pnl": -40563.34951700008,
    "date": "2024-03-07T00:00:00",
    "weekday": "Mar 2024",
    "netpnl": 427100.0939839999
  },
  {
    "pnl": -40563.34951700008,
    "date": "2024-03-08T00:00:00",
    "weekday": "Mar 2024",
    "netpnl": 427100.0939839999
  },
  {
    "pnl": -40563.34951700008,
    "date": "2024-03-09T00:00:00",
    "weekday": "Mar 2024",
    "netpnl": 427100.0939839999
  },
  {
    "pnl": -40563.34951700008,
    "date": "2024-03-10T00:00:00",
    "weekday": "Mar 2024",
    "netpnl": 427100.0939839999
  },
  {
    "pnl": 0.0,
    "date": "2024-03-11T00:00:00",
    "weekday": "Mar 2024",
    "netpnl": 503750.78518699994
  },
  {
    "pnl": 0.0,
    "date": "2024-03-12T00:00:00",
    "weekday": "Mar 2024",
    "netpnl": 617564.852893
  },
  {
    "pnl": 0.0,
    "date": "2024-03-13T00:00:00",
    "weekday": "Mar 2024",
    "netpnl": 664995.538718
  },
  {
    "pnl": 0.0,
    "date": "2024-03-14T00:00:00",
    "weekday": "Mar 2024",
    "netpnl": 745766.866292
  },
  {
    "pnl": 0.0,
    "date": "2024-03-15T00:00:00",
    "weekday": "Mar 2024",
    "netpnl": 745766.866292
  },
  {
    "pnl": 0.0,
    "date": "2024-03-16T00:00:00",
    "weekday": "Mar 2024",
    "netpnl": 745766.866292
  },
  {
    "pnl": 0.0,
    "date": "2024-03-17T00:00:00",
    "weekday": "Mar 2024",
    "netpnl": 745766.866292
  },
  {
    "pnl": -8214.648404999985,
    "date": "2024-03-18T00:00:00",
    "weekday": "Mar 2024",
    "netpnl": 737552.2178870001
  },
  {
    "pnl": -69932.63639400003,
    "date": "2024-03-19T00:00:00",
    "weekday": "Mar 2024",
    "netpnl": 675834.229898
  }
]