[
  {
    "pnl": 0.0,
    "pnlstr": null,
    "date": "2023-12-22T00:00:00",
    "weekday": "Dec 2023",
    "charges": 0.0,
    "color": null
  },
  {
    "pnl": 0.0,
    "pnlstr": null,
    "date": "2023-12-23T00:00:00",
    "weekday": "Dec 2023",
    "charges": 0.0,
    "color": null
  },
  {
    "pnl": 0.0,
    "pnlstr": null,
    "date": "2023-12-24T00:00:00",
    "weekday": "Dec 2023",
    "charges": 0.0,
    "color": null
  },
  {
    "pnl": 0.0,
    "pnlstr": null,
    "date": "2023-12-25T00:00:00",
    "weekday": "Dec 2023",
    "charges": 0.0,
    "color": null
  },
  {
    "pnl": -98728.060277,
    "pnlstr": null,
    "date": "2023-12-26T00:00:00",
    "weekday": "Dec 2023",
    "charges": 0.0,
    "color": null
  },
  {
    "pnl": -98728.060277,
    "pnlstr": null,
    "date": "2023-12-27T00:00:00",
    "weekday": "Dec 2023",
    "charges": 0.0,
    "color": null
  },
  {
    "pnl": -51777.060761,
    "pnlstr": null,
    "date": "2023-12-28T00:00:00",
    "weekday": "Dec 2023",
    "charges": 0.0,
    "color": null
  },
  {
    "pnl": -51777.060761,
    "pnlstr": null,
    "date": "2023-12-29T00:00:00",
    "weekday": "Dec 2023",
    "charges": 0.0,
    "color": null
  },
  {
    "pnl": -51777.060761,
    "pnlstr": null,
    "date": "2023-12-30T00:00:00",
    "weekday": "Dec 2023",
    "charges": 0.0,
    "color": null
  },
  {
    "pnl": -51777.060761,
    "pnlstr": null,
    "date": "2023-12-31T00:00:00",
    "weekday": "Dec 2023",
    "charges": 0.0,
    "color": null
  },
  {
    "pnl": -29584.373980999993,
    "pnlstr": null,
    "date": "2024-01-01T00:00:00",
    "weekday": "Jan 2024",
    "charges": 0.0,
    "color": null
  },
  {
    "pnl": 0.0,
    "pnlstr": null,
    "date": "2024-01-02T00:00:00",
    "weekday": "Jan 2024",
    "charges": 0.0,
    "color": null
  },
  {
    "pnl": 0.0,
    "pnlstr": null,
    "date": "2024-01-03T00:00:00",
    "weekday": "Jan 2024",
    "charges": 0.0,
    "color": null
  },
  {
    "pnl": 0.0,
    "pnlstr": null,
    "date": "2024-01-04T00:00:00",
    "weekday": "Jan 2024",
    "charges": 0.0,
    "color": null
  },
  {
    "pnl": 0.0,
    "pnlstr": null,
    "date": "2024-01-05T00:00:00",
    "weekday": "Jan 2024",
    "charges": 0.0,
    "color": null
  },
  {
    "pnl": 0.0,
    "pnlstr": null,
    "date": "2024-01-06T00:00:00",
    "weekday": "Jan 2024",
    "charges": 0.0,
    "color": null
  },
  {
    "pnl": 0.0,
    "pnlstr": null,
    "date": "2024-01-07T00:00:00",
    "weekday": "Jan 2024",
    "charges": 0.0,
    "color": null
  },
  {
    "pnl": -8778.571006999991,
    "pnlstr": null,
    "date": "2024-01-08T00:00:00",
    "weekday": "Jan 2024",
    "charges": 0.0,
    "color": null
  },
  {
    "pnl": -43313.229515999985,
    "pnlstr": null,
    "date": "2024-01-09T00:00:00",
    "weekday": "Jan 2024",
    "charges": 0.0,
    "color": null
  },
  {
    "pnl": -98354.64710099998,
    "pnlstr": null,
    "date": "2024-01-10T00:00:00",
    "weekday": "Jan 2024",
    "charges": 0.0,
    "color": null
  },
  {
    "pnl": -71101.705823,
    "pnlstr": null,
    "date": "2024-01-11T00:00:00",
    "weekday": "Jan 2024",
    "charges": 0.0,
    "color": null
  },
  {
    "pnl": -71101.705823,
    "pnlstr": null,
    "date": "2024-01-12T00:00:00",
    "weekday": "Jan 2024",
    "charges": 0.0,
    "color": null
  },
  {
    "pnl": -71101.705823,
    "pnlstr": null,
    "date": "2024-01-13T00:00:00",
    "weekday": "Jan 2024",
    "charges": 0.0,
    "color": null
  },
  {
    "pnl": -71101.705823,
    "pnlstr": null,
    "date": "2024-01-14T00:00:00",
    "weekday": "Jan 2024",
    "charges": 0.0,
    "color": null
  },
  {
    "pnl": -11384.250158999988,
    "pnlstr": null,
    "date": "2024-01-15T00:00:00",
    "weekday": "Jan 2024",
    "charges": 0.0,
    "color": null
  },
  {
    "pnl": -80620.732727,
    "pnlstr": null,
    "date": "2024-01-16T00:00:00",
    "weekday": "Jan 2024",
    "charges": 0.0,
    "color": null
  },
  {
    "pnl": -84744.38471299998,
    "pnlstr": null,
    "date": "2024-01-17T00:00:00",
    "weekday": "Jan 2024",
    "charges": 0.0,
    "color": null
  },
  {
    "pnl": -133210.55606699997,
    "pnlstr": null,
    "date": "2024-01-18T00:00:00",
    "weekday": "Jan 2024",
    "charges": 0.0,
    "color": null
  },
  {
    "pnl": -133210.55606699997,
    "pnlstr": null,
    "date": "2024-01-19T00:00:00",
    "weekday": "Jan 2024",
    "charges": 0.0,
    "color": null
  },
  {
    "pnl": -133210.55606699997,
    "pnlstr": null,
    "date": "2024-01-20T00:00:00",
    "weekday": "Jan 2024",
    "charges": 0.0,
    "color": null
  },
  {
    "pnl": -133210.55606699997,
    "pnlstr": null,
    "date": "2024-01-21T00:00:00",
    "weekday": "Jan 2024",
    "charges": 0.0,
    "color": null
  },
  {
    "pnl": -133210.55606699997,
    "pnlstr": null,
    "date": "2024-01-22T00:00:00",
    "weekday": "Jan 2024",
    "charges": 0.0,
    "color": null
  },
  {
    "pnl": -102227.22752099998,
    "pnlstr": null,
    "date": "2024-01-23T00:00:00",
    "weekday": "Jan 2024",
    "charges": 0.0,
    "color": null
  },
  {
    "pnl": -102227.22752099998,
    "pnlstr": null,
    "date": "2024-01-24T00:00:00",
    "weekday": "Jan 2024",
    "charges": 0.0,
    "color": null
  },
  {
    "pnl": -115972.64870499997,
    "pnlstr": null,
    "date": "2024-01-25T00:00:00",
    "weekday": "Jan 2024",
    "charges": 0.0,
    "color": null
  },
  {
    "pnl": -115972.64870499997,
    "pnlstr": null,
    "date": "2024-01-26T00:00:00",
    "weekday": "Jan 2024",
    "charges": 0.0,
    "color": null
  },
  {
    "pnl": -115972.64870499997,
    "pnlstr": null,
    "date": "2024-01-27T00:00:00",
    "weekday": "Jan 2024",
    "charges": 0.0,
    "color": null
  },
  {
    "pnl": -115972.64870499997,
    "pnlstr": null,
    "date": "2024-01-28T00:00:00",
    "weekday": "Jan 2024",
    "charges": 0.0,
    "color": null
  },
  {
    "pnl": -204955.10417599996,
    "pnlstr": null,
    "date": "2024-01-29T00:00:00",
    "weekday": "Jan 2024",
    "charges": 0.0,
    "color": null
  },
  {
    "pnl": -168720.09207499996,
    "pnlstr": null,
    "date": "2024-01-30T00:00:00",
    "weekday": "Jan 2024",
    "charges": 0.0,
    "color": null
  },
  {
    "pnl": -169846.65251299995,
    "pnlstr": null,
    "date": "2024-01-31T00:00:00",
    "weekday": "Jan 2024",
    "charges": 0.0,
    "color": null
  },
  {
    "pnl": -62223.35282899997,
    "pnlstr": null,
    "date": "2024-02-01T00:00:00",
    "weekday": "Feb 2024",
    "charges": 0.0,
    "color": null
  },
  {
    "pnl": -62223.35282899997,
    "pnlstr": null,
    "date": "2024-02-02T00:00:00",
    "weekday": "Feb 2024",
    "charges": 0.0,
    "color": null
  },
  {
    "pnl": -62223.35282899997,
    "pnlstr": null,
    "date": "2024-02-03T00:00:00",
    "weekday": "Feb 2024",
    "charges": 0.0,
    "color": null
  },
  {
    "pnl": -62223.35282899997,
    "pnlstr": null,
    "date": "2024-02-04T00:00:00",
    "weekday": "Feb 2024",
    "charges": 0.0,
    "color": null
  },
  {
    "pnl": -113790.66481899997,
    "pnlstr": null,
    "date": "2024-02-05T00:00:00",
    "weekday": "Feb 2024",
    "charges": 0.0,
    "color": null
  },
  {
    "pnl": -55916.95549099997,
    "pnlstr": null,
    "date": "2024-02-06T00:00:00",
    "weekday": "Feb 2024",
    "charges": 0.0,
    "color": null
  },
  {
    "pnl": -55321.177304999976,
    "pnlstr": null,
    "date": "2024-02-07T00:00:00",
    "weekday": "Feb 2024",
    "charges": 0.0,
    "color": null
  },
  {
    "pnl": -60242.85202799997,
    "pnlstr": null,
    "date": "2024-02-08T00:00:00",
    "weekday": "Feb 2024",
    "charges": 0.0,
    "color": null
  },
  {
    "pnl": -60242.85202799997,
    "pnlstr": null,
    "date": "2024-02-09T00:00:00",
    "weekday": "Feb 2024",
    "charges": 0.0,
    "color": null
  },
  {
    "pnl": -60242.85202799997,
    "pnlstr": null,
    "date": "2024-02-10T00:00:00",
    "weekday": "Feb 2024",
    "charges": 0.0,
    "color": null
  },
  {
    "pnl": -60242.85202799997,
    "pnlstr": null,
    "date": "2024-02-11T00:00:00",
    "weekday": "Feb 2024",
    "charges": 0.0,
    "color": null
  },
  {
    "pnl": -29571.140770999977,
    "pnlstr": null,
    "date": "2024-02-12T00:00:00",
    "weekday": "Feb 2024",
    "charges": 0.0,
    "color": null
  },
  {
    "pnl": 0.0,
    "pnlstr": null,
    "date": "2024-02-13T00:00:00",
    "weekday": "Feb 2024",
    "charges": 0.0,
    "color": null
  },
  {
    "pnl": -16588.014368000004,
    "pnlstr": null,
    "date": "2024-02-14T00:00:00",
    "weekday": "Feb 2024",
    "charges": 0.0,
    "color": null
  },
  {
    "pnl": 0.0,
    "pnlstr": null,
    "date": "2024-02-15T00:00:00",
    "weekday": "Feb 2024",
    "charges": 0.0,
    "color": null
  },
  {
    "pnl": 0.0,
    "pnlstr": null,
    "date": "2024-02-16T00:00:00",
    "weekday": "Feb 2024",
    "charges": 0.0,
    "color": null
  },
  {
    "pnl": 0.0,
    "pnlstr": null,
    "date": "2024-02-17T00:00:00",
    "weekday": "Feb 2024",
    "charges": 0.0,
    "color": null
  },
  {
    "pnl": 0.0,
    "pnlstr": null,
    "date": "2024-02-18T00:00:00",
    "weekday": "Feb 2024",
    "charges": 0.0,
    "color": null
  },
  {
    "pnl": 0.0,
    "pnlstr": null,
    "date": "2024-02-19T00:00:00",
    "weekday": "Feb 2024",
    "charges": 0.0,
    "color": null
  },
  {
    "pnl": 0.0,
    "pnlstr": null,
    "date": "2024-02-20T00:00:00",
    "weekday": "Feb 2024",
    "charges": 0.0,
    "color": null
  },
  {
    "pnl": 0.0,
    "pnlstr": null,
    "date": "2024-02-21T00:00:00",
    "weekday": "Feb 2024",
    "charges": 0.0,
    "color": null
  },
  {
    "pnl": 0.0,
    "pnlstr": null,
    "date": "2024-02-22T00:00:00",
    "weekday": "Feb 2024",
    "charges": 0.0,
    "color": null
  },
  {
    "pnl": 0.0,
    "pnlstr": null,
    "date": "2024-02-23T00:00:00",
    "weekday": "Feb 2024",
    "charges": 0.0,
    "color": null
  },
  {
    "pnl": 0.0,
    "pnlstr": null,
    "date": "2024-02-24T00:00:00",
    "weekday": "Feb 2024",
    "charges": 0.0,
    "color": null
  },
  {
    "pnl": 0.0,
    "pnlstr": null,
    "date": "2024-02-25T00:00:00",
    "weekday": "Feb 2024",
    "charges": 0.0,
    "color": null
  },
  {
    "pnl": 0.0,
    "pnlstr": null,
    "date": "2024-02-26T00:00:00",
    "weekday": "Feb 2024",
    "charges": 0.0,
    "color": null
  },
  {
    "pnl": 0.0,
    "pnlstr": null,
    "date": "2024-02-27T00:00:00",
    "weekday": "Feb 2024",
    "charges": 0.0,
    "color": null
  },
  {
    "pnl": 0.0,
    "pnlstr": null,
    "date": "2024-02-28T00:00:00",
    "weekday": "Feb 2024",
    "charges": 0.0,
    "color": null
  },
  {
    "pnl": -137198.86571600003,
    "pnlstr": null,
    "date": "2024-02-29T00:00:00",
    "weekday": "Feb 2024",
    "charges": 0.0,
    "color": null
  },
  {
    "pnl": -137198.86571600003,
    "pnlstr": null,
    "date": "2024-03-01T00:00:00",
    "weekday": "Mar 2024",
    "charges": 0.0,
    "color": null
  },
  {
    "pnl": -137198.86571600003,
    "pnlstr": null,
    "date": "2024-03-02T00:00:00",
    "weekday": "Mar 2024",
    "charges": 0.0,
    "color": null
  },
  {
    "pnl": -137198.86571600003,
    "pnlstr": null,
    "date": "2024-03-03T00:00:00",
    "weekday": "Mar 2024",
    "charges": 0.0,
    "color": null
  },
  {
    "pnl": -102183.61760700005,
    "pnlstr": null,
    "date": "2024-03-04T00:00:00",
    "weekday": "Mar 2024",
    "charges": 0.0,
    "color": null
  },
  {
    "pnl": -143819.34441000008,
    "pnlstr": null,
    "date": "2024-03-05T00:00:00",
    "weekday": "Mar 2024",
    "charges": 0.0,
    "color": null
  },
  {
    "pnl": -144439.09430000006,
    "pnlstr": null,
    "date": "2024-03-06T00:00:00",
    "weekday": "Mar 2024",
    "charges": 0.0,
    "color": null
  },
  {
    "pnl": -40563.34951700008,
    "pnlstr": null,
    "date": "2024-03-07T00:00:00",
    "weekday": "Mar 2024",
    "charges": 0.0,
    "color": null
  },
  {
    "pnl": -40563.34951700008,
    "pnlstr": null,
    "date": "2024-03-08T00:00:00",
    "weekday": "Mar 2024",
    "charges": 0.0,
    "color": null
  },
  {
    "pnl": -40563.34951700008,
    "pnlstr": null,
    "date": "2024-03-09T00:00:00",
    "weekday": "Mar 2024",
    "charges": 0.0,
    "color": null
  },
  {
    "pnl": -40563.34951700008,
    "pnlstr": null,
    "date": "2024-03-10T00:00:00",
    "weekday": "Mar 2024",
    "charges": 0.0,
    "color": null
  },
  {
    "pnl": 0.0,
    "pnlstr": null,
    "date": "2024-03-11T00:00:00",
    "weekday": "Mar 2024",
    "charges": 0.0,
    "color": null
  },
  {
    "pnl": 0.0,
    "pnlstr": null,
    "date": "2024-03-12T00:00:00",
    "weekday": "Mar 2024",
    "charges": 0.0,
    "color": null
  },
  {
    "pnl": 0.0,
    "pnlstr": null,
    "date": "2024-03-13T00:00:00",
    "weekday": "Mar 2024",
    "charges": 0.0,
    "color": null
  },
  {
    "pnl": 0.0,
    "pnlstr": null,
    "date": "2024-03-14T00:00:00",
    "weekday": "Mar 2024",
    "charges": 0.0,
    "color": null
  },
  {
    "pnl": 0.0,
    "pnlstr": null,
    "date": "2024-03-15T00:00:00",
    "weekday": "Mar 2024",
    "charges": 0.0,
    "color": null
  },
  {
    "pnl": 0.0,
    "pnlstr": null,
    "date": "2024-03-16T00:00:00",
    "weekday": "Mar 2024",
    "charges": 0.0,
    "color": null
  },
  {
    "pnl": 0.0,
    "pnlstr": null,
    "date": "2024-03-17T00:00:00",
    "weekday": "Mar 2024",
    "charges": 0.0,
    "color": null
  },
  {
    "pnl": -8214.648404999985,
    "pnlstr": null,
    "date": "2024-03-18T00:00:00",
    "weekday": "Mar 2024",
    "charges": 0.0,
    "color": null
  },
  {
    "pnl": -69932.63639400003,
    "pnlstr": null,
    "date": "2024-03-19T00:00:00",
    "weekday": "Mar 2024",
    "charges": 0.0,
    "color": null
  }
]