[
  {
    "pnl": -40912.25,
    "netpnl": -45487.404091,
    "date": "2023-12-01T00:00:00",
    "weekday": "Dec 2023",
    "charges": 4575.154090999999,
    "color": null
  },
  {
    "pnl": 6626.75,
    "netpnl": -17843.23727999998,
    "date": "2024-01-01T00:00:00",
    "weekday": "Jan 2024",
    "charges": 24469.987279999998,
    "color": null
  },
  {
    "pnl": 416499.5,
    "netpnl": 393795.21915599995,
    "date": "2024-02-01T00:00:00",
    "weekday": "Feb 2024",
    "charges": 22704.280843999997,
    "color": null
  },
  {
    "pnl": 358332.0,
    "netpnl": 345369.65211300005,
    "date": "2024-03-01T00:00:00",
    "weekday": "Mar 2024",
    "charges": 12962.347887,
    "color": null
  }
]