[
  {
    "pnl": -45487.404091,
    "date": "2023-12-31T00:00:00",
    "weekday": "Dec 2023",
    "netpnl": -45487.404091
  },
  {
    "pnl": -63330.64137099996,
    "date": "2024-01-31T00:00:00",
    "weekday": "Jan 2024",
    "netpnl": -63330.64137099996
  },
  {
    "pnl": 0.0,
    "date": "2024-02-29T00:00:00",
    "weekday": "Feb 2024",
    "netpnl": 330464.577785
  },
  {
    "pnl": 0.0,
    "date": "2024-03-31T00:00:00",
    "weekday": "Mar 2024",
    "netpnl": 675834.229898
  }
]