{
  "capital": 0.0,
  "totaltradingdays": 46,
  "windays": 28,
  "lossdays": 18,
  "maxwinningstreakdays": 7,
  "maxlosingstreakdays": 3,
  "maxdddays": 36,
  "maxdddaysstr": "07/01/2024 to 12/02/2024",
  "rewardtorisk": 0.0,
  "winrate": 60.86956521739131,
  "lossrate": 39.130434782608695,
  "avgmonthlyprofit": 168958.5574745,
  "totalprofit": 675834.229898,
  "maxprofitaday": 131043.66,
  "maxlossaday": -137198.87,
  "avgprofit_lossdaily": 7593.643258426966,
  "avgprofitonprofitdays": 50752.20285714286,
  "avglossonlossdays": -41401.52388888889,
  "maxdrawdown": 204955.10417599996,
  "maxdrawdownper": 0.0,
  "avgmonthlyprofitstr": "1.69L",
  "totalprofitstr": "6.76L",
  "maxprofitadaystr": "1.31L",
  "maxlossadaystr": "-1.37L",
  "avgprofit_lossdailystr": "7.59K",
  "avgprofitonprofitdaysstr": "50.75K",
  "avglossonlossdaysstr": "-41.4K",
  "maxdrawdownstr": "2.05L",
  "expectancyratio": 0.0
}