[
  {
    "pnl": 7702.5,
    "date": "2023-12-24T00:00:00",
    "weekday": "Dec 2023",
    "netpnl": 6289.65667
  },
  {
    "pnl": -40912.25,
    "date": "2023-12-31T00:00:00",
    "weekday": "Dec 2023",
    "netpnl": -45487.404091
  },
  {
    "pnl": 116178.25,
    "date": "2024-01-07T00:00:00",
    "weekday": "Jan 2024",
    "netpnl": 106516.011142
  },
  {
    "pnl": 50875.25,
    "date": "2024-01-14T00:00:00",
    "weekday": "Jan 2024",
    "netpnl": 35414.305319000014
  },
  {
    "pnl": -5630.75,
    "date": "2024-01-21T00:00:00",
    "weekday": "Jan 2024",
    "netpnl": -26694.544924999973
  },
  {
    "pnl": 14743.75,
    "date": "2024-01-28T00:00:00",
    "weekday": "Jan 2024",
    "netpnl": -9456.637562999975
  },
  {
    "pnl": 74649.5,
    "date": "2024-02-04T00:00:00",
    "weekday": "Feb 2024",
    "netpnl": 44292.658313000036
  },
  {
    "pnl": 82837.25,
    "date": "2024-02-11T00:00:00",
    "weekday": "Feb 2024",
    "netpnl": 46273.15911400003
  },
  {
    "pnl": 239006.25,
    "date": "2024-02-18T00:00:00",
    "weekday": "Feb 2024",
    "netpnl": 196882.98373400004
  },
  {
    "pnl": 365508.25,
    "date": "2024-02-25T00:00:00",
    "weekday": "Feb 2024",
    "netpnl": 318350.263629
  },
  {
    "pnl": 382214.0,
    "date": "2024-03-03T00:00:00",
    "weekday": "Mar 2024",
    "netpnl": 330464.577785
  },
  {
    "pnl": 484045.75,
    "date": "2024-03-10T00:00:00",
    "weekday": "Mar 2024",
    "netpnl": 427100.0939839999
  },
  {
    "pnl": 807960.25,
    "date": "2024-03-17T00:00:00",
    "weekday": "Mar 2024",
    "netpnl": 745766.866292
  },
  {
    "pnl": 740546.0,
    "date": "2024-03-24T00:00:00",
    "weekday": "Mar 2024",
    "netpnl": 675834.229898
  }
]