[
  {
    "pnl": 0.0,
    "date": "2023-12-24T00:00:00",
    "weekday": "Dec 2023",
    "netpnl": 6289.65667
  },
  {
    "pnl": -51777.060761,
    "date": "2023-12-31T00:00:00",
    "weekday": "Dec 2023",
    "netpnl": -45487.404091
  },
  {
    "pnl": 0.0,
    "date": "2024-01-07T00:00:00",
    "weekday": "Jan 2024",
    "netpnl": 106516.011142
  },
  {
    "pnl": -71101.705823,
    "date": "2024-01-14T00:00:00",
    "weekday": "Jan 2024",
    "netpnl": 35414.305319000014
  },
  {
    "pnl": -133210.55606699997,
    "date": "2024-01-21T00:00:00",
    "weekday": "Jan 2024",
    "netpnl": -26694.544924999973
  },
  {
    "pnl": -115972.64870499997,
    "date": "2024-01-28T00:00:00",
    "weekday": "Jan 2024",
    "netpnl": -9456.637562999975
  },
  {
    "pnl": -62223.35282899997,
    "date": "2024-02-04T00:00:00",
    "weekday": "Feb 2024",
    "netpnl": 44292.658313000036
  },
  {
    "pnl": -60242.85202799997,
    "date": "2024-02-11T00:00:00",
    "weekday": "Feb 2024",
    "netpnl": 46273.15911400003
  },
  {
    "pnl": 0.0,
    "date": "2024-02-18T00:00:00",
    "weekday": "Feb 2024",
    "netpnl": 196882.98373400004
  },
  {
    "pnl": 0.0,
    "date": "2024-02-25T00:00:00",
    "weekday": "Feb 2024",
    "netpnl": 318350.263629
  },
  {
    "pnl": 0.0,
    "date": "2024-03-03T00:00:00",
    "weekday": "Mar 2024",
    "netpnl": 330464.577785
  },
  {
    "pnl": 0.0,
    "date": "2024-03-10T00:00:00",
    "weekday": "Mar 2024",
    "netpnl": 427100.0939839999
  },
  {
    "pnl": 0.0,
    "date": "2024-03-17T00:00:00",
    "weekday": "Mar 2024",
    "netpnl": 745766.866292
  },
  {
    "pnl": -69932.63639400003,
    "date": "2024-03-24T00:00:00",
    "weekday": "Mar 2024",
    "netpnl": 675834.229898
  }
]