{
  "realisedpnl": {
    "endvalue": 66.06075,
    "actualvalue": 66060.75,
    "decimalplaces": 2,
    "suffix": "K",
    "color": "#f5803e",
    "name": "Realised PNL",
    "prefix": "+"
  },
  "totalpnl": {
    "endvalue": 67.206037425,
    "actualvalue": 67206.037425,
    "decimalplaces": 2,
    "suffix": "K",
    "color": "#f5803e",
    "name": "Total PNL",
    "prefix": ""
  },
  "chargestaxes": {
    "endvalue": 1.145287425,
    "actualvalue": 1145.287425,
    "decimalplaces": 2,
    "suffix": "K",
    "color": "#27bcfd",
    "name": "Charges Taxes",
    "prefix": ""
  },
  "netrealisedpnl": {
    "endvalue": 64.91546257499999,
    "actualvalue": 64915.462575,
    "decimalplaces": 2,
    "suffix": "K",
    "color": "#00d27a",
    "name": "NetRealised PNL",
    "prefix": "+"
  },
  "unrealisedpnl": {
    "endvalue": 0.0,
    "actualvalue": 0.0,
    "decimalplaces": 2,
    "suffix": "",
    "color": "#2c7be5",
    "name": "Unrealised PNL",
    "prefix": ""
  },
  "name": null,
  "total": 0,
  "totaltradingdays": 0,
  "barchart": null,
  "winrate": 100.0,
  "pnlddratio": 0.0,
  "maxdrawdownint": 0.0,
  "maxdrawdown": null,
  "maxdate": null,
  "mindate": null
}