{
  "capital": 0.0,
  "totaltradingdays": 2,
  "windays": 2,
  "lossdays": 0,
  "maxwinningstreakdays": 2,
  "maxlosingstreakdays": 0,
  "maxdddays": 0,
  "maxdddaysstr": " to ",
  "rewardtorisk": 0.0,
  "winrate": 100.0,
  "lossrate": 0.0,
  "avgmonthlyprofit": 0.0,
  "totalprofit": 64915.462575,
  "maxprofitaday": 42128.1,
  "maxlossaday": 22787.37,
  "avgprofit_lossdaily": 32457.735,
  "avgprofitonprofitdays": 32457.735,
  "avglossonlossdays": 0.0,
  "maxdrawdown": -0.0,
  "maxdrawdownper": 0.0,
  "avgmonthlyprofitstr": "",
  "totalprofitstr": "64.92K",
  "maxprofitadaystr": "42.13K",
  "maxlossadaystr": "22.79K",
  "avgprofit_lossdailystr": "32.46K",
  "avgprofitonprofitdaysstr": "32.46K",
  "avglossonlossdaysstr": "",
  "maxdrawdownstr": "",
  "expectancyratio": 0.0
}