{
  "realisedpnl": {
    "endvalue": 14.62825,
    "actualvalue": 14628.25,
    "decimalplaces": 2,
    "suffix": "K",
    "color": "#f5803e",
    "name": "Realised PNL",
    "prefix": "+"
  },
  "totalpnl": {
    "endvalue": 18.417808819999998,
    "actualvalue": 18417.80882,
    "decimalplaces": 2,
    "suffix": "K",
    "color": "#f5803e",
    "name": "Total PNL",
    "prefix": ""
  },
  "chargestaxes": {
    "endvalue": 3.7895588200000003,
    "actualvalue": 3789.55882,
    "decimalplaces": 2,
    "suffix": "K",
    "color": "#27bcfd",
    "name": "Charges Taxes",
    "prefix": ""
  },
  "netrealisedpnl": {
    "endvalue": 10.83869118,
    "actualvalue": 10838.69118,
    "decimalplaces": 2,
    "suffix": "K",
    "color": "#00d27a",
    "name": "NetRealised PNL",
    "prefix": "+"
  },
  "unrealisedpnl": {
    "endvalue": 0.0,
    "actualvalue": 0.0,
    "decimalplaces": 2,
    "suffix": "",
    "color": "#2c7be5",
    "name": "Unrealised PNL",
    "prefix": ""
  },
  "name": null,
  "total": 0,
  "totaltradingdays": 0,
  "barchart": null,
  "winrate": 33.33333333333333,
  "pnlddratio": 0.1549875957619399,
  "maxdrawdownint": 0.0,
  "maxdrawdown": null,
  "maxdate": null,
  "mindate": null
}