[
  {
    "pnl": 82042.5,
    "date": "2024-03-14T00:00:00",
    "weekday": "Mar 2024",
    "netpnl": 80771.327574
  },
  {
    "pnl": 82042.5,
    "date": "2024-03-15T00:00:00",
    "weekday": "Mar 2024",
    "netpnl": 80771.327574
  },
  {
    "pnl": 82042.5,
    "date": "2024-03-16T00:00:00",
    "weekday": "Mar 2024",
    "netpnl": 80771.327574
  },
  {
    "pnl": 82042.5,
    "date": "2024-03-17T00:00:00",
    "weekday": "Mar 2024",
    "netpnl": 80771.327574
  },
  {
    "pnl": 75116.25,
    "date": "2024-03-18T00:00:00",
    "weekday": "Mar 2024",
    "netpnl": 72556.679169
  },
  {
    "pnl": 14628.25,
    "date": "2024-03-19T00:00:00",
    "weekday": "Mar 2024",
    "netpnl": 10838.691179999994
  }
]