[
  {
    "pnl": 80771.327574,
    "pnlstr": null,
    "date": "2024-03-14T00:00:00",
    "weekday": "Mar 2024",
    "charges": 0.0,
    "color": null
  },
  {
    "pnl": 80771.327574,
    "pnlstr": null,
    "date": "2024-03-15T00:00:00",
    "weekday": "Mar 2024",
    "charges": 0.0,
    "color": null
  },
  {
    "pnl": 80771.327574,
    "pnlstr": null,
    "date": "2024-03-16T00:00:00",
    "weekday": "Mar 2024",
    "charges": 0.0,
    "color": null
  },
  {
    "pnl": 80771.327574,
    "pnlstr": null,
    "date": "2024-03-17T00:00:00",
    "weekday": "Mar 2024",
    "charges": 0.0,
    "color": null
  },
  {
    "pnl": 72556.679169,
    "pnlstr": null,
    "date": "2024-03-18T00:00:00",
    "weekday": "Mar 2024",
    "charges": 0.0,
    "color": null
  },
  {
    "pnl": 10838.691179999994,
    "pnlstr": null,
    "date": "2024-03-19T00:00:00",
    "weekday": "Mar 2024",
    "charges": 0.0,
    "color": null
  }
]