{
  "capital": 0.0,
  "totaltradingdays": 3,
  "windays": 1,
  "lossdays": 2,
  "maxwinningstreakdays": 1,
  "maxlosingstreakdays": 2,
  "maxdddays": 2,
  "maxdddaysstr": "17/03/2024 to 19/03/2024",
  "rewardtorisk": 0.0,
  "winrate": 33.33333333333333,
  "lossrate": 66.66666666666666,
  "avgmonthlyprofit": 0.0,
  "totalprofit": 10838.691179999994,
  "maxprofitaday": 80771.33,
  "maxlossaday": -61717.99,
  "avgprofit_lossdaily": 1806.4483333333349,
  "avgprofitonprofitdays": 80771.33,
  "avglossonlossdays": -34966.32,
  "maxdrawdown": 69932.636394,
  "maxdrawdownper": 0.0,
  "avgmonthlyprofitstr": "",
  "totalprofitstr": "10.84K",
  "maxprofitadaystr": "80.77K",
  "maxlossadaystr": "-61.72K",
  "avgprofit_lossdailystr": "1.81K",
  "avgprofitonprofitdaysstr": "80.77K",
  "avglossonlossdaysstr": "-34.97K",
  "maxdrawdownstr": "69.93K",
  "expectancyratio": 0.0
}