[
  {
    "pnl": 0.0,
    "date": "2023-02-28T00:00:00",
    "weekday": "Feb 2023",
    "netpnl": 29465.389863
  },
  {
    "pnl": 0.0,
    "date": "2023-03-01T00:00:00",
    "weekday": "Mar 2023",
    "netpnl": 37220.307071
  },
  {
    "pnl": 0.0,
    "date": "2023-03-02T00:00:00",
    "weekday": "Mar 2023",
    "netpnl": 55672.654332000006
  },
  {
    "pnl": 0.0,
    "date": "2023-03-03T00:00:00",
    "weekday": "Mar 2023",
    "netpnl": 55672.654332000006
  },
  {
    "pnl": 0.0,
    "date": "2023-03-04T00:00:00",
    "weekday": "Mar 2023",
    "netpnl": 55672.654332000006
  },
  {
    "pnl": 0.0,
    "date": "2023-03-05T00:00:00",
    "weekday": "Mar 2023",
    "netpnl": 55672.654332000006
  },
  {
    "pnl": 0.0,
    "date": "2023-03-06T00:00:00",
    "weekday": "Mar 2023",
    "netpnl": 61016.600337
  },
  {
    "pnl": 0.0,
    "date": "2023-03-07T00:00:00",
    "weekday": "Mar 2023",
    "netpnl": 61016.600337
  },
  {
    "pnl": 0.0,
    "date": "2023-03-08T00:00:00",
    "weekday": "Mar 2023",
    "netpnl": 69434.974277
  },
  {
    "pnl": -48838.492266,
    "date": "2023-03-09T00:00:00",
    "weekday": "Mar 2023",
    "netpnl": 20596.482011
  },
  {
    "pnl": -48838.492266,
    "date": "2023-03-10T00:00:00",
    "weekday": "Mar 2023",
    "netpnl": 20596.482011
  },
  {
    "pnl": -48838.492266,
    "date": "2023-03-11T00:00:00",
    "weekday": "Mar 2023",
    "netpnl": 20596.482011
  },
  {
    "pnl": -48838.492266,
    "date": "2023-03-12T00:00:00",
    "weekday": "Mar 2023",
    "netpnl": 20596.482011
  },
  {
    "pnl": -19800.130052,
    "date": "2023-03-13T00:00:00",
    "weekday": "Mar 2023",
    "netpnl": 49634.844225
  },
  {
    "pnl": 0.0,
    "date": "2023-03-14T00:00:00",
    "weekday": "Mar 2023",
    "netpnl": 75746.72422999999
  },
  {
    "pnl": -19251.584848,
    "date": "2023-03-15T00:00:00",
    "weekday": "Mar 2023",
    "netpnl": 56495.139381999994
  },
  {
    "pnl": -84321.381008,
    "date": "2023-03-16T00:00:00",
    "weekday": "Mar 2023",
    "netpnl": -8574.656778000004
  },
  {
    "pnl": -84321.381008,
    "date": "2023-03-17T00:00:00",
    "weekday": "Mar 2023",
    "netpnl": -8574.656778000004
  },
  {
    "pnl": -84321.381008,
    "date": "2023-03-18T00:00:00",
    "weekday": "Mar 2023",
    "netpnl": -8574.656778000004
  },
  {
    "pnl": -84321.381008,
    "date": "2023-03-19T00:00:00",
    "weekday": "Mar 2023",
    "netpnl": -8574.656778000004
  },
  {
    "pnl": -109844.880481,
    "date": "2023-03-20T00:00:00",
    "weekday": "Mar 2023",
    "netpnl": -34098.15625100001
  },
  {
    "pnl": -113478.57311900001,
    "date": "2023-03-21T00:00:00",
    "weekday": "Mar 2023",
    "netpnl": -37731.84888900001
  },
  {
    "pnl": -98427.780063,
    "date": "2023-03-22T00:00:00",
    "weekday": "Mar 2023",
    "netpnl": -22681.055833000006
  },
  {
    "pnl": -165731.490221,
    "date": "2023-03-23T00:00:00",
    "weekday": "Mar 2023",
    "netpnl": -89984.76599100001
  },
  {
    "pnl": -165731.490221,
    "date": "2023-03-24T00:00:00",
    "weekday": "Mar 2023",
    "netpnl": -89984.76599100001
  },
  {
    "pnl": -165731.490221,
    "date": "2023-03-25T00:00:00",
    "weekday": "Mar 2023",
    "netpnl": -89984.76599100001
  },
  {
    "pnl": -165731.490221,
    "date": "2023-03-26T00:00:00",
    "weekday": "Mar 2023",
    "netpnl": -89984.76599100001
  },
  {
    "pnl": -114925.92788100001,
    "date": "2023-03-27T00:00:00",
    "weekday": "Mar 2023",
    "netpnl": -39179.20365100001
  },
  {
    "pnl": -78317.702451,
    "date": "2023-03-28T00:00:00",
    "weekday": "Mar 2023",
    "netpnl": -2570.978221000012
  },
  {
    "pnl": -72180.392596,
    "date": "2023-03-29T00:00:00",
    "weekday": "Mar 2023",
    "netpnl": 3566.3316339999883
  },
  {
    "pnl": -72180.392596,
    "date": "2023-03-30T00:00:00",
    "weekday": "Mar 2023",
    "netpnl": 3566.3316339999883
  },
  {
    "pnl": -72180.392596,
    "date": "2023-03-31T00:00:00",
    "weekday": "Mar 2023",
    "netpnl": 3566.3316339999883
  }
]