[
  {
    "pnl": 29465.389863,
    "pnlstr": null,
    "date": "2023-02-28T00:00:00",
    "weekday": "Feb 2023",
    "charges": 0.0,
    "color": null
  },
  {
    "pnl": 37220.307071,
    "pnlstr": null,
    "date": "2023-03-01T00:00:00",
    "weekday": "Mar 2023",
    "charges": 0.0,
    "color": null
  },
  {
    "pnl": 55672.654332000006,
    "pnlstr": null,
    "date": "2023-03-02T00:00:00",
    "weekday": "Mar 2023",
    "charges": 0.0,
    "color": null
  },
  {
    "pnl": 55672.654332000006,
    "pnlstr": null,
    "date": "2023-03-03T00:00:00",
    "weekday": "Mar 2023",
    "charges": 0.0,
    "color": null
  },
  {
    "pnl": 55672.654332000006,
    "pnlstr": null,
    "date": "2023-03-04T00:00:00",
    "weekday": "Mar 2023",
    "charges": 0.0,
    "color": null
  },
  {
    "pnl": 55672.654332000006,
    "pnlstr": null,
    "date": "2023-03-05T00:00:00",
    "weekday": "Mar 2023",
    "charges": 0.0,
    "color": null
  },
  {
    "pnl": 61016.600337,
    "pnlstr": null,
    "date": "2023-03-06T00:00:00",
    "weekday": "Mar 2023",
    "charges": 0.0,
    "color": null
  },
  {
    "pnl": 61016.600337,
    "pnlstr": null,
    "date": "2023-03-07T00:00:00",
    "weekday": "Mar 2023",
    "charges": 0.0,
    "color": null
  },
  {
    "pnl": 69434.974277,
    "pnlstr": null,
    "date": "2023-03-08T00:00:00",
    "weekday": "Mar 2023",
    "charges": 0.0,
    "color": null
  },
  {
    "pnl": 20596.482011,
    "pnlstr": null,
    "date": "2023-03-09T00:00:00",
    "weekday": "Mar 2023",
    "charges": 0.0,
    "color": null
  },
  {
    "pnl": 20596.482011,
    "pnlstr": null,
    "date": "2023-03-10T00:00:00",
    "weekday": "Mar 2023",
    "charges": 0.0,
    "color": null
  },
  {
    "pnl": 20596.482011,
    "pnlstr": null,
    "date": "2023-03-11T00:00:00",
    "weekday": "Mar 2023",
    "charges": 0.0,
    "color": null
  },
  {
    "pnl": 20596.482011,
    "pnlstr": null,
    "date": "2023-03-12T00:00:00",
    "weekday": "Mar 2023",
    "charges": 0.0,
    "color": null
  },
  {
    "pnl": 49634.844225,
    "pnlstr": null,
    "date": "2023-03-13T00:00:00",
    "weekday": "Mar 2023",
    "charges": 0.0,
    "color": null
  },
  {
    "pnl": 75746.72422999999,
    "pnlstr": null,
    "date": "2023-03-14T00:00:00",
    "weekday": "Mar 2023",
    "charges": 0.0,
    "color": null
  },
  {
    "pnl": 56495.139381999994,
    "pnlstr": null,
    "date": "2023-03-15T00:00:00",
    "weekday": "Mar 2023",
    "charges": 0.0,
    "color": null
  },
  {
    "pnl": -8574.656778000004,
    "pnlstr": null,
    "date": "2023-03-16T00:00:00",
    "weekday": "Mar 2023",
    "charges": 0.0,
    "color": null
  },
  {
    "pnl": -8574.656778000004,
    "pnlstr": null,
    "date": "2023-03-17T00:00:00",
    "weekday": "Mar 2023",
    "charges": 0.0,
    "color": null
  },
  {
    "pnl": -8574.656778000004,
    "pnlstr": null,
    "date": "2023-03-18T00:00:00",
    "weekday": "Mar 2023",
    "charges": 0.0,
    "color": null
  },
  {
    "pnl": -8574.656778000004,
    "pnlstr": null,
    "date": "2023-03-19T00:00:00",
    "weekday": "Mar 2023",
    "charges": 0.0,
    "color": null
  },
  {
    "pnl": -34098.15625100001,
    "pnlstr": null,
    "date": "2023-03-20T00:00:00",
    "weekday": "Mar 2023",
    "charges": 0.0,
    "color": null
  },
  {
    "pnl": -37731.84888900001,
    "pnlstr": null,
    "date": "2023-03-21T00:00:00",
    "weekday": "Mar 2023",
    "charges": 0.0,
    "color": null
  },
  {
    "pnl": -22681.055833000006,
    "pnlstr": null,
    "date": "2023-03-22T00:00:00",
    "weekday": "Mar 2023",
    "charges": 0.0,
    "color": null
  },
  {
    "pnl": -89984.76599100001,
    "pnlstr": null,
    "date": "2023-03-23T00:00:00",
    "weekday": "Mar 2023",
    "charges": 0.0,
    "color": null
  },
  {
    "pnl": -89984.76599100001,
    "pnlstr": null,
    "date": "2023-03-24T00:00:00",
    "weekday": "Mar 2023",
    "charges": 0.0,
    "color": null
  },
  {
    "pnl": -89984.76599100001,
    "pnlstr": null,
    "date": "2023-03-25T00:00:00",
    "weekday": "Mar 2023",
    "charges": 0.0,
    "color": null
  },
  {
    "pnl": -89984.76599100001,
    "pnlstr": null,
    "date": "2023-03-26T00:00:00",
    "weekday": "Mar 2023",
    "charges": 0.0,
    "color": null
  },
  {
    "pnl": -39179.20365100001,
    "pnlstr": null,
    "date": "2023-03-27T00:00:00",
    "weekday": "Mar 2023",
    "charges": 0.0,
    "color": null
  },
  {
    "pnl": -2570.978221000012,
    "pnlstr": null,
    "date": "2023-03-28T00:00:00",
    "weekday": "Mar 2023",
    "charges": 0.0,
    "color": null
  },
  {
    "pnl": 3566.3316339999883,
    "pnlstr": null,
    "date": "2023-03-29T00:00:00",
    "weekday": "Mar 2023",
    "charges": 0.0,
    "color": null
  },
  {
    "pnl": 3566.3316339999883,
    "pnlstr": null,
    "date": "2023-03-30T00:00:00",
    "weekday": "Mar 2023",
    "charges": 0.0,
    "color": null
  },
  {
    "pnl": 3566.3316339999883,
    "pnlstr": null,
    "date": "2023-03-31T00:00:00",
    "weekday": "Mar 2023",
    "charges": 0.0,
    "color": null
  }
]