[
  {
    "year": 2023,
    "monthly": [
      {
        "pnl": 0.0,
        "pnlstr": "",
        "date": "2023-01-01T00:00:00",
        "weekday": "",
        "charges": 0.0,
        "color": null
      },
      {
        "pnl": 29465.39,
        "pnlstr": "29.47K",
        "date": "2023-02-01T00:00:00",
        "weekday": "Feb 2023",
        "charges": 0.0,
        "color": null
      },
      {
        "pnl": -25899.06,
        "pnlstr": "-25.9K",
        "date": "2023-03-01T00:00:00",
        "weekday": "Mar 2023",
        "charges": 0.0,
        "color": null
      },
      {
        "pnl": 0.0,
        "pnlstr": "",
        "date": "2023-04-01T00:00:00",
        "weekday": "",
        "charges": 0.0,
        "color": null
      },
      {
        "pnl": 0.0,
        "pnlstr": "",
        "date": "2023-05-01T00:00:00",
        "weekday": "",
        "charges": 0.0,
        "color": null
      },
      {
        "pnl": 0.0,
        "pnlstr": "",
        "date": "2023-06-01T00:00:00",
        "weekday": "",
        "charges": 0.0,
        "color": null
      },
      {
        "pnl": 0.0,
        "pnlstr": "",
        "date": "2023-07-01T00:00:00",
        "weekday": "",
        "charges": 0.0,
        "color": null
      },
      {
        "pnl": 0.0,
        "pnlstr": "",
        "date": "2023-08-01T00:00:00",
        "weekday": "",
        "charges": 0.0,
        "color": null
      },
      {
        "pnl": 0.0,
        "pnlstr": "",
        "date": "2023-09-01T00:00:00",
        "weekday": "",
        "charges": 0.0,
        "color": null
      },
      {
        "pnl": 0.0,
        "pnlstr": "",
        "date": "2023-10-01T00:00:00",
        "weekday": "",
        "charges": 0.0,
        "color": null
      },
      {
        "pnl": 0.0,
        "pnlstr": "",
        "date": "2023-11-01T00:00:00",
        "weekday": "",
        "charges": 0.0,
        "color": null
      },
      {
        "pnl": 0.0,
        "pnlstr": "",
        "date": "2023-12-01T00:00:00",
        "weekday": "",
        "charges": 0.0,
        "color": null
      }
    ],
    "total": 3566.329999999998,
    "totalstr": "3.57K"
  }
]