[
  {
    "year": 2023,
    "monthly": [
      {
        "pnl": 59664.369999999995,
        "pnlstr": "59.66K",
        "date": "0001-01-01T00:00:00",
        "weekday": "Monday",
        "charges": 0.0,
        "color": null
      },
      {
        "pnl": 88551.81,
        "pnlstr": "88.55K",
        "date": "0001-01-01T00:00:00",
        "weekday": "Tuesday",
        "charges": 0.0,
        "color": null
      },
      {
        "pnl": 18109.81,
        "pnlstr": "18.11K",
        "date": "0001-01-01T00:00:00",
        "weekday": "Wednesday",
        "charges": 0.0,
        "color": null
      },
      {
        "pnl": -162759.65000000002,
        "pnlstr": "-1.63L",
        "date": "0001-01-01T00:00:00",
        "weekday": "Thursday",
        "charges": 0.0,
        "color": null
      },
      {
        "pnl": 0.0,
        "pnlstr": "",
        "date": "0001-01-01T00:00:00",
        "weekday": "Friday",
        "charges": 0.0,
        "color": null
      },
      {
        "pnl": 0.0,
        "pnlstr": "",
        "date": "0001-01-01T00:00:00",
        "weekday": "Saturday",
        "charges": 0.0,
        "color": null
      },
      {
        "pnl": 0.0,
        "pnlstr": "",
        "date": "0001-01-01T00:00:00",
        "weekday": "Sunday",
        "charges": 0.0,
        "color": null
      }
    ],
    "total": 3566.3399999999674,
    "totalstr": "3.57K"
  }
]