{
  "capital": 0.0,
  "totaltradingdays": 17,
  "windays": 11,
  "lossdays": 6,
  "maxwinningstreakdays": 5,
  "maxlosingstreakdays": 4,
  "maxdddays": 17,
  "maxdddaysstr": "14/03/2023 to 31/03/2023",
  "rewardtorisk": 0.0,
  "winrate": 64.70588235294117,
  "lossrate": 35.294117647058826,
  "avgmonthlyprofit": 3566.3316339999883,
  "totalprofit": 3566.3316339999883,
  "maxprofitaday": 50805.56,
  "maxlossaday": -67303.71,
  "avgprofit_lossdaily": 111.44812499999975,
  "avgprofitonprofitdays": 21198.828181818182,
  "avglossonlossdays": -38270.128333333334,
  "maxdrawdown": 165731.490221,
  "maxdrawdownper": 0.0,
  "avgmonthlyprofitstr": "3.57K",
  "totalprofitstr": "3.57K",
  "maxprofitadaystr": "50.81K",
  "maxlossadaystr": "-67.3K",
  "avgprofit_lossdailystr": "111.45",
  "avgprofitonprofitdaysstr": "21.2K",
  "avglossonlossdaysstr": "-38.27K",
  "maxdrawdownstr": "1.66L",
  "expectancyratio": 0.0
}