[
  {
    "pnl": 58131.25,
    "date": "2023-02-27T00:00:00",
    "weekday": "Feb 2023",
    "netpnl": 55672.654332
  },
  {
    "pnl": 25416.25,
    "date": "2023-03-06T00:00:00",
    "weekday": "Mar 2023",
    "netpnl": 20596.482010999993
  },
  {
    "pnl": -1040.0,
    "date": "2023-03-13T00:00:00",
    "weekday": "Mar 2023",
    "netpnl": -8574.656778000004
  },
  {
    "pnl": -79287.5,
    "date": "2023-03-20T00:00:00",
    "weekday": "Mar 2023",
    "netpnl": -89984.76599100001
  },
  {
    "pnl": 16818.75,
    "date": "2023-03-27T00:00:00",
    "weekday": "Mar 2023",
    "netpnl": 3566.3316339999874
  }
]