[
  {
    "pnl": 0.0,
    "date": "2023-02-27T00:00:00",
    "weekday": "Feb 2023",
    "netpnl": 55672.654332
  },
  {
    "pnl": -35076.172321000005,
    "date": "2023-03-06T00:00:00",
    "weekday": "Mar 2023",
    "netpnl": 20596.482010999993
  },
  {
    "pnl": -64247.31111,
    "date": "2023-03-13T00:00:00",
    "weekday": "Mar 2023",
    "netpnl": -8574.656778000004
  },
  {
    "pnl": -145657.420323,
    "date": "2023-03-20T00:00:00",
    "weekday": "Mar 2023",
    "netpnl": -89984.76599100001
  },
  {
    "pnl": -52106.32269800001,
    "date": "2023-03-27T00:00:00",
    "weekday": "Mar 2023",
    "netpnl": 3566.3316339999874
  }
]