[
  {
    "pnl": 55672.654332,
    "pnlstr": null,
    "date": "2023-02-27T00:00:00",
    "weekday": "Feb 2023",
    "charges": 0.0,
    "color": null
  },
  {
    "pnl": 20596.482010999993,
    "pnlstr": null,
    "date": "2023-03-06T00:00:00",
    "weekday": "Mar 2023",
    "charges": 0.0,
    "color": null
  },
  {
    "pnl": -8574.656778000004,
    "pnlstr": null,
    "date": "2023-03-13T00:00:00",
    "weekday": "Mar 2023",
    "charges": 0.0,
    "color": null
  },
  {
    "pnl": -89984.76599100001,
    "pnlstr": null,
    "date": "2023-03-20T00:00:00",
    "weekday": "Mar 2023",
    "charges": 0.0,
    "color": null
  },
  {
    "pnl": 3566.3316339999874,
    "pnlstr": null,
    "date": "2023-03-27T00:00:00",
    "weekday": "Mar 2023",
    "charges": 0.0,
    "color": null
  }
]