[
  {
    "pnl": 0.0,
    "date": "2023-03-27T00:00:00",
    "weekday": "Mar 2023",
    "netpnl": 50805.56234
  },
  {
    "pnl": 0.0,
    "date": "2023-03-28T00:00:00",
    "weekday": "Mar 2023",
    "netpnl": 87413.78777
  },
  {
    "pnl": 0.0,
    "date": "2023-03-29T00:00:00",
    "weekday": "Mar 2023",
    "netpnl": 93551.097625
  },
  {
    "pnl": 0.0,
    "date": "2023-03-30T00:00:00",
    "weekday": "Mar 2023",
    "netpnl": 93551.097625
  },
  {
    "pnl": 0.0,
    "date": "2023-03-31T00:00:00",
    "weekday": "Mar 2023",
    "netpnl": 93551.097625
  },
  {
    "pnl": 0.0,
    "date": "2023-04-01T00:00:00",
    "weekday": "Apr 2023",
    "netpnl": 93551.097625
  },
  {
    "pnl": 0.0,
    "date": "2023-04-02T00:00:00",
    "weekday": "Apr 2023",
    "netpnl": 93551.097625
  },
  {
    "pnl": 0.0,
    "date": "2023-04-03T00:00:00",
    "weekday": "Apr 2023",
    "netpnl": 111492.497187
  },
  {
    "pnl": 0.0,
    "date": "2023-04-04T00:00:00",
    "weekday": "Apr 2023",
    "netpnl": 111492.497187
  },
  {
    "pnl": 0.0,
    "date": "2023-04-05T00:00:00",
    "weekday": "Apr 2023",
    "netpnl": 130236.30194199999
  },
  {
    "pnl": 0.0,
    "date": "2023-04-06T00:00:00",
    "weekday": "Apr 2023",
    "netpnl": 180932.312454
  },
  {
    "pnl": 0.0,
    "date": "2023-04-07T00:00:00",
    "weekday": "Apr 2023",
    "netpnl": 180932.312454
  },
  {
    "pnl": 0.0,
    "date": "2023-04-08T00:00:00",
    "weekday": "Apr 2023",
    "netpnl": 180932.312454
  },
  {
    "pnl": 0.0,
    "date": "2023-04-09T00:00:00",
    "weekday": "Apr 2023",
    "netpnl": 180932.312454
  },
  {
    "pnl": -16281.621852000011,
    "date": "2023-04-10T00:00:00",
    "weekday": "Apr 2023",
    "netpnl": 164650.690602
  },
  {
    "pnl": -17057.109754000005,
    "date": "2023-04-11T00:00:00",
    "weekday": "Apr 2023",
    "netpnl": 163875.2027
  },
  {
    "pnl": -10080.933828999987,
    "date": "2023-04-12T00:00:00",
    "weekday": "Apr 2023",
    "netpnl": 170851.378625
  },
  {
    "pnl": -37019.98064999998,
    "date": "2023-04-13T00:00:00",
    "weekday": "Apr 2023",
    "netpnl": 143912.33180400002
  },
  {
    "pnl": -37019.98064999998,
    "date": "2023-04-14T00:00:00",
    "weekday": "Apr 2023",
    "netpnl": 143912.33180400002
  },
  {
    "pnl": -37019.98064999998,
    "date": "2023-04-15T00:00:00",
    "weekday": "Apr 2023",
    "netpnl": 143912.33180400002
  },
  {
    "pnl": -37019.98064999998,
    "date": "2023-04-16T00:00:00",
    "weekday": "Apr 2023",
    "netpnl": 143912.33180400002
  },
  {
    "pnl": -52638.630296999996,
    "date": "2023-04-17T00:00:00",
    "weekday": "Apr 2023",
    "netpnl": 128293.682157
  },
  {
    "pnl": -76222.37623699999,
    "date": "2023-04-18T00:00:00",
    "weekday": "Apr 2023",
    "netpnl": 104709.93621700001
  },
  {
    "pnl": -67019.888992,
    "date": "2023-04-19T00:00:00",
    "weekday": "Apr 2023",
    "netpnl": 113912.423462
  },
  {
    "pnl": -50342.05977699999,
    "date": "2023-04-20T00:00:00",
    "weekday": "Apr 2023",
    "netpnl": 130590.25267700001
  },
  {
    "pnl": -50342.05977699999,
    "date": "2023-04-21T00:00:00",
    "weekday": "Apr 2023",
    "netpnl": 130590.25267700001
  },
  {
    "pnl": -50342.05977699999,
    "date": "2023-04-22T00:00:00",
    "weekday": "Apr 2023",
    "netpnl": 130590.25267700001
  },
  {
    "pnl": -50342.05977699999,
    "date": "2023-04-23T00:00:00",
    "weekday": "Apr 2023",
    "netpnl": 130590.25267700001
  },
  {
    "pnl": -66919.67362699998,
    "date": "2023-04-24T00:00:00",
    "weekday": "Apr 2023",
    "netpnl": 114012.63882700002
  },
  {
    "pnl": -74937.23017199998,
    "date": "2023-04-25T00:00:00",
    "weekday": "Apr 2023",
    "netpnl": 105995.08228200002
  },
  {
    "pnl": -69443.99204499999,
    "date": "2023-04-26T00:00:00",
    "weekday": "Apr 2023",
    "netpnl": 111488.320409
  },
  {
    "pnl": -59719.42596599998,
    "date": "2023-04-27T00:00:00",
    "weekday": "Apr 2023",
    "netpnl": 121212.88648800002
  },
  {
    "pnl": -59719.42596599998,
    "date": "2023-04-28T00:00:00",
    "weekday": "Apr 2023",
    "netpnl": 121212.88648800002
  },
  {
    "pnl": -59719.42596599998,
    "date": "2023-04-29T00:00:00",
    "weekday": "Apr 2023",
    "netpnl": 121212.88648800002
  },
  {
    "pnl": -59719.42596599998,
    "date": "2023-04-30T00:00:00",
    "weekday": "Apr 2023",
    "netpnl": 121212.88648800002
  },
  {
    "pnl": -59719.42596599998,
    "date": "2023-05-01T00:00:00",
    "weekday": "May 2023",
    "netpnl": 121212.88648800002
  },
  {
    "pnl": -32553.402371999982,
    "date": "2023-05-02T00:00:00",
    "weekday": "May 2023",
    "netpnl": 148378.91008200002
  },
  {
    "pnl": -31301.28154699999,
    "date": "2023-05-03T00:00:00",
    "weekday": "May 2023",
    "netpnl": 149631.030907
  },
  {
    "pnl": -66028.687902,
    "date": "2023-05-04T00:00:00",
    "weekday": "May 2023",
    "netpnl": 114903.624552
  },
  {
    "pnl": -66028.687902,
    "date": "2023-05-05T00:00:00",
    "weekday": "May 2023",
    "netpnl": 114903.624552
  },
  {
    "pnl": -66028.687902,
    "date": "2023-05-06T00:00:00",
    "weekday": "May 2023",
    "netpnl": 114903.624552
  },
  {
    "pnl": -66028.687902,
    "date": "2023-05-07T00:00:00",
    "weekday": "May 2023",
    "netpnl": 114903.624552
  },
  {
    "pnl": -51566.906042999995,
    "date": "2023-05-08T00:00:00",
    "weekday": "May 2023",
    "netpnl": 129365.406411
  },
  {
    "pnl": -72963.10030300001,
    "date": "2023-05-09T00:00:00",
    "weekday": "May 2023",
    "netpnl": 107969.21215099999
  },
  {
    "pnl": -89163.65440400003,
    "date": "2023-05-10T00:00:00",
    "weekday": "May 2023",
    "netpnl": 91768.65804999997
  },
  {
    "pnl": -93123.69074000002,
    "date": "2023-05-11T00:00:00",
    "weekday": "May 2023",
    "netpnl": 87808.62171399998
  },
  {
    "pnl": -93123.69074000002,
    "date": "2023-05-12T00:00:00",
    "weekday": "May 2023",
    "netpnl": 87808.62171399998
  },
  {
    "pnl": -93123.69074000002,
    "date": "2023-05-13T00:00:00",
    "weekday": "May 2023",
    "netpnl": 87808.62171399998
  },
  {
    "pnl": -93123.69074000002,
    "date": "2023-05-14T00:00:00",
    "weekday": "May 2023",
    "netpnl": 87808.62171399998
  },
  {
    "pnl": -79735.00420200001,
    "date": "2023-05-15T00:00:00",
    "weekday": "May 2023",
    "netpnl": 101197.30825199999
  },
  {
    "pnl": -87280.20082800003,
    "date": "2023-05-16T00:00:00",
    "weekday": "May 2023",
    "netpnl": 93652.11162599997
  },
  {
    "pnl": -91341.04218000002,
    "date": "2023-05-17T00:00:00",
    "weekday": "May 2023",
    "netpnl": 89591.27027399998
  },
  {
    "pnl": -132621.74386000002,
    "date": "2023-05-18T00:00:00",
    "weekday": "May 2023",
    "netpnl": 48310.56859399998
  },
  {
    "pnl": -132621.74386000002,
    "date": "2023-05-19T00:00:00",
    "weekday": "May 2023",
    "netpnl": 48310.56859399998
  },
  {
    "pnl": -132621.74386000002,
    "date": "2023-05-20T00:00:00",
    "weekday": "May 2023",
    "netpnl": 48310.56859399998
  },
  {
    "pnl": -132621.74386000002,
    "date": "2023-05-21T00:00:00",
    "weekday": "May 2023",
    "netpnl": 48310.56859399998
  },
  {
    "pnl": -157191.164415,
    "date": "2023-05-22T00:00:00",
    "weekday": "May 2023",
    "netpnl": 23741.148038999992
  },
  {
    "pnl": -137484.29139600002,
    "date": "2023-05-23T00:00:00",
    "weekday": "May 2023",
    "netpnl": 43448.021057999984
  },
  {
    "pnl": -163835.40882300003,
    "date": "2023-05-24T00:00:00",
    "weekday": "May 2023",
    "netpnl": 17096.90363099998
  },
  {
    "pnl": -140764.51197600004,
    "date": "2023-05-25T00:00:00",
    "weekday": "May 2023",
    "netpnl": 40167.800477999976
  },
  {
    "pnl": -140764.51197600004,
    "date": "2023-05-26T00:00:00",
    "weekday": "May 2023",
    "netpnl": 40167.800477999976
  },
  {
    "pnl": -140764.51197600004,
    "date": "2023-05-27T00:00:00",
    "weekday": "May 2023",
    "netpnl": 40167.800477999976
  },
  {
    "pnl": -140764.51197600004,
    "date": "2023-05-28T00:00:00",
    "weekday": "May 2023",
    "netpnl": 40167.800477999976
  },
  {
    "pnl": -153051.28028,
    "date": "2023-05-29T00:00:00",
    "weekday": "May 2023",
    "netpnl": 27881.032173999978
  },
  {
    "pnl": -117154.50234800002,
    "date": "2023-05-30T00:00:00",
    "weekday": "May 2023",
    "netpnl": 63777.810105999975
  },
  {
    "pnl": -132219.12100900002,
    "date": "2023-05-31T00:00:00",
    "weekday": "May 2023",
    "netpnl": 48713.191444999975
  },
  {
    "pnl": -79601.13983100002,
    "date": "2023-06-01T00:00:00",
    "weekday": "Jun 2023",
    "netpnl": 101331.17262299998
  },
  {
    "pnl": -79601.13983100002,
    "date": "2023-06-02T00:00:00",
    "weekday": "Jun 2023",
    "netpnl": 101331.17262299998
  },
  {
    "pnl": -79601.13983100002,
    "date": "2023-06-03T00:00:00",
    "weekday": "Jun 2023",
    "netpnl": 101331.17262299998
  },
  {
    "pnl": -79601.13983100002,
    "date": "2023-06-04T00:00:00",
    "weekday": "Jun 2023",
    "netpnl": 101331.17262299998
  },
  {
    "pnl": -52540.46328800001,
    "date": "2023-06-05T00:00:00",
    "weekday": "Jun 2023",
    "netpnl": 128391.84916599999
  },
  {
    "pnl": -13126.47302299994,
    "date": "2023-06-06T00:00:00",
    "weekday": "Jun 2023",
    "netpnl": 167805.83943100006
  },
  {
    "pnl": -4600.024609999964,
    "date": "2023-06-07T00:00:00",
    "weekday": "Jun 2023",
    "netpnl": 176332.28784400003
  },
  {
    "pnl": 0.0,
    "date": "2023-06-08T00:00:00",
    "weekday": "Jun 2023",
    "netpnl": 206852.28656100004
  },
  {
    "pnl": 0.0,
    "date": "2023-06-09T00:00:00",
    "weekday": "Jun 2023",
    "netpnl": 206852.28656100004
  },
  {
    "pnl": 0.0,
    "date": "2023-06-10T00:00:00",
    "weekday": "Jun 2023",
    "netpnl": 206852.28656100004
  },
  {
    "pnl": 0.0,
    "date": "2023-06-11T00:00:00",
    "weekday": "Jun 2023",
    "netpnl": 206852.28656100004
  },
  {
    "pnl": 0.0,
    "date": "2023-06-12T00:00:00",
    "weekday": "Jun 2023",
    "netpnl": 223401.14458700008
  },
  {
    "pnl": 0.0,
    "date": "2023-06-13T00:00:00",
    "weekday": "Jun 2023",
    "netpnl": 235242.04325900011
  },
  {
    "pnl": 0.0,
    "date": "2023-06-14T00:00:00",
    "weekday": "Jun 2023",
    "netpnl": 237448.99112700007
  },
  {
    "pnl": 0.0,
    "date": "2023-06-15T00:00:00",
    "weekday": "Jun 2023",
    "netpnl": 276977.4512500001
  },
  {
    "pnl": 0.0,
    "date": "2023-06-16T00:00:00",
    "weekday": "Jun 2023",
    "netpnl": 276977.4512500001
  },
  {
    "pnl": 0.0,
    "date": "2023-06-17T00:00:00",
    "weekday": "Jun 2023",
    "netpnl": 276977.4512500001
  },
  {
    "pnl": 0.0,
    "date": "2023-06-18T00:00:00",
    "weekday": "Jun 2023",
    "netpnl": 276977.4512500001
  },
  {
    "pnl": 0.0,
    "date": "2023-06-19T00:00:00",
    "weekday": "Jun 2023",
    "netpnl": 298822.5624410001
  },
  {
    "pnl": -10318.989215999958,
    "date": "2023-06-20T00:00:00",
    "weekday": "Jun 2023",
    "netpnl": 288503.5732250001
  },
  {
    "pnl": -24730.327059999923,
    "date": "2023-06-21T00:00:00",
    "weekday": "Jun 2023",
    "netpnl": 274092.23538100015
  },
  {
    "pnl": -36670.387880999944,
    "date": "2023-06-22T00:00:00",
    "weekday": "Jun 2023",
    "netpnl": 262152.17456000013
  },
  {
    "pnl": -36670.387880999944,
    "date": "2023-06-23T00:00:00",
    "weekday": "Jun 2023",
    "netpnl": 262152.17456000013
  },
  {
    "pnl": -36670.387880999944,
    "date": "2023-06-24T00:00:00",
    "weekday": "Jun 2023",
    "netpnl": 262152.17456000013
  },
  {
    "pnl": -36670.387880999944,
    "date": "2023-06-25T00:00:00",
    "weekday": "Jun 2023",
    "netpnl": 262152.17456000013
  },
  {
    "pnl": -30575.496858999948,
    "date": "2023-06-26T00:00:00",
    "weekday": "Jun 2023",
    "netpnl": 268247.0655820001
  },
  {
    "pnl": -14050.52465399995,
    "date": "2023-06-27T00:00:00",
    "weekday": "Jun 2023",
    "netpnl": 284772.0377870001
  },
  {
    "pnl": -9350.830018999986,
    "date": "2023-06-28T00:00:00",
    "weekday": "Jun 2023",
    "netpnl": 289471.7324220001
  },
  {
    "pnl": -9350.830018999986,
    "date": "2023-06-29T00:00:00",
    "weekday": "Jun 2023",
    "netpnl": 289471.7324220001
  },
  {
    "pnl": -9350.830018999986,
    "date": "2023-06-30T00:00:00",
    "weekday": "Jun 2023",
    "netpnl": 289471.7324220001
  },
  {
    "pnl": -9350.830018999986,
    "date": "2023-07-01T00:00:00",
    "weekday": "Jul 2023",
    "netpnl": 289471.7324220001
  },
  {
    "pnl": -9350.830018999986,
    "date": "2023-07-02T00:00:00",
    "weekday": "Jul 2023",
    "netpnl": 289471.7324220001
  },
  {
    "pnl": -25340.734116999898,
    "date": "2023-07-03T00:00:00",
    "weekday": "Jul 2023",
    "netpnl": 273481.8283240002
  },
  {
    "pnl": -39597.98120499996,
    "date": "2023-07-04T00:00:00",
    "weekday": "Jul 2023",
    "netpnl": 259224.58123600011
  },
  {
    "pnl": -10082.468751999957,
    "date": "2023-07-05T00:00:00",
    "weekday": "Jul 2023",
    "netpnl": 288740.0936890001
  },
  {
    "pnl": 0.0,
    "date": "2023-07-06T00:00:00",
    "weekday": "Jul 2023",
    "netpnl": 361996.61847699987
  },
  {
    "pnl": 0.0,
    "date": "2023-07-07T00:00:00",
    "weekday": "Jul 2023",
    "netpnl": 361996.61847699987
  },
  {
    "pnl": 0.0,
    "date": "2023-07-08T00:00:00",
    "weekday": "Jul 2023",
    "netpnl": 361996.61847699987
  },
  {
    "pnl": 0.0,
    "date": "2023-07-09T00:00:00",
    "weekday": "Jul 2023",
    "netpnl": 361996.61847699987
  },
  {
    "pnl": -20572.445956999843,
    "date": "2023-07-10T00:00:00",
    "weekday": "Jul 2023",
    "netpnl": 341424.17252
  },
  {
    "pnl": -8805.989725999883,
    "date": "2023-07-11T00:00:00",
    "weekday": "Jul 2023",
    "netpnl": 353190.628751
  },
  {
    "pnl": -30749.607570999826,
    "date": "2023-07-12T00:00:00",
    "weekday": "Jul 2023",
    "netpnl": 331247.01090600004
  },
  {
    "pnl": -48671.35903999978,
    "date": "2023-07-13T00:00:00",
    "weekday": "Jul 2023",
    "netpnl": 313325.2594370001
  },
  {
    "pnl": -48671.35903999978,
    "date": "2023-07-14T00:00:00",
    "weekday": "Jul 2023",
    "netpnl": 313325.2594370001
  },
  {
    "pnl": -48671.35903999978,
    "date": "2023-07-15T00:00:00",
    "weekday": "Jul 2023",
    "netpnl": 313325.2594370001
  },
  {
    "pnl": -48671.35903999978,
    "date": "2023-07-16T00:00:00",
    "weekday": "Jul 2023",
    "netpnl": 313325.2594370001
  },
  {
    "pnl": -44648.99000299978,
    "date": "2023-07-17T00:00:00",
    "weekday": "Jul 2023",
    "netpnl": 317347.6284740001
  },
  {
    "pnl": -59717.96629499982,
    "date": "2023-07-18T00:00:00",
    "weekday": "Jul 2023",
    "netpnl": 302278.65218200005
  },
  {
    "pnl": -26893.63535599981,
    "date": "2023-07-19T00:00:00",
    "weekday": "Jul 2023",
    "netpnl": 335102.98312100006
  },
  {
    "pnl": -63138.94869799982,
    "date": "2023-07-20T00:00:00",
    "weekday": "Jul 2023",
    "netpnl": 298857.66977900005
  },
  {
    "pnl": -63138.94869799982,
    "date": "2023-07-21T00:00:00",
    "weekday": "Jul 2023",
    "netpnl": 298857.66977900005
  },
  {
    "pnl": -63138.94869799982,
    "date": "2023-07-22T00:00:00",
    "weekday": "Jul 2023",
    "netpnl": 298857.66977900005
  },
  {
    "pnl": -63138.94869799982,
    "date": "2023-07-23T00:00:00",
    "weekday": "Jul 2023",
    "netpnl": 298857.66977900005
  },
  {
    "pnl": -89602.87750199973,
    "date": "2023-07-24T00:00:00",
    "weekday": "Jul 2023",
    "netpnl": 272393.74097500014
  },
  {
    "pnl": -101617.26002499979,
    "date": "2023-07-25T00:00:00",
    "weekday": "Jul 2023",
    "netpnl": 260379.35845200007
  },
  {
    "pnl": -93524.72223599977,
    "date": "2023-07-26T00:00:00",
    "weekday": "Jul 2023",
    "netpnl": 268471.8962410001
  },
  {
    "pnl": -70599.65715899976,
    "date": "2023-07-27T00:00:00",
    "weekday": "Jul 2023",
    "netpnl": 291396.9613180001
  },
  {
    "pnl": -70599.65715899976,
    "date": "2023-07-28T00:00:00",
    "weekday": "Jul 2023",
    "netpnl": 291396.9613180001
  },
  {
    "pnl": -70599.65715899976,
    "date": "2023-07-29T00:00:00",
    "weekday": "Jul 2023",
    "netpnl": 291396.9613180001
  },
  {
    "pnl": -70599.65715899976,
    "date": "2023-07-30T00:00:00",
    "weekday": "Jul 2023",
    "netpnl": 291396.9613180001
  },
  {
    "pnl": -41291.76705999975,
    "date": "2023-07-31T00:00:00",
    "weekday": "Jul 2023",
    "netpnl": 320704.8514170001
  },
  {
    "pnl": 0.0,
    "date": "2023-08-01T00:00:00",
    "weekday": "Aug 2023",
    "netpnl": 366566.2062119998
  },
  {
    "pnl": -19430.591400999925,
    "date": "2023-08-02T00:00:00",
    "weekday": "Aug 2023",
    "netpnl": 347135.6148109999
  },
  {
    "pnl": -14890.14121199993,
    "date": "2023-08-03T00:00:00",
    "weekday": "Aug 2023",
    "netpnl": 351676.0649999999
  },
  {
    "pnl": -14890.14121199993,
    "date": "2023-08-04T00:00:00",
    "weekday": "Aug 2023",
    "netpnl": 351676.0649999999
  },
  {
    "pnl": -14890.14121199993,
    "date": "2023-08-05T00:00:00",
    "weekday": "Aug 2023",
    "netpnl": 351676.0649999999
  },
  {
    "pnl": -14890.14121199993,
    "date": "2023-08-06T00:00:00",
    "weekday": "Aug 2023",
    "netpnl": 351676.0649999999
  },
  {
    "pnl": -41407.99695099989,
    "date": "2023-08-07T00:00:00",
    "weekday": "Aug 2023",
    "netpnl": 325158.2092609999
  },
  {
    "pnl": 0.0,
    "date": "2023-08-08T00:00:00",
    "weekday": "Aug 2023",
    "netpnl": 375543.47497099976
  },
  {
    "pnl": 0.0,
    "date": "2023-08-09T00:00:00",
    "weekday": "Aug 2023",
    "netpnl": 375543.47497099976
  },
  {
    "pnl": 0.0,
    "date": "2023-08-10T00:00:00",
    "weekday": "Aug 2023",
    "netpnl": 392349.7628799998
  },
  {
    "pnl": 0.0,
    "date": "2023-08-11T00:00:00",
    "weekday": "Aug 2023",
    "netpnl": 392349.7628799998
  },
  {
    "pnl": 0.0,
    "date": "2023-08-12T00:00:00",
    "weekday": "Aug 2023",
    "netpnl": 392349.7628799998
  },
  {
    "pnl": 0.0,
    "date": "2023-08-13T00:00:00",
    "weekday": "Aug 2023",
    "netpnl": 392349.7628799998
  },
  {
    "pnl": 0.0,
    "date": "2023-08-14T00:00:00",
    "weekday": "Aug 2023",
    "netpnl": 457913.3747069998
  },
  {
    "pnl": 0.0,
    "date": "2023-08-15T00:00:00",
    "weekday": "Aug 2023",
    "netpnl": 457913.3747069998
  },
  {
    "pnl": 0.0,
    "date": "2023-08-16T00:00:00",
    "weekday": "Aug 2023",
    "netpnl": 471504.4824299998
  },
  {
    "pnl": 0.0,
    "date": "2023-08-17T00:00:00",
    "weekday": "Aug 2023",
    "netpnl": 525155.9121059998
  },
  {
    "pnl": 0.0,
    "date": "2023-08-18T00:00:00",
    "weekday": "Aug 2023",
    "netpnl": 525155.9121059998
  },
  {
    "pnl": 0.0,
    "date": "2023-08-19T00:00:00",
    "weekday": "Aug 2023",
    "netpnl": 525155.9121059998
  },
  {
    "pnl": 0.0,
    "date": "2023-08-20T00:00:00",
    "weekday": "Aug 2023",
    "netpnl": 525155.9121059998
  },
  {
    "pnl": 0.0,
    "date": "2023-08-21T00:00:00",
    "weekday": "Aug 2023",
    "netpnl": 525155.9121059998
  },
  {
    "pnl": -5531.738722999988,
    "date": "2023-08-22T00:00:00",
    "weekday": "Aug 2023",
    "netpnl": 519624.1733829998
  },
  {
    "pnl": -8634.089574999933,
    "date": "2023-08-23T00:00:00",
    "weekday": "Aug 2023",
    "netpnl": 516521.82253099984
  },
  {
    "pnl": -13139.040891000011,
    "date": "2023-08-24T00:00:00",
    "weekday": "Aug 2023",
    "netpnl": 512016.87121499976
  },
  {
    "pnl": -13139.040891000011,
    "date": "2023-08-25T00:00:00",
    "weekday": "Aug 2023",
    "netpnl": 512016.87121499976
  },
  {
    "pnl": -13139.040891000011,
    "date": "2023-08-26T00:00:00",
    "weekday": "Aug 2023",
    "netpnl": 512016.87121499976
  },
  {
    "pnl": -13139.040891000011,
    "date": "2023-08-27T00:00:00",
    "weekday": "Aug 2023",
    "netpnl": 512016.87121499976
  },
  {
    "pnl": -2731.96844399994,
    "date": "2023-08-28T00:00:00",
    "weekday": "Aug 2023",
    "netpnl": 522423.94366199983
  },
  {
    "pnl": 0.0,
    "date": "2023-08-29T00:00:00",
    "weekday": "Aug 2023",
    "netpnl": 581388.7233779997
  },
  {
    "pnl": -12291.757114999928,
    "date": "2023-08-30T00:00:00",
    "weekday": "Aug 2023",
    "netpnl": 569096.9662629998
  },
  {
    "pnl": 0.0,
    "date": "2023-08-31T00:00:00",
    "weekday": "Aug 2023",
    "netpnl": 635993.7769079998
  },
  {
    "pnl": 0.0,
    "date": "2023-09-01T00:00:00",
    "weekday": "Sep 2023",
    "netpnl": 635993.7769079998
  },
  {
    "pnl": 0.0,
    "date": "2023-09-02T00:00:00",
    "weekday": "Sep 2023",
    "netpnl": 635993.7769079998
  },
  {
    "pnl": 0.0,
    "date": "2023-09-03T00:00:00",
    "weekday": "Sep 2023",
    "netpnl": 635993.7769079998
  },
  {
    "pnl": 0.0,
    "date": "2023-09-04T00:00:00",
    "weekday": "Sep 2023",
    "netpnl": 635993.7769079998
  },
  {
    "pnl": 0.0,
    "date": "2023-09-05T00:00:00",
    "weekday": "Sep 2023",
    "netpnl": 690372.0865599996
  },
  {
    "pnl": 0.0,
    "date": "2023-09-06T00:00:00",
    "weekday": "Sep 2023",
    "netpnl": 710716.0598979996
  },
  {
    "pnl": -36711.44184500002,
    "date": "2023-09-07T00:00:00",
    "weekday": "Sep 2023",
    "netpnl": 674004.6180529996
  },
  {
    "pnl": -36711.44184500002,
    "date": "2023-09-08T00:00:00",
    "weekday": "Sep 2023",
    "netpnl": 674004.6180529996
  },
  {
    "pnl": -36711.44184500002,
    "date": "2023-09-09T00:00:00",
    "weekday": "Sep 2023",
    "netpnl": 674004.6180529996
  },
  {
    "pnl": -36711.44184500002,
    "date": "2023-09-10T00:00:00",
    "weekday": "Sep 2023",
    "netpnl": 674004.6180529996
  },
  {
    "pnl": -36711.44184500002,
    "date": "2023-09-11T00:00:00",
    "weekday": "Sep 2023",
    "netpnl": 674004.6180529996
  },
  {
    "pnl": -38777.37698400009,
    "date": "2023-09-12T00:00:00",
    "weekday": "Sep 2023",
    "netpnl": 671938.6829139995
  },
  {
    "pnl": -35987.610148000065,
    "date": "2023-09-13T00:00:00",
    "weekday": "Sep 2023",
    "netpnl": 674728.4497499996
  },
  {
    "pnl": 0.0,
    "date": "2023-09-14T00:00:00",
    "weekday": "Sep 2023",
    "netpnl": 720059.1928419996
  },
  {
    "pnl": 0.0,
    "date": "2023-09-15T00:00:00",
    "weekday": "Sep 2023",
    "netpnl": 720059.1928419996
  },
  {
    "pnl": 0.0,
    "date": "2023-09-16T00:00:00",
    "weekday": "Sep 2023",
    "netpnl": 720059.1928419996
  },
  {
    "pnl": 0.0,
    "date": "2023-09-17T00:00:00",
    "weekday": "Sep 2023",
    "netpnl": 720059.1928419996
  },
  {
    "pnl": -10785.877854000079,
    "date": "2023-09-18T00:00:00",
    "weekday": "Sep 2023",
    "netpnl": 709273.3149879995
  },
  {
    "pnl": -10785.877854000079,
    "date": "2023-09-19T00:00:00",
    "weekday": "Sep 2023",
    "netpnl": 709273.3149879995
  },
  {
    "pnl": -23178.921923000016,
    "date": "2023-09-20T00:00:00",
    "weekday": "Sep 2023",
    "netpnl": 696880.2709189996
  },
  {
    "pnl": 0.0,
    "date": "2023-09-21T00:00:00",
    "weekday": "Sep 2023",
    "netpnl": 760395.6206059994
  },
  {
    "pnl": 0.0,
    "date": "2023-09-22T00:00:00",
    "weekday": "Sep 2023",
    "netpnl": 760395.6206059994
  },
  {
    "pnl": 0.0,
    "date": "2023-09-23T00:00:00",
    "weekday": "Sep 2023",
    "netpnl": 760395.6206059994
  },
  {
    "pnl": 0.0,
    "date": "2023-09-24T00:00:00",
    "weekday": "Sep 2023",
    "netpnl": 760395.6206059994
  },
  {
    "pnl": 0.0,
    "date": "2023-09-25T00:00:00",
    "weekday": "Sep 2023",
    "netpnl": 760395.6206059994
  },
  {
    "pnl": -25057.21085100004,
    "date": "2023-09-26T00:00:00",
    "weekday": "Sep 2023",
    "netpnl": 735338.4097549993
  },
  {
    "pnl": -25057.21085100004,
    "date": "2023-09-27T00:00:00",
    "weekday": "Sep 2023",
    "netpnl": 735338.4097549993
  },
  {
    "pnl": -41961.92855000007,
    "date": "2023-09-28T00:00:00",
    "weekday": "Sep 2023",
    "netpnl": 718433.6920559993
  },
  {
    "pnl": -41961.92855000007,
    "date": "2023-09-29T00:00:00",
    "weekday": "Sep 2023",
    "netpnl": 718433.6920559993
  },
  {
    "pnl": -41961.92855000007,
    "date": "2023-09-30T00:00:00",
    "weekday": "Sep 2023",
    "netpnl": 718433.6920559993
  },
  {
    "pnl": -41961.92855000007,
    "date": "2023-10-01T00:00:00",
    "weekday": "Oct 2023",
    "netpnl": 718433.6920559993
  },
  {
    "pnl": -41961.92855000007,
    "date": "2023-10-02T00:00:00",
    "weekday": "Oct 2023",
    "netpnl": 718433.6920559993
  },
  {
    "pnl": -27005.646375000128,
    "date": "2023-10-03T00:00:00",
    "weekday": "Oct 2023",
    "netpnl": 733389.9742309992
  },
  {
    "pnl": 0.0,
    "date": "2023-10-04T00:00:00",
    "weekday": "Oct 2023",
    "netpnl": 765310.4340249994
  },
  {
    "pnl": 0.0,
    "date": "2023-10-05T00:00:00",
    "weekday": "Oct 2023",
    "netpnl": 810885.0597819994
  },
  {
    "pnl": 0.0,
    "date": "2023-10-06T00:00:00",
    "weekday": "Oct 2023",
    "netpnl": 810885.0597819994
  },
  {
    "pnl": 0.0,
    "date": "2023-10-07T00:00:00",
    "weekday": "Oct 2023",
    "netpnl": 810885.0597819994
  },
  {
    "pnl": 0.0,
    "date": "2023-10-08T00:00:00",
    "weekday": "Oct 2023",
    "netpnl": 810885.0597819994
  },
  {
    "pnl": 0.0,
    "date": "2023-10-09T00:00:00",
    "weekday": "Oct 2023",
    "netpnl": 810885.0597819994
  },
  {
    "pnl": 0.0,
    "date": "2023-10-10T00:00:00",
    "weekday": "Oct 2023",
    "netpnl": 909035.6877039996
  },
  {
    "pnl": -10223.56213700003,
    "date": "2023-10-11T00:00:00",
    "weekday": "Oct 2023",
    "netpnl": 898812.1255669995
  },
  {
    "pnl": 0.0,
    "date": "2023-10-12T00:00:00",
    "weekday": "Oct 2023",
    "netpnl": 926183.9398029995
  },
  {
    "pnl": 0.0,
    "date": "2023-10-13T00:00:00",
    "weekday": "Oct 2023",
    "netpnl": 926183.9398029995
  },
  {
    "pnl": 0.0,
    "date": "2023-10-14T00:00:00",
    "weekday": "Oct 2023",
    "netpnl": 926183.9398029995
  },
  {
    "pnl": 0.0,
    "date": "2023-10-15T00:00:00",
    "weekday": "Oct 2023",
    "netpnl": 926183.9398029995
  },
  {
    "pnl": 0.0,
    "date": "2023-10-16T00:00:00",
    "weekday": "Oct 2023",
    "netpnl": 926183.9398029995
  },
  {
    "pnl": 0.0,
    "date": "2023-10-17T00:00:00",
    "weekday": "Oct 2023",
    "netpnl": 1014631.0348959995
  },
  {
    "pnl": 0.0,
    "date": "2023-10-18T00:00:00",
    "weekday": "Oct 2023",
    "netpnl": 1028578.1612669994
  },
  {
    "pnl": 0.0,
    "date": "2023-10-19T00:00:00",
    "weekday": "Oct 2023",
    "netpnl": 1043506.9557769996
  },
  {
    "pnl": 0.0,
    "date": "2023-10-20T00:00:00",
    "weekday": "Oct 2023",
    "netpnl": 1043506.9557769996
  },
  {
    "pnl": 0.0,
    "date": "2023-10-21T00:00:00",
    "weekday": "Oct 2023",
    "netpnl": 1043506.9557769996
  },
  {
    "pnl": 0.0,
    "date": "2023-10-22T00:00:00",
    "weekday": "Oct 2023",
    "netpnl": 1043506.9557769996
  },
  {
    "pnl": 0.0,
    "date": "2023-10-23T00:00:00",
    "weekday": "Oct 2023",
    "netpnl": 1067964.9819419996
  },
  {
    "pnl": 0.0,
    "date": "2023-10-24T00:00:00",
    "weekday": "Oct 2023",
    "netpnl": 1067964.9819419996
  },
  {
    "pnl": 0.0,
    "date": "2023-10-25T00:00:00",
    "weekday": "Oct 2023",
    "netpnl": 1067964.9819419996
  },
  {
    "pnl": -20928.10377600009,
    "date": "2023-10-26T00:00:00",
    "weekday": "Oct 2023",
    "netpnl": 1047036.8781659995
  },
  {
    "pnl": -20928.10377600009,
    "date": "2023-10-27T00:00:00",
    "weekday": "Oct 2023",
    "netpnl": 1047036.8781659995
  },
  {
    "pnl": -20928.10377600009,
    "date": "2023-10-28T00:00:00",
    "weekday": "Oct 2023",
    "netpnl": 1047036.8781659995
  },
  {
    "pnl": -20928.10377600009,
    "date": "2023-10-29T00:00:00",
    "weekday": "Oct 2023",
    "netpnl": 1047036.8781659995
  },
  {
    "pnl": 0.0,
    "date": "2023-10-30T00:00:00",
    "weekday": "Oct 2023",
    "netpnl": 1075238.3264269996
  },
  {
    "pnl": 0.0,
    "date": "2023-10-31T00:00:00",
    "weekday": "Oct 2023",
    "netpnl": 1091768.8756479996
  },
  {
    "pnl": 0.0,
    "date": "2023-11-01T00:00:00",
    "weekday": "Nov 2023",
    "netpnl": 1226134.1688340001
  },
  {
    "pnl": 0.0,
    "date": "2023-11-02T00:00:00",
    "weekday": "Nov 2023",
    "netpnl": 1259889.5758570002
  },
  {
    "pnl": 0.0,
    "date": "2023-11-03T00:00:00",
    "weekday": "Nov 2023",
    "netpnl": 1259889.5758570002
  },
  {
    "pnl": 0.0,
    "date": "2023-11-04T00:00:00",
    "weekday": "Nov 2023",
    "netpnl": 1259889.5758570002
  },
  {
    "pnl": 0.0,
    "date": "2023-11-05T00:00:00",
    "weekday": "Nov 2023",
    "netpnl": 1259889.5758570002
  },
  {
    "pnl": 0.0,
    "date": "2023-11-06T00:00:00",
    "weekday": "Nov 2023",
    "netpnl": 1293218.6224730008
  },
  {
    "pnl": -88951.21986000077,
    "date": "2023-11-07T00:00:00",
    "weekday": "Nov 2023",
    "netpnl": 1204267.402613
  },
  {
    "pnl": -49013.850390000734,
    "date": "2023-11-08T00:00:00",
    "weekday": "Nov 2023",
    "netpnl": 1244204.772083
  },
  {
    "pnl": 0.0,
    "date": "2023-11-09T00:00:00",
    "weekday": "Nov 2023",
    "netpnl": 1348556.1128460004
  },
  {
    "pnl": 0.0,
    "date": "2023-11-10T00:00:00",
    "weekday": "Nov 2023",
    "netpnl": 1348556.1128460004
  },
  {
    "pnl": 0.0,
    "date": "2023-11-11T00:00:00",
    "weekday": "Nov 2023",
    "netpnl": 1348556.1128460004
  },
  {
    "pnl": 0.0,
    "date": "2023-11-12T00:00:00",
    "weekday": "Nov 2023",
    "netpnl": 1348556.1128460004
  },
  {
    "pnl": 0.0,
    "date": "2023-11-13T00:00:00",
    "weekday": "Nov 2023",
    "netpnl": 1371618.2456260005
  },
  {
    "pnl": 0.0,
    "date": "2023-11-14T00:00:00",
    "weekday": "Nov 2023",
    "netpnl": 1371618.2456260005
  },
  {
    "pnl": 0.0,
    "date": "2023-11-15T00:00:00",
    "weekday": "Nov 2023",
    "netpnl": 1472904.7940650003
  },
  {
    "pnl": -21881.625945999753,
    "date": "2023-11-16T00:00:00",
    "weekday": "Nov 2023",
    "netpnl": 1451023.1681190005
  },
  {
    "pnl": -21881.625945999753,
    "date": "2023-11-17T00:00:00",
    "weekday": "Nov 2023",
    "netpnl": 1451023.1681190005
  },
  {
    "pnl": -21881.625945999753,
    "date": "2023-11-18T00:00:00",
    "weekday": "Nov 2023",
    "netpnl": 1451023.1681190005
  },
  {
    "pnl": -21881.625945999753,
    "date": "2023-11-19T00:00:00",
    "weekday": "Nov 2023",
    "netpnl": 1451023.1681190005
  },
  {
    "pnl": -49009.769040999934,
    "date": "2023-11-20T00:00:00",
    "weekday": "Nov 2023",
    "netpnl": 1423895.0250240003
  },
  {
    "pnl": 0.0,
    "date": "2023-11-21T00:00:00",
    "weekday": "Nov 2023",
    "netpnl": 1510633.1732590005
  },
  {
    "pnl": 0.0,
    "date": "2023-11-22T00:00:00",
    "weekday": "Nov 2023",
    "netpnl": 1557576.5722680006
  },
  {
    "pnl": 0.0,
    "date": "2023-11-23T00:00:00",
    "weekday": "Nov 2023",
    "netpnl": 1606256.1634340005
  },
  {
    "pnl": 0.0,
    "date": "2023-11-24T00:00:00",
    "weekday": "Nov 2023",
    "netpnl": 1657351.2236610006
  },
  {
    "pnl": 0.0,
    "date": "2023-11-25T00:00:00",
    "weekday": "Nov 2023",
    "netpnl": 1657351.2236610006
  },
  {
    "pnl": 0.0,
    "date": "2023-11-26T00:00:00",
    "weekday": "Nov 2023",
    "netpnl": 1657351.2236610006
  },
  {
    "pnl": 0.0,
    "date": "2023-11-27T00:00:00",
    "weekday": "Nov 2023",
    "netpnl": 1657351.2236610006
  },
  {
    "pnl": -1968.5917410003021,
    "date": "2023-11-28T00:00:00",
    "weekday": "Nov 2023",
    "netpnl": 1655382.6319200003
  },
  {
    "pnl": -1968.5917410003021,
    "date": "2023-11-29T00:00:00",
    "weekday": "Nov 2023",
    "netpnl": 1655382.6319200003
  },
  {
    "pnl": -9785.073371000355,
    "date": "2023-11-30T00:00:00",
    "weekday": "Nov 2023",
    "netpnl": 1647566.1502900003
  },
  {
    "pnl": -9785.073371000355,
    "date": "2023-12-01T00:00:00",
    "weekday": "Dec 2023",
    "netpnl": 1647566.1502900003
  },
  {
    "pnl": -9785.073371000355,
    "date": "2023-12-02T00:00:00",
    "weekday": "Dec 2023",
    "netpnl": 1647566.1502900003
  },
  {
    "pnl": -9785.073371000355,
    "date": "2023-12-03T00:00:00",
    "weekday": "Dec 2023",
    "netpnl": 1647566.1502900003
  },
  {
    "pnl": -54926.42892800062,
    "date": "2023-12-04T00:00:00",
    "weekday": "Dec 2023",
    "netpnl": 1602424.794733
  },
  {
    "pnl": -41844.30049000052,
    "date": "2023-12-05T00:00:00",
    "weekday": "Dec 2023",
    "netpnl": 1615506.923171
  },
  {
    "pnl": -35494.02684900048,
    "date": "2023-12-06T00:00:00",
    "weekday": "Dec 2023",
    "netpnl": 1621857.1968120001
  },
  {
    "pnl": 0.0,
    "date": "2023-12-07T00:00:00",
    "weekday": "Dec 2023",
    "netpnl": 1704679.3481669999
  },
  {
    "pnl": 0.0,
    "date": "2023-12-08T00:00:00",
    "weekday": "Dec 2023",
    "netpnl": 1704679.3481669999
  },
  {
    "pnl": 0.0,
    "date": "2023-12-09T00:00:00",
    "weekday": "Dec 2023",
    "netpnl": 1704679.3481669999
  },
  {
    "pnl": 0.0,
    "date": "2023-12-10T00:00:00",
    "weekday": "Dec 2023",
    "netpnl": 1704679.3481669999
  },
  {
    "pnl": -46876.91578599997,
    "date": "2023-12-11T00:00:00",
    "weekday": "Dec 2023",
    "netpnl": 1657802.432381
  },
  {
    "pnl": -29932.048332999926,
    "date": "2023-12-12T00:00:00",
    "weekday": "Dec 2023",
    "netpnl": 1674747.299834
  },
  {
    "pnl": 0.0,
    "date": "2023-12-13T00:00:00",
    "weekday": "Dec 2023",
    "netpnl": 1711658.8483600002
  },
  {
    "pnl": -40839.66583500011,
    "date": "2023-12-14T00:00:00",
    "weekday": "Dec 2023",
    "netpnl": 1670819.182525
  },
  {
    "pnl": -40839.66583500011,
    "date": "2023-12-15T00:00:00",
    "weekday": "Dec 2023",
    "netpnl": 1670819.182525
  },
  {
    "pnl": -40839.66583500011,
    "date": "2023-12-16T00:00:00",
    "weekday": "Dec 2023",
    "netpnl": 1670819.182525
  },
  {
    "pnl": -40839.66583500011,
    "date": "2023-12-17T00:00:00",
    "weekday": "Dec 2023",
    "netpnl": 1670819.182525
  },
  {
    "pnl": -35769.52665599994,
    "date": "2023-12-18T00:00:00",
    "weekday": "Dec 2023",
    "netpnl": 1675889.3217040002
  },
  {
    "pnl": -11716.402207999956,
    "date": "2023-12-19T00:00:00",
    "weekday": "Dec 2023",
    "netpnl": 1699942.4461520002
  },
  {
    "pnl": 0.0,
    "date": "2023-12-20T00:00:00",
    "weekday": "Dec 2023",
    "netpnl": 1719050.0673430003
  },
  {
    "pnl": -670.9003449999727,
    "date": "2023-12-21T00:00:00",
    "weekday": "Dec 2023",
    "netpnl": 1718379.1669980003
  },
  {
    "pnl": 0.0,
    "date": "2023-12-22T00:00:00",
    "weekday": "Dec 2023",
    "netpnl": 1724668.8236680003
  },
  {
    "pnl": 0.0,
    "date": "2023-12-23T00:00:00",
    "weekday": "Dec 2023",
    "netpnl": 1724668.8236680003
  },
  {
    "pnl": 0.0,
    "date": "2023-12-24T00:00:00",
    "weekday": "Dec 2023",
    "netpnl": 1724668.8236680003
  },
  {
    "pnl": 0.0,
    "date": "2023-12-25T00:00:00",
    "weekday": "Dec 2023",
    "netpnl": 1724668.8236680003
  },
  {
    "pnl": -98728.06027700007,
    "date": "2023-12-26T00:00:00",
    "weekday": "Dec 2023",
    "netpnl": 1625940.7633910002
  },
  {
    "pnl": -98728.06027700007,
    "date": "2023-12-27T00:00:00",
    "weekday": "Dec 2023",
    "netpnl": 1625940.7633910002
  },
  {
    "pnl": -51777.06076100003,
    "date": "2023-12-28T00:00:00",
    "weekday": "Dec 2023",
    "netpnl": 1672891.7629070003
  },
  {
    "pnl": -51777.06076100003,
    "date": "2023-12-29T00:00:00",
    "weekday": "Dec 2023",
    "netpnl": 1672891.7629070003
  },
  {
    "pnl": -51777.06076100003,
    "date": "2023-12-30T00:00:00",
    "weekday": "Dec 2023",
    "netpnl": 1672891.7629070003
  },
  {
    "pnl": -51777.06076100003,
    "date": "2023-12-31T00:00:00",
    "weekday": "Dec 2023",
    "netpnl": 1672891.7629070003
  },
  {
    "pnl": -29584.373980999924,
    "date": "2024-01-01T00:00:00",
    "weekday": "Jan 2024",
    "netpnl": 1695084.4496870004
  },
  {
    "pnl": 0.0,
    "date": "2024-01-02T00:00:00",
    "weekday": "Jan 2024",
    "netpnl": 1744954.9881610004
  },
  {
    "pnl": 0.0,
    "date": "2024-01-03T00:00:00",
    "weekday": "Jan 2024",
    "netpnl": 1750866.2825760003
  },
  {
    "pnl": 0.0,
    "date": "2024-01-04T00:00:00",
    "weekday": "Jan 2024",
    "netpnl": 1824895.17814
  },
  {
    "pnl": 0.0,
    "date": "2024-01-05T00:00:00",
    "weekday": "Jan 2024",
    "netpnl": 1824895.17814
  },
  {
    "pnl": 0.0,
    "date": "2024-01-06T00:00:00",
    "weekday": "Jan 2024",
    "netpnl": 1824895.17814
  },
  {
    "pnl": 0.0,
    "date": "2024-01-07T00:00:00",
    "weekday": "Jan 2024",
    "netpnl": 1824895.17814
  },
  {
    "pnl": -8778.571006999817,
    "date": "2024-01-08T00:00:00",
    "weekday": "Jan 2024",
    "netpnl": 1816116.6071330002
  },
  {
    "pnl": -43313.22951600002,
    "date": "2024-01-09T00:00:00",
    "weekday": "Jan 2024",
    "netpnl": 1781581.948624
  },
  {
    "pnl": -98354.64710099995,
    "date": "2024-01-10T00:00:00",
    "weekday": "Jan 2024",
    "netpnl": 1726540.531039
  },
  {
    "pnl": -71101.70582299959,
    "date": "2024-01-11T00:00:00",
    "weekday": "Jan 2024",
    "netpnl": 1753793.4723170004
  },
  {
    "pnl": -71101.70582299959,
    "date": "2024-01-12T00:00:00",
    "weekday": "Jan 2024",
    "netpnl": 1753793.4723170004
  },
  {
    "pnl": -71101.70582299959,
    "date": "2024-01-13T00:00:00",
    "weekday": "Jan 2024",
    "netpnl": 1753793.4723170004
  },
  {
    "pnl": -71101.70582299959,
    "date": "2024-01-14T00:00:00",
    "weekday": "Jan 2024",
    "netpnl": 1753793.4723170004
  },
  {
    "pnl": -11384.250159000047,
    "date": "2024-01-15T00:00:00",
    "weekday": "Jan 2024",
    "netpnl": 1813510.927981
  },
  {
    "pnl": -80620.73272700002,
    "date": "2024-01-16T00:00:00",
    "weekday": "Jan 2024",
    "netpnl": 1744274.445413
  },
  {
    "pnl": -84744.38471299969,
    "date": "2024-01-17T00:00:00",
    "weekday": "Jan 2024",
    "netpnl": 1740150.7934270003
  },
  {
    "pnl": -133210.55606699968,
    "date": "2024-01-18T00:00:00",
    "weekday": "Jan 2024",
    "netpnl": 1691684.6220730003
  },
  {
    "pnl": -133210.55606699968,
    "date": "2024-01-19T00:00:00",
    "weekday": "Jan 2024",
    "netpnl": 1691684.6220730003
  },
  {
    "pnl": -133210.55606699968,
    "date": "2024-01-20T00:00:00",
    "weekday": "Jan 2024",
    "netpnl": 1691684.6220730003
  },
  {
    "pnl": -133210.55606699968,
    "date": "2024-01-21T00:00:00",
    "weekday": "Jan 2024",
    "netpnl": 1691684.6220730003
  },
  {
    "pnl": -133210.55606699968,
    "date": "2024-01-22T00:00:00",
    "weekday": "Jan 2024",
    "netpnl": 1691684.6220730003
  },
  {
    "pnl": -102227.22752099996,
    "date": "2024-01-23T00:00:00",
    "weekday": "Jan 2024",
    "netpnl": 1722667.950619
  },
  {
    "pnl": -102227.22752099996,
    "date": "2024-01-24T00:00:00",
    "weekday": "Jan 2024",
    "netpnl": 1722667.950619
  },
  {
    "pnl": -115972.64870500006,
    "date": "2024-01-25T00:00:00",
    "weekday": "Jan 2024",
    "netpnl": 1708922.529435
  },
  {
    "pnl": -115972.64870500006,
    "date": "2024-01-26T00:00:00",
    "weekday": "Jan 2024",
    "netpnl": 1708922.529435
  },
  {
    "pnl": -115972.64870500006,
    "date": "2024-01-27T00:00:00",
    "weekday": "Jan 2024",
    "netpnl": 1708922.529435
  },
  {
    "pnl": -115972.64870500006,
    "date": "2024-01-28T00:00:00",
    "weekday": "Jan 2024",
    "netpnl": 1708922.529435
  },
  {
    "pnl": -204955.10417599976,
    "date": "2024-01-29T00:00:00",
    "weekday": "Jan 2024",
    "netpnl": 1619940.0739640002
  },
  {
    "pnl": -168720.09207499982,
    "date": "2024-01-30T00:00:00",
    "weekday": "Jan 2024",
    "netpnl": 1656175.0860650002
  },
  {
    "pnl": -169846.65251299972,
    "date": "2024-01-31T00:00:00",
    "weekday": "Jan 2024",
    "netpnl": 1655048.5256270003
  },
  {
    "pnl": -62223.35282899975,
    "date": "2024-02-01T00:00:00",
    "weekday": "Feb 2024",
    "netpnl": 1762671.8253110002
  },
  {
    "pnl": -62223.35282899975,
    "date": "2024-02-02T00:00:00",
    "weekday": "Feb 2024",
    "netpnl": 1762671.8253110002
  },
  {
    "pnl": -62223.35282899975,
    "date": "2024-02-03T00:00:00",
    "weekday": "Feb 2024",
    "netpnl": 1762671.8253110002
  },
  {
    "pnl": -62223.35282899975,
    "date": "2024-02-04T00:00:00",
    "weekday": "Feb 2024",
    "netpnl": 1762671.8253110002
  },
  {
    "pnl": -113790.66481899982,
    "date": "2024-02-05T00:00:00",
    "weekday": "Feb 2024",
    "netpnl": 1711104.5133210002
  },
  {
    "pnl": -55916.955490999855,
    "date": "2024-02-06T00:00:00",
    "weekday": "Feb 2024",
    "netpnl": 1768978.2226490001
  },
  {
    "pnl": -55321.1773049999,
    "date": "2024-02-07T00:00:00",
    "weekday": "Feb 2024",
    "netpnl": 1769574.000835
  },
  {
    "pnl": -60242.852027999936,
    "date": "2024-02-08T00:00:00",
    "weekday": "Feb 2024",
    "netpnl": 1764652.326112
  },
  {
    "pnl": -60242.852027999936,
    "date": "2024-02-09T00:00:00",
    "weekday": "Feb 2024",
    "netpnl": 1764652.326112
  },
  {
    "pnl": -60242.852027999936,
    "date": "2024-02-10T00:00:00",
    "weekday": "Feb 2024",
    "netpnl": 1764652.326112
  },
  {
    "pnl": -60242.852027999936,
    "date": "2024-02-11T00:00:00",
    "weekday": "Feb 2024",
    "netpnl": 1764652.326112
  },
  {
    "pnl": -29571.140770999948,
    "date": "2024-02-12T00:00:00",
    "weekday": "Feb 2024",
    "netpnl": 1795324.037369
  },
  {
    "pnl": 0.0,
    "date": "2024-02-13T00:00:00",
    "weekday": "Feb 2024",
    "netpnl": 1835605.787289
  },
  {
    "pnl": -16588.014367999975,
    "date": "2024-02-14T00:00:00",
    "weekday": "Feb 2024",
    "netpnl": 1819017.7729210001
  },
  {
    "pnl": 0.0,
    "date": "2024-02-15T00:00:00",
    "weekday": "Feb 2024",
    "netpnl": 1915262.1507320001
  },
  {
    "pnl": 0.0,
    "date": "2024-02-16T00:00:00",
    "weekday": "Feb 2024",
    "netpnl": 1915262.1507320001
  },
  {
    "pnl": 0.0,
    "date": "2024-02-17T00:00:00",
    "weekday": "Feb 2024",
    "netpnl": 1915262.1507320001
  },
  {
    "pnl": 0.0,
    "date": "2024-02-18T00:00:00",
    "weekday": "Feb 2024",
    "netpnl": 1915262.1507320001
  },
  {
    "pnl": 0.0,
    "date": "2024-02-19T00:00:00",
    "weekday": "Feb 2024",
    "netpnl": 1940442.696046
  },
  {
    "pnl": 0.0,
    "date": "2024-02-20T00:00:00",
    "weekday": "Feb 2024",
    "netpnl": 1989968.28554
  },
  {
    "pnl": 0.0,
    "date": "2024-02-21T00:00:00",
    "weekday": "Feb 2024",
    "netpnl": 2023692.816423
  },
  {
    "pnl": 0.0,
    "date": "2024-02-22T00:00:00",
    "weekday": "Feb 2024",
    "netpnl": 2036729.430627
  },
  {
    "pnl": 0.0,
    "date": "2024-02-23T00:00:00",
    "weekday": "Feb 2024",
    "netpnl": 2036729.430627
  },
  {
    "pnl": 0.0,
    "date": "2024-02-24T00:00:00",
    "weekday": "Feb 2024",
    "netpnl": 2036729.430627
  },
  {
    "pnl": 0.0,
    "date": "2024-02-25T00:00:00",
    "weekday": "Feb 2024",
    "netpnl": 2036729.430627
  },
  {
    "pnl": 0.0,
    "date": "2024-02-26T00:00:00",
    "weekday": "Feb 2024",
    "netpnl": 2054998.948155
  },
  {
    "pnl": 0.0,
    "date": "2024-02-27T00:00:00",
    "weekday": "Feb 2024",
    "netpnl": 2186042.610499
  },
  {
    "pnl": 0.0,
    "date": "2024-02-28T00:00:00",
    "weekday": "Feb 2024",
    "netpnl": 2186042.610499
  },
  {
    "pnl": -137198.8657160001,
    "date": "2024-02-29T00:00:00",
    "weekday": "Feb 2024",
    "netpnl": 2048843.744783
  },
  {
    "pnl": -137198.8657160001,
    "date": "2024-03-01T00:00:00",
    "weekday": "Mar 2024",
    "netpnl": 2048843.744783
  },
  {
    "pnl": -137198.8657160001,
    "date": "2024-03-02T00:00:00",
    "weekday": "Mar 2024",
    "netpnl": 2048843.744783
  },
  {
    "pnl": -137198.8657160001,
    "date": "2024-03-03T00:00:00",
    "weekday": "Mar 2024",
    "netpnl": 2048843.744783
  },
  {
    "pnl": -102183.61760700005,
    "date": "2024-03-04T00:00:00",
    "weekday": "Mar 2024",
    "netpnl": 2083858.9928920001
  },
  {
    "pnl": -143819.34441000014,
    "date": "2024-03-05T00:00:00",
    "weekday": "Mar 2024",
    "netpnl": 2042223.266089
  },
  {
    "pnl": -144439.09430000023,
    "date": "2024-03-06T00:00:00",
    "weekday": "Mar 2024",
    "netpnl": 2041603.516199
  },
  {
    "pnl": -40563.34951700037,
    "date": "2024-03-07T00:00:00",
    "weekday": "Mar 2024",
    "netpnl": 2145479.260982
  },
  {
    "pnl": -40563.34951700037,
    "date": "2024-03-08T00:00:00",
    "weekday": "Mar 2024",
    "netpnl": 2145479.260982
  },
  {
    "pnl": -40563.34951700037,
    "date": "2024-03-09T00:00:00",
    "weekday": "Mar 2024",
    "netpnl": 2145479.260982
  },
  {
    "pnl": -40563.34951700037,
    "date": "2024-03-10T00:00:00",
    "weekday": "Mar 2024",
    "netpnl": 2145479.260982
  },
  {
    "pnl": 0.0,
    "date": "2024-03-11T00:00:00",
    "weekday": "Mar 2024",
    "netpnl": 2222129.952185
  },
  {
    "pnl": 0.0,
    "date": "2024-03-12T00:00:00",
    "weekday": "Mar 2024",
    "netpnl": 2335944.019891
  },
  {
    "pnl": 0.0,
    "date": "2024-03-13T00:00:00",
    "weekday": "Mar 2024",
    "netpnl": 2383374.705716
  },
  {
    "pnl": 0.0,
    "date": "2024-03-14T00:00:00",
    "weekday": "Mar 2024",
    "netpnl": 2464146.0332899997
  },
  {
    "pnl": 0.0,
    "date": "2024-03-15T00:00:00",
    "weekday": "Mar 2024",
    "netpnl": 2464146.0332899997
  },
  {
    "pnl": 0.0,
    "date": "2024-03-16T00:00:00",
    "weekday": "Mar 2024",
    "netpnl": 2464146.0332899997
  },
  {
    "pnl": 0.0,
    "date": "2024-03-17T00:00:00",
    "weekday": "Mar 2024",
    "netpnl": 2464146.0332899997
  },
  {
    "pnl": -8214.648405000102,
    "date": "2024-03-18T00:00:00",
    "weekday": "Mar 2024",
    "netpnl": 2455931.3848849996
  },
  {
    "pnl": -69932.63639400015,
    "date": "2024-03-19T00:00:00",
    "weekday": "Mar 2024",
    "netpnl": 2394213.3968959996
  }
]