[
  {
    "pnl": 51122.5,
    "date": "2023-03-27T00:00:00",
    "weekday": "Mar 2023",
    "netpnl": 50805.56234
  },
  {
    "pnl": 87918.75,
    "date": "2023-03-28T00:00:00",
    "weekday": "Mar 2023",
    "netpnl": 87413.78777
  },
  {
    "pnl": 96106.25,
    "date": "2023-03-29T00:00:00",
    "weekday": "Mar 2023",
    "netpnl": 93551.097625
  },
  {
    "pnl": 96106.25,
    "date": "2023-03-30T00:00:00",
    "weekday": "Mar 2023",
    "netpnl": 93551.097625
  },
  {
    "pnl": 96106.25,
    "date": "2023-03-31T00:00:00",
    "weekday": "Mar 2023",
    "netpnl": 93551.097625
  },
  {
    "pnl": 96106.25,
    "date": "2023-04-01T00:00:00",
    "weekday": "Apr 2023",
    "netpnl": 93551.097625
  },
  {
    "pnl": 96106.25,
    "date": "2023-04-02T00:00:00",
    "weekday": "Apr 2023",
    "netpnl": 93551.097625
  },
  {
    "pnl": 114881.25,
    "date": "2023-04-03T00:00:00",
    "weekday": "Apr 2023",
    "netpnl": 111492.497187
  },
  {
    "pnl": 114881.25,
    "date": "2023-04-04T00:00:00",
    "weekday": "Apr 2023",
    "netpnl": 111492.497187
  },
  {
    "pnl": 133785.0,
    "date": "2023-04-05T00:00:00",
    "weekday": "Apr 2023",
    "netpnl": 130236.30194199999
  },
  {
    "pnl": 186567.5,
    "date": "2023-04-06T00:00:00",
    "weekday": "Apr 2023",
    "netpnl": 180932.312454
  },
  {
    "pnl": 186567.5,
    "date": "2023-04-07T00:00:00",
    "weekday": "Apr 2023",
    "netpnl": 180932.312454
  },
  {
    "pnl": 186567.5,
    "date": "2023-04-08T00:00:00",
    "weekday": "Apr 2023",
    "netpnl": 180932.312454
  },
  {
    "pnl": 186567.5,
    "date": "2023-04-09T00:00:00",
    "weekday": "Apr 2023",
    "netpnl": 180932.312454
  },
  {
    "pnl": 170818.75,
    "date": "2023-04-10T00:00:00",
    "weekday": "Apr 2023",
    "netpnl": 164650.690602
  },
  {
    "pnl": 170220.0,
    "date": "2023-04-11T00:00:00",
    "weekday": "Apr 2023",
    "netpnl": 163875.2027
  },
  {
    "pnl": 177338.75,
    "date": "2023-04-12T00:00:00",
    "weekday": "Apr 2023",
    "netpnl": 170851.378625
  },
  {
    "pnl": 152566.25,
    "date": "2023-04-13T00:00:00",
    "weekday": "Apr 2023",
    "netpnl": 143912.33180400002
  },
  {
    "pnl": 152566.25,
    "date": "2023-04-14T00:00:00",
    "weekday": "Apr 2023",
    "netpnl": 143912.33180400002
  },
  {
    "pnl": 152566.25,
    "date": "2023-04-15T00:00:00",
    "weekday": "Apr 2023",
    "netpnl": 143912.33180400002
  },
  {
    "pnl": 152566.25,
    "date": "2023-04-16T00:00:00",
    "weekday": "Apr 2023",
    "netpnl": 143912.33180400002
  },
  {
    "pnl": 137276.25,
    "date": "2023-04-17T00:00:00",
    "weekday": "Apr 2023",
    "netpnl": 128293.682157
  },
  {
    "pnl": 113923.75,
    "date": "2023-04-18T00:00:00",
    "weekday": "Apr 2023",
    "netpnl": 104709.93621700001
  },
  {
    "pnl": 123277.5,
    "date": "2023-04-19T00:00:00",
    "weekday": "Apr 2023",
    "netpnl": 113912.423462
  },
  {
    "pnl": 142041.25,
    "date": "2023-04-20T00:00:00",
    "weekday": "Apr 2023",
    "netpnl": 130590.25267700001
  },
  {
    "pnl": 142041.25,
    "date": "2023-04-21T00:00:00",
    "weekday": "Apr 2023",
    "netpnl": 130590.25267700001
  },
  {
    "pnl": 142041.25,
    "date": "2023-04-22T00:00:00",
    "weekday": "Apr 2023",
    "netpnl": 130590.25267700001
  },
  {
    "pnl": 142041.25,
    "date": "2023-04-23T00:00:00",
    "weekday": "Apr 2023",
    "netpnl": 130590.25267700001
  },
  {
    "pnl": 125792.5,
    "date": "2023-04-24T00:00:00",
    "weekday": "Apr 2023",
    "netpnl": 114012.63882700002
  },
  {
    "pnl": 117971.25,
    "date": "2023-04-25T00:00:00",
    "weekday": "Apr 2023",
    "netpnl": 105995.08228200002
  },
  {
    "pnl": 123612.5,
    "date": "2023-04-26T00:00:00",
    "weekday": "Apr 2023",
    "netpnl": 111488.320409
  },
  {
    "pnl": 135522.5,
    "date": "2023-04-27T00:00:00",
    "weekday": "Apr 2023",
    "netpnl": 121212.88648800002
  },
  {
    "pnl": 135522.5,
    "date": "2023-04-28T00:00:00",
    "weekday": "Apr 2023",
    "netpnl": 121212.88648800002
  },
  {
    "pnl": 135522.5,
    "date": "2023-04-29T00:00:00",
    "weekday": "Apr 2023",
    "netpnl": 121212.88648800002
  },
  {
    "pnl": 135522.5,
    "date": "2023-04-30T00:00:00",
    "weekday": "Apr 2023",
    "netpnl": 121212.88648800002
  },
  {
    "pnl": 135522.5,
    "date": "2023-05-01T00:00:00",
    "weekday": "May 2023",
    "netpnl": 121212.88648800002
  },
  {
    "pnl": 163007.5,
    "date": "2023-05-02T00:00:00",
    "weekday": "May 2023",
    "netpnl": 148378.91008200002
  },
  {
    "pnl": 164418.75,
    "date": "2023-05-03T00:00:00",
    "weekday": "May 2023",
    "netpnl": 149631.030907
  },
  {
    "pnl": 131828.75,
    "date": "2023-05-04T00:00:00",
    "weekday": "May 2023",
    "netpnl": 114903.624552
  },
  {
    "pnl": 131828.75,
    "date": "2023-05-05T00:00:00",
    "weekday": "May 2023",
    "netpnl": 114903.624552
  },
  {
    "pnl": 131828.75,
    "date": "2023-05-06T00:00:00",
    "weekday": "May 2023",
    "netpnl": 114903.624552
  },
  {
    "pnl": 131828.75,
    "date": "2023-05-07T00:00:00",
    "weekday": "May 2023",
    "netpnl": 114903.624552
  },
  {
    "pnl": 147293.75,
    "date": "2023-05-08T00:00:00",
    "weekday": "May 2023",
    "netpnl": 129365.406411
  },
  {
    "pnl": 127718.75,
    "date": "2023-05-09T00:00:00",
    "weekday": "May 2023",
    "netpnl": 107969.21215099999
  },
  {
    "pnl": 112545.0,
    "date": "2023-05-10T00:00:00",
    "weekday": "May 2023",
    "netpnl": 91768.65804999997
  },
  {
    "pnl": 110886.25,
    "date": "2023-05-11T00:00:00",
    "weekday": "May 2023",
    "netpnl": 87808.62171399998
  },
  {
    "pnl": 110886.25,
    "date": "2023-05-12T00:00:00",
    "weekday": "May 2023",
    "netpnl": 87808.62171399998
  },
  {
    "pnl": 110886.25,
    "date": "2023-05-13T00:00:00",
    "weekday": "May 2023",
    "netpnl": 87808.62171399998
  },
  {
    "pnl": 110886.25,
    "date": "2023-05-14T00:00:00",
    "weekday": "May 2023",
    "netpnl": 87808.62171399998
  },
  {
    "pnl": 125322.5,
    "date": "2023-05-15T00:00:00",
    "weekday": "May 2023",
    "netpnl": 101197.30825199999
  },
  {
    "pnl": 118994.5,
    "date": "2023-05-16T00:00:00",
    "weekday": "May 2023",
    "netpnl": 93652.11162599997
  },
  {
    "pnl": 116025.75,
    "date": "2023-05-17T00:00:00",
    "weekday": "May 2023",
    "netpnl": 89591.27027399998
  },
  {
    "pnl": 77237.0,
    "date": "2023-05-18T00:00:00",
    "weekday": "May 2023",
    "netpnl": 48310.56859399998
  },
  {
    "pnl": 77237.0,
    "date": "2023-05-19T00:00:00",
    "weekday": "May 2023",
    "netpnl": 48310.56859399998
  },
  {
    "pnl": 77237.0,
    "date": "2023-05-20T00:00:00",
    "weekday": "May 2023",
    "netpnl": 48310.56859399998
  },
  {
    "pnl": 77237.0,
    "date": "2023-05-21T00:00:00",
    "weekday": "May 2023",
    "netpnl": 48310.56859399998
  },
  {
    "pnl": 53645.75,
    "date": "2023-05-22T00:00:00",
    "weekday": "May 2023",
    "netpnl": 23741.148038999992
  },
  {
    "pnl": 74563.75,
    "date": "2023-05-23T00:00:00",
    "weekday": "May 2023",
    "netpnl": 43448.021057999984
  },
  {
    "pnl": 49292.5,
    "date": "2023-05-24T00:00:00",
    "weekday": "May 2023",
    "netpnl": 17096.90363099998
  },
  {
    "pnl": 74602.5,
    "date": "2023-05-25T00:00:00",
    "weekday": "May 2023",
    "netpnl": 40167.800477999976
  },
  {
    "pnl": 74602.5,
    "date": "2023-05-26T00:00:00",
    "weekday": "May 2023",
    "netpnl": 40167.800477999976
  },
  {
    "pnl": 74602.5,
    "date": "2023-05-27T00:00:00",
    "weekday": "May 2023",
    "netpnl": 40167.800477999976
  },
  {
    "pnl": 74602.5,
    "date": "2023-05-28T00:00:00",
    "weekday": "May 2023",
    "netpnl": 40167.800477999976
  },
  {
    "pnl": 63187.5,
    "date": "2023-05-29T00:00:00",
    "weekday": "May 2023",
    "netpnl": 27881.032173999978
  },
  {
    "pnl": 100259.5,
    "date": "2023-05-30T00:00:00",
    "weekday": "May 2023",
    "netpnl": 63777.810105999975
  },
  {
    "pnl": 85358.25,
    "date": "2023-05-31T00:00:00",
    "weekday": "May 2023",
    "netpnl": 48713.191444999975
  },
  {
    "pnl": 140468.25,
    "date": "2023-06-01T00:00:00",
    "weekday": "Jun 2023",
    "netpnl": 101331.17262299998
  },
  {
    "pnl": 140468.25,
    "date": "2023-06-02T00:00:00",
    "weekday": "Jun 2023",
    "netpnl": 101331.17262299998
  },
  {
    "pnl": 140468.25,
    "date": "2023-06-03T00:00:00",
    "weekday": "Jun 2023",
    "netpnl": 101331.17262299998
  },
  {
    "pnl": 140468.25,
    "date": "2023-06-04T00:00:00",
    "weekday": "Jun 2023",
    "netpnl": 101331.17262299998
  },
  {
    "pnl": 168458.25,
    "date": "2023-06-05T00:00:00",
    "weekday": "Jun 2023",
    "netpnl": 128391.84916599999
  },
  {
    "pnl": 209086.25,
    "date": "2023-06-06T00:00:00",
    "weekday": "Jun 2023",
    "netpnl": 167805.83943100006
  },
  {
    "pnl": 217742.5,
    "date": "2023-06-07T00:00:00",
    "weekday": "Jun 2023",
    "netpnl": 176332.28784400003
  },
  {
    "pnl": 250246.25,
    "date": "2023-06-08T00:00:00",
    "weekday": "Jun 2023",
    "netpnl": 206852.28656100004
  },
  {
    "pnl": 250246.25,
    "date": "2023-06-09T00:00:00",
    "weekday": "Jun 2023",
    "netpnl": 206852.28656100004
  },
  {
    "pnl": 250246.25,
    "date": "2023-06-10T00:00:00",
    "weekday": "Jun 2023",
    "netpnl": 206852.28656100004
  },
  {
    "pnl": 250246.25,
    "date": "2023-06-11T00:00:00",
    "weekday": "Jun 2023",
    "netpnl": 206852.28656100004
  },
  {
    "pnl": 267730.0,
    "date": "2023-06-12T00:00:00",
    "weekday": "Jun 2023",
    "netpnl": 223401.14458700008
  },
  {
    "pnl": 280732.0,
    "date": "2023-06-13T00:00:00",
    "weekday": "Jun 2023",
    "netpnl": 235242.04325900011
  },
  {
    "pnl": 283075.75,
    "date": "2023-06-14T00:00:00",
    "weekday": "Jun 2023",
    "netpnl": 237448.99112700007
  },
  {
    "pnl": 325099.5,
    "date": "2023-06-15T00:00:00",
    "weekday": "Jun 2023",
    "netpnl": 276977.4512500001
  },
  {
    "pnl": 325099.5,
    "date": "2023-06-16T00:00:00",
    "weekday": "Jun 2023",
    "netpnl": 276977.4512500001
  },
  {
    "pnl": 325099.5,
    "date": "2023-06-17T00:00:00",
    "weekday": "Jun 2023",
    "netpnl": 276977.4512500001
  },
  {
    "pnl": 325099.5,
    "date": "2023-06-18T00:00:00",
    "weekday": "Jun 2023",
    "netpnl": 276977.4512500001
  },
  {
    "pnl": 347867.0,
    "date": "2023-06-19T00:00:00",
    "weekday": "Jun 2023",
    "netpnl": 298822.5624410001
  },
  {
    "pnl": 338743.0,
    "date": "2023-06-20T00:00:00",
    "weekday": "Jun 2023",
    "netpnl": 288503.5732250001
  },
  {
    "pnl": 324493.0,
    "date": "2023-06-21T00:00:00",
    "weekday": "Jun 2023",
    "netpnl": 274092.23538100015
  },
  {
    "pnl": 314926.75,
    "date": "2023-06-22T00:00:00",
    "weekday": "Jun 2023",
    "netpnl": 262152.17456000013
  },
  {
    "pnl": 314926.75,
    "date": "2023-06-23T00:00:00",
    "weekday": "Jun 2023",
    "netpnl": 262152.17456000013
  },
  {
    "pnl": 314926.75,
    "date": "2023-06-24T00:00:00",
    "weekday": "Jun 2023",
    "netpnl": 262152.17456000013
  },
  {
    "pnl": 314926.75,
    "date": "2023-06-25T00:00:00",
    "weekday": "Jun 2023",
    "netpnl": 262152.17456000013
  },
  {
    "pnl": 321971.75,
    "date": "2023-06-26T00:00:00",
    "weekday": "Jun 2023",
    "netpnl": 268247.0655820001
  },
  {
    "pnl": 339475.75,
    "date": "2023-06-27T00:00:00",
    "weekday": "Jun 2023",
    "netpnl": 284772.0377870001
  },
  {
    "pnl": 346659.5,
    "date": "2023-06-28T00:00:00",
    "weekday": "Jun 2023",
    "netpnl": 289471.7324220001
  },
  {
    "pnl": 346659.5,
    "date": "2023-06-29T00:00:00",
    "weekday": "Jun 2023",
    "netpnl": 289471.7324220001
  },
  {
    "pnl": 346659.5,
    "date": "2023-06-30T00:00:00",
    "weekday": "Jun 2023",
    "netpnl": 289471.7324220001
  },
  {
    "pnl": 346659.5,
    "date": "2023-07-01T00:00:00",
    "weekday": "Jul 2023",
    "netpnl": 289471.7324220001
  },
  {
    "pnl": 346659.5,
    "date": "2023-07-02T00:00:00",
    "weekday": "Jul 2023",
    "netpnl": 289471.7324220001
  },
  {
    "pnl": 331553.25,
    "date": "2023-07-03T00:00:00",
    "weekday": "Jul 2023",
    "netpnl": 273481.8283240002
  },
  {
    "pnl": 318721.25,
    "date": "2023-07-04T00:00:00",
    "weekday": "Jul 2023",
    "netpnl": 259224.58123600011
  },
  {
    "pnl": 348415.0,
    "date": "2023-07-05T00:00:00",
    "weekday": "Jul 2023",
    "netpnl": 288740.0936890001
  },
  {
    "pnl": 424058.75,
    "date": "2023-07-06T00:00:00",
    "weekday": "Jul 2023",
    "netpnl": 361996.61847699987
  },
  {
    "pnl": 424058.75,
    "date": "2023-07-07T00:00:00",
    "weekday": "Jul 2023",
    "netpnl": 361996.61847699987
  },
  {
    "pnl": 424058.75,
    "date": "2023-07-08T00:00:00",
    "weekday": "Jul 2023",
    "netpnl": 361996.61847699987
  },
  {
    "pnl": 424058.75,
    "date": "2023-07-09T00:00:00",
    "weekday": "Jul 2023",
    "netpnl": 361996.61847699987
  },
  {
    "pnl": 404255.0,
    "date": "2023-07-10T00:00:00",
    "weekday": "Jul 2023",
    "netpnl": 341424.17252
  },
  {
    "pnl": 417407.0,
    "date": "2023-07-11T00:00:00",
    "weekday": "Jul 2023",
    "netpnl": 353190.628751
  },
  {
    "pnl": 395630.75,
    "date": "2023-07-12T00:00:00",
    "weekday": "Jul 2023",
    "netpnl": 331247.01090600004
  },
  {
    "pnl": 380142.0,
    "date": "2023-07-13T00:00:00",
    "weekday": "Jul 2023",
    "netpnl": 313325.2594370001
  },
  {
    "pnl": 380142.0,
    "date": "2023-07-14T00:00:00",
    "weekday": "Jul 2023",
    "netpnl": 313325.2594370001
  },
  {
    "pnl": 380142.0,
    "date": "2023-07-15T00:00:00",
    "weekday": "Jul 2023",
    "netpnl": 313325.2594370001
  },
  {
    "pnl": 380142.0,
    "date": "2023-07-16T00:00:00",
    "weekday": "Jul 2023",
    "netpnl": 313325.2594370001
  },
  {
    "pnl": 385115.75,
    "date": "2023-07-17T00:00:00",
    "weekday": "Jul 2023",
    "netpnl": 317347.6284740001
  },
  {
    "pnl": 371571.75,
    "date": "2023-07-18T00:00:00",
    "weekday": "Jul 2023",
    "netpnl": 302278.65218200005
  },
  {
    "pnl": 404579.25,
    "date": "2023-07-19T00:00:00",
    "weekday": "Jul 2023",
    "netpnl": 335102.98312100006
  },
  {
    "pnl": 370839.25,
    "date": "2023-07-20T00:00:00",
    "weekday": "Jul 2023",
    "netpnl": 298857.66977900005
  },
  {
    "pnl": 370839.25,
    "date": "2023-07-21T00:00:00",
    "weekday": "Jul 2023",
    "netpnl": 298857.66977900005
  },
  {
    "pnl": 370839.25,
    "date": "2023-07-22T00:00:00",
    "weekday": "Jul 2023",
    "netpnl": 298857.66977900005
  },
  {
    "pnl": 370839.25,
    "date": "2023-07-23T00:00:00",
    "weekday": "Jul 2023",
    "netpnl": 298857.66977900005
  },
  {
    "pnl": 345328.0,
    "date": "2023-07-24T00:00:00",
    "weekday": "Jul 2023",
    "netpnl": 272393.74097500014
  },
  {
    "pnl": 334762.0,
    "date": "2023-07-25T00:00:00",
    "weekday": "Jul 2023",
    "netpnl": 260379.35845200007
  },
  {
    "pnl": 342994.75,
    "date": "2023-07-26T00:00:00",
    "weekday": "Jul 2023",
    "netpnl": 268471.8962410001
  },
  {
    "pnl": 368268.25,
    "date": "2023-07-27T00:00:00",
    "weekday": "Jul 2023",
    "netpnl": 291396.9613180001
  },
  {
    "pnl": 368268.25,
    "date": "2023-07-28T00:00:00",
    "weekday": "Jul 2023",
    "netpnl": 291396.9613180001
  },
  {
    "pnl": 368268.25,
    "date": "2023-07-29T00:00:00",
    "weekday": "Jul 2023",
    "netpnl": 291396.9613180001
  },
  {
    "pnl": 368268.25,
    "date": "2023-07-30T00:00:00",
    "weekday": "Jul 2023",
    "netpnl": 291396.9613180001
  },
  {
    "pnl": 398499.25,
    "date": "2023-07-31T00:00:00",
    "weekday": "Jul 2023",
    "netpnl": 320704.8514170001
  },
  {
    "pnl": 445577.25,
    "date": "2023-08-01T00:00:00",
    "weekday": "Aug 2023",
    "netpnl": 366566.2062119998
  },
  {
    "pnl": 426320.25,
    "date": "2023-08-02T00:00:00",
    "weekday": "Aug 2023",
    "netpnl": 347135.6148109999
  },
  {
    "pnl": 433249.5,
    "date": "2023-08-03T00:00:00",
    "weekday": "Aug 2023",
    "netpnl": 351676.0649999999
  },
  {
    "pnl": 433249.5,
    "date": "2023-08-04T00:00:00",
    "weekday": "Aug 2023",
    "netpnl": 351676.0649999999
  },
  {
    "pnl": 433249.5,
    "date": "2023-08-05T00:00:00",
    "weekday": "Aug 2023",
    "netpnl": 351676.0649999999
  },
  {
    "pnl": 433249.5,
    "date": "2023-08-06T00:00:00",
    "weekday": "Aug 2023",
    "netpnl": 351676.0649999999
  },
  {
    "pnl": 407694.0,
    "date": "2023-08-07T00:00:00",
    "weekday": "Aug 2023",
    "netpnl": 325158.2092609999
  },
  {
    "pnl": 459240.0,
    "date": "2023-08-08T00:00:00",
    "weekday": "Aug 2023",
    "netpnl": 375543.47497099976
  },
  {
    "pnl": 459240.0,
    "date": "2023-08-09T00:00:00",
    "weekday": "Aug 2023",
    "netpnl": 375543.47497099976
  },
  {
    "pnl": 477185.25,
    "date": "2023-08-10T00:00:00",
    "weekday": "Aug 2023",
    "netpnl": 392349.7628799998
  },
  {
    "pnl": 477185.25,
    "date": "2023-08-11T00:00:00",
    "weekday": "Aug 2023",
    "netpnl": 392349.7628799998
  },
  {
    "pnl": 477185.25,
    "date": "2023-08-12T00:00:00",
    "weekday": "Aug 2023",
    "netpnl": 392349.7628799998
  },
  {
    "pnl": 477185.25,
    "date": "2023-08-13T00:00:00",
    "weekday": "Aug 2023",
    "netpnl": 392349.7628799998
  },
  {
    "pnl": 543987.25,
    "date": "2023-08-14T00:00:00",
    "weekday": "Aug 2023",
    "netpnl": 457913.3747069998
  },
  {
    "pnl": 543987.25,
    "date": "2023-08-15T00:00:00",
    "weekday": "Aug 2023",
    "netpnl": 457913.3747069998
  },
  {
    "pnl": 557728.75,
    "date": "2023-08-16T00:00:00",
    "weekday": "Aug 2023",
    "netpnl": 471504.4824299998
  },
  {
    "pnl": 613647.25,
    "date": "2023-08-17T00:00:00",
    "weekday": "Aug 2023",
    "netpnl": 525155.9121059998
  },
  {
    "pnl": 613647.25,
    "date": "2023-08-18T00:00:00",
    "weekday": "Aug 2023",
    "netpnl": 525155.9121059998
  },
  {
    "pnl": 613647.25,
    "date": "2023-08-19T00:00:00",
    "weekday": "Aug 2023",
    "netpnl": 525155.9121059998
  },
  {
    "pnl": 613647.25,
    "date": "2023-08-20T00:00:00",
    "weekday": "Aug 2023",
    "netpnl": 525155.9121059998
  },
  {
    "pnl": 613647.25,
    "date": "2023-08-21T00:00:00",
    "weekday": "Aug 2023",
    "netpnl": 525155.9121059998
  },
  {
    "pnl": 609211.25,
    "date": "2023-08-22T00:00:00",
    "weekday": "Aug 2023",
    "netpnl": 519624.1733829998
  },
  {
    "pnl": 606245.75,
    "date": "2023-08-23T00:00:00",
    "weekday": "Aug 2023",
    "netpnl": 516521.82253099984
  },
  {
    "pnl": 603905.75,
    "date": "2023-08-24T00:00:00",
    "weekday": "Aug 2023",
    "netpnl": 512016.87121499976
  },
  {
    "pnl": 603905.75,
    "date": "2023-08-25T00:00:00",
    "weekday": "Aug 2023",
    "netpnl": 512016.87121499976
  },
  {
    "pnl": 603905.75,
    "date": "2023-08-26T00:00:00",
    "weekday": "Aug 2023",
    "netpnl": 512016.87121499976
  },
  {
    "pnl": 603905.75,
    "date": "2023-08-27T00:00:00",
    "weekday": "Aug 2023",
    "netpnl": 512016.87121499976
  },
  {
    "pnl": 614465.75,
    "date": "2023-08-28T00:00:00",
    "weekday": "Aug 2023",
    "netpnl": 522423.94366199983
  },
  {
    "pnl": 674507.75,
    "date": "2023-08-29T00:00:00",
    "weekday": "Aug 2023",
    "netpnl": 581388.7233779997
  },
  {
    "pnl": 662358.5,
    "date": "2023-08-30T00:00:00",
    "weekday": "Aug 2023",
    "netpnl": 569096.9662629998
  },
  {
    "pnl": 731662.25,
    "date": "2023-08-31T00:00:00",
    "weekday": "Aug 2023",
    "netpnl": 635993.7769079998
  },
  {
    "pnl": 731662.25,
    "date": "2023-09-01T00:00:00",
    "weekday": "Sep 2023",
    "netpnl": 635993.7769079998
  },
  {
    "pnl": 731662.25,
    "date": "2023-09-02T00:00:00",
    "weekday": "Sep 2023",
    "netpnl": 635993.7769079998
  },
  {
    "pnl": 731662.25,
    "date": "2023-09-03T00:00:00",
    "weekday": "Sep 2023",
    "netpnl": 635993.7769079998
  },
  {
    "pnl": 731662.25,
    "date": "2023-09-04T00:00:00",
    "weekday": "Sep 2023",
    "netpnl": 635993.7769079998
  },
  {
    "pnl": 787186.25,
    "date": "2023-09-05T00:00:00",
    "weekday": "Sep 2023",
    "netpnl": 690372.0865599996
  },
  {
    "pnl": 808539.5,
    "date": "2023-09-06T00:00:00",
    "weekday": "Sep 2023",
    "netpnl": 710716.0598979996
  },
  {
    "pnl": 773192.0,
    "date": "2023-09-07T00:00:00",
    "weekday": "Sep 2023",
    "netpnl": 674004.6180529996
  },
  {
    "pnl": 773192.0,
    "date": "2023-09-08T00:00:00",
    "weekday": "Sep 2023",
    "netpnl": 674004.6180529996
  },
  {
    "pnl": 773192.0,
    "date": "2023-09-09T00:00:00",
    "weekday": "Sep 2023",
    "netpnl": 674004.6180529996
  },
  {
    "pnl": 773192.0,
    "date": "2023-09-10T00:00:00",
    "weekday": "Sep 2023",
    "netpnl": 674004.6180529996
  },
  {
    "pnl": 773192.0,
    "date": "2023-09-11T00:00:00",
    "weekday": "Sep 2023",
    "netpnl": 674004.6180529996
  },
  {
    "pnl": 772294.0,
    "date": "2023-09-12T00:00:00",
    "weekday": "Sep 2023",
    "netpnl": 671938.6829139995
  },
  {
    "pnl": 776229.25,
    "date": "2023-09-13T00:00:00",
    "weekday": "Sep 2023",
    "netpnl": 674728.4497499996
  },
  {
    "pnl": 822769.25,
    "date": "2023-09-14T00:00:00",
    "weekday": "Sep 2023",
    "netpnl": 720059.1928419996
  },
  {
    "pnl": 822769.25,
    "date": "2023-09-15T00:00:00",
    "weekday": "Sep 2023",
    "netpnl": 720059.1928419996
  },
  {
    "pnl": 822769.25,
    "date": "2023-09-16T00:00:00",
    "weekday": "Sep 2023",
    "netpnl": 720059.1928419996
  },
  {
    "pnl": 822769.25,
    "date": "2023-09-17T00:00:00",
    "weekday": "Sep 2023",
    "netpnl": 720059.1928419996
  },
  {
    "pnl": 813221.25,
    "date": "2023-09-18T00:00:00",
    "weekday": "Sep 2023",
    "netpnl": 709273.3149879995
  },
  {
    "pnl": 813221.25,
    "date": "2023-09-19T00:00:00",
    "weekday": "Sep 2023",
    "netpnl": 709273.3149879995
  },
  {
    "pnl": 802044.75,
    "date": "2023-09-20T00:00:00",
    "weekday": "Sep 2023",
    "netpnl": 696880.2709189996
  },
  {
    "pnl": 866767.25,
    "date": "2023-09-21T00:00:00",
    "weekday": "Sep 2023",
    "netpnl": 760395.6206059994
  },
  {
    "pnl": 866767.25,
    "date": "2023-09-22T00:00:00",
    "weekday": "Sep 2023",
    "netpnl": 760395.6206059994
  },
  {
    "pnl": 866767.25,
    "date": "2023-09-23T00:00:00",
    "weekday": "Sep 2023",
    "netpnl": 760395.6206059994
  },
  {
    "pnl": 866767.25,
    "date": "2023-09-24T00:00:00",
    "weekday": "Sep 2023",
    "netpnl": 760395.6206059994
  },
  {
    "pnl": 866767.25,
    "date": "2023-09-25T00:00:00",
    "weekday": "Sep 2023",
    "netpnl": 760395.6206059994
  },
  {
    "pnl": 842875.25,
    "date": "2023-09-26T00:00:00",
    "weekday": "Sep 2023",
    "netpnl": 735338.4097549993
  },
  {
    "pnl": 842875.25,
    "date": "2023-09-27T00:00:00",
    "weekday": "Sep 2023",
    "netpnl": 735338.4097549993
  },
  {
    "pnl": 827145.5,
    "date": "2023-09-28T00:00:00",
    "weekday": "Sep 2023",
    "netpnl": 718433.6920559993
  },
  {
    "pnl": 827145.5,
    "date": "2023-09-29T00:00:00",
    "weekday": "Sep 2023",
    "netpnl": 718433.6920559993
  },
  {
    "pnl": 827145.5,
    "date": "2023-09-30T00:00:00",
    "weekday": "Sep 2023",
    "netpnl": 718433.6920559993
  },
  {
    "pnl": 827145.5,
    "date": "2023-10-01T00:00:00",
    "weekday": "Oct 2023",
    "netpnl": 718433.6920559993
  },
  {
    "pnl": 827145.5,
    "date": "2023-10-02T00:00:00",
    "weekday": "Oct 2023",
    "netpnl": 718433.6920559993
  },
  {
    "pnl": 843239.5,
    "date": "2023-10-03T00:00:00",
    "weekday": "Oct 2023",
    "netpnl": 733389.9742309992
  },
  {
    "pnl": 876373.0,
    "date": "2023-10-04T00:00:00",
    "weekday": "Oct 2023",
    "netpnl": 765310.4340249994
  },
  {
    "pnl": 923040.5,
    "date": "2023-10-05T00:00:00",
    "weekday": "Oct 2023",
    "netpnl": 810885.0597819994
  },
  {
    "pnl": 923040.5,
    "date": "2023-10-06T00:00:00",
    "weekday": "Oct 2023",
    "netpnl": 810885.0597819994
  },
  {
    "pnl": 923040.5,
    "date": "2023-10-07T00:00:00",
    "weekday": "Oct 2023",
    "netpnl": 810885.0597819994
  },
  {
    "pnl": 923040.5,
    "date": "2023-10-08T00:00:00",
    "weekday": "Oct 2023",
    "netpnl": 810885.0597819994
  },
  {
    "pnl": 923040.5,
    "date": "2023-10-09T00:00:00",
    "weekday": "Oct 2023",
    "netpnl": 810885.0597819994
  },
  {
    "pnl": 1022428.5,
    "date": "2023-10-10T00:00:00",
    "weekday": "Oct 2023",
    "netpnl": 909035.6877039996
  },
  {
    "pnl": 1013457.0,
    "date": "2023-10-11T00:00:00",
    "weekday": "Oct 2023",
    "netpnl": 898812.1255669995
  },
  {
    "pnl": 1041944.5,
    "date": "2023-10-12T00:00:00",
    "weekday": "Oct 2023",
    "netpnl": 926183.9398029995
  },
  {
    "pnl": 1041944.5,
    "date": "2023-10-13T00:00:00",
    "weekday": "Oct 2023",
    "netpnl": 926183.9398029995
  },
  {
    "pnl": 1041944.5,
    "date": "2023-10-14T00:00:00",
    "weekday": "Oct 2023",
    "netpnl": 926183.9398029995
  },
  {
    "pnl": 1041944.5,
    "date": "2023-10-15T00:00:00",
    "weekday": "Oct 2023",
    "netpnl": 926183.9398029995
  },
  {
    "pnl": 1041944.5,
    "date": "2023-10-16T00:00:00",
    "weekday": "Oct 2023",
    "netpnl": 926183.9398029995
  },
  {
    "pnl": 1131380.5,
    "date": "2023-10-17T00:00:00",
    "weekday": "Oct 2023",
    "netpnl": 1014631.0348959995
  },
  {
    "pnl": 1146475.75,
    "date": "2023-10-18T00:00:00",
    "weekday": "Oct 2023",
    "netpnl": 1028578.1612669994
  },
  {
    "pnl": 1162603.25,
    "date": "2023-10-19T00:00:00",
    "weekday": "Oct 2023",
    "netpnl": 1043506.9557769996
  },
  {
    "pnl": 1162603.25,
    "date": "2023-10-20T00:00:00",
    "weekday": "Oct 2023",
    "netpnl": 1043506.9557769996
  },
  {
    "pnl": 1162603.25,
    "date": "2023-10-21T00:00:00",
    "weekday": "Oct 2023",
    "netpnl": 1043506.9557769996
  },
  {
    "pnl": 1162603.25,
    "date": "2023-10-22T00:00:00",
    "weekday": "Oct 2023",
    "netpnl": 1043506.9557769996
  },
  {
    "pnl": 1188157.25,
    "date": "2023-10-23T00:00:00",
    "weekday": "Oct 2023",
    "netpnl": 1067964.9819419996
  },
  {
    "pnl": 1188157.25,
    "date": "2023-10-24T00:00:00",
    "weekday": "Oct 2023",
    "netpnl": 1067964.9819419996
  },
  {
    "pnl": 1188157.25,
    "date": "2023-10-25T00:00:00",
    "weekday": "Oct 2023",
    "netpnl": 1067964.9819419996
  },
  {
    "pnl": 1168517.75,
    "date": "2023-10-26T00:00:00",
    "weekday": "Oct 2023",
    "netpnl": 1047036.8781659995
  },
  {
    "pnl": 1168517.75,
    "date": "2023-10-27T00:00:00",
    "weekday": "Oct 2023",
    "netpnl": 1047036.8781659995
  },
  {
    "pnl": 1168517.75,
    "date": "2023-10-28T00:00:00",
    "weekday": "Oct 2023",
    "netpnl": 1047036.8781659995
  },
  {
    "pnl": 1168517.75,
    "date": "2023-10-29T00:00:00",
    "weekday": "Oct 2023",
    "netpnl": 1047036.8781659995
  },
  {
    "pnl": 1197820.25,
    "date": "2023-10-30T00:00:00",
    "weekday": "Oct 2023",
    "netpnl": 1075238.3264269996
  },
  {
    "pnl": 1215712.25,
    "date": "2023-10-31T00:00:00",
    "weekday": "Oct 2023",
    "netpnl": 1091768.8756479996
  },
  {
    "pnl": 1351222.25,
    "date": "2023-11-01T00:00:00",
    "weekday": "Nov 2023",
    "netpnl": 1226134.1688340001
  },
  {
    "pnl": 1386367.25,
    "date": "2023-11-02T00:00:00",
    "weekday": "Nov 2023",
    "netpnl": 1259889.5758570002
  },
  {
    "pnl": 1386367.25,
    "date": "2023-11-03T00:00:00",
    "weekday": "Nov 2023",
    "netpnl": 1259889.5758570002
  },
  {
    "pnl": 1386367.25,
    "date": "2023-11-04T00:00:00",
    "weekday": "Nov 2023",
    "netpnl": 1259889.5758570002
  },
  {
    "pnl": 1386367.25,
    "date": "2023-11-05T00:00:00",
    "weekday": "Nov 2023",
    "netpnl": 1259889.5758570002
  },
  {
    "pnl": 1420848.5,
    "date": "2023-11-06T00:00:00",
    "weekday": "Nov 2023",
    "netpnl": 1293218.6224730008
  },
  {
    "pnl": 1333410.5,
    "date": "2023-11-07T00:00:00",
    "weekday": "Nov 2023",
    "netpnl": 1204267.402613
  },
  {
    "pnl": 1374495.5,
    "date": "2023-11-08T00:00:00",
    "weekday": "Nov 2023",
    "netpnl": 1244204.772083
  },
  {
    "pnl": 1480173.0,
    "date": "2023-11-09T00:00:00",
    "weekday": "Nov 2023",
    "netpnl": 1348556.1128460004
  },
  {
    "pnl": 1480173.0,
    "date": "2023-11-10T00:00:00",
    "weekday": "Nov 2023",
    "netpnl": 1348556.1128460004
  },
  {
    "pnl": 1480173.0,
    "date": "2023-11-11T00:00:00",
    "weekday": "Nov 2023",
    "netpnl": 1348556.1128460004
  },
  {
    "pnl": 1480173.0,
    "date": "2023-11-12T00:00:00",
    "weekday": "Nov 2023",
    "netpnl": 1348556.1128460004
  },
  {
    "pnl": 1504543.0,
    "date": "2023-11-13T00:00:00",
    "weekday": "Nov 2023",
    "netpnl": 1371618.2456260005
  },
  {
    "pnl": 1504543.0,
    "date": "2023-11-14T00:00:00",
    "weekday": "Nov 2023",
    "netpnl": 1371618.2456260005
  },
  {
    "pnl": 1607034.25,
    "date": "2023-11-15T00:00:00",
    "weekday": "Nov 2023",
    "netpnl": 1472904.7940650003
  },
  {
    "pnl": 1586551.75,
    "date": "2023-11-16T00:00:00",
    "weekday": "Nov 2023",
    "netpnl": 1451023.1681190005
  },
  {
    "pnl": 1586551.75,
    "date": "2023-11-17T00:00:00",
    "weekday": "Nov 2023",
    "netpnl": 1451023.1681190005
  },
  {
    "pnl": 1586551.75,
    "date": "2023-11-18T00:00:00",
    "weekday": "Nov 2023",
    "netpnl": 1451023.1681190005
  },
  {
    "pnl": 1586551.75,
    "date": "2023-11-19T00:00:00",
    "weekday": "Nov 2023",
    "netpnl": 1451023.1681190005
  },
  {
    "pnl": 1560714.25,
    "date": "2023-11-20T00:00:00",
    "weekday": "Nov 2023",
    "netpnl": 1423895.0250240003
  },
  {
    "pnl": 1648406.25,
    "date": "2023-11-21T00:00:00",
    "weekday": "Nov 2023",
    "netpnl": 1510633.1732590005
  },
  {
    "pnl": 1696518.75,
    "date": "2023-11-22T00:00:00",
    "weekday": "Nov 2023",
    "netpnl": 1557576.5722680006
  },
  {
    "pnl": 1746511.25,
    "date": "2023-11-23T00:00:00",
    "weekday": "Nov 2023",
    "netpnl": 1606256.1634340005
  },
  {
    "pnl": 1798745.0,
    "date": "2023-11-24T00:00:00",
    "weekday": "Nov 2023",
    "netpnl": 1657351.2236610006
  },
  {
    "pnl": 1798745.0,
    "date": "2023-11-25T00:00:00",
    "weekday": "Nov 2023",
    "netpnl": 1657351.2236610006
  },
  {
    "pnl": 1798745.0,
    "date": "2023-11-26T00:00:00",
    "weekday": "Nov 2023",
    "netpnl": 1657351.2236610006
  },
  {
    "pnl": 1798745.0,
    "date": "2023-11-27T00:00:00",
    "weekday": "Nov 2023",
    "netpnl": 1657351.2236610006
  },
  {
    "pnl": 1797999.0,
    "date": "2023-11-28T00:00:00",
    "weekday": "Nov 2023",
    "netpnl": 1655382.6319200003
  },
  {
    "pnl": 1797999.0,
    "date": "2023-11-29T00:00:00",
    "weekday": "Nov 2023",
    "netpnl": 1655382.6319200003
  },
  {
    "pnl": 1791525.0,
    "date": "2023-11-30T00:00:00",
    "weekday": "Nov 2023",
    "netpnl": 1647566.1502900003
  },
  {
    "pnl": 1791525.0,
    "date": "2023-12-01T00:00:00",
    "weekday": "Dec 2023",
    "netpnl": 1647566.1502900003
  },
  {
    "pnl": 1791525.0,
    "date": "2023-12-02T00:00:00",
    "weekday": "Dec 2023",
    "netpnl": 1647566.1502900003
  },
  {
    "pnl": 1791525.0,
    "date": "2023-12-03T00:00:00",
    "weekday": "Dec 2023",
    "netpnl": 1647566.1502900003
  },
  {
    "pnl": 1748370.0,
    "date": "2023-12-04T00:00:00",
    "weekday": "Dec 2023",
    "netpnl": 1602424.794733
  },
  {
    "pnl": 1762886.0,
    "date": "2023-12-05T00:00:00",
    "weekday": "Dec 2023",
    "netpnl": 1615506.923171
  },
  {
    "pnl": 1770653.0,
    "date": "2023-12-06T00:00:00",
    "weekday": "Dec 2023",
    "netpnl": 1621857.1968120001
  },
  {
    "pnl": 1854793.0,
    "date": "2023-12-07T00:00:00",
    "weekday": "Dec 2023",
    "netpnl": 1704679.3481669999
  },
  {
    "pnl": 1854793.0,
    "date": "2023-12-08T00:00:00",
    "weekday": "Dec 2023",
    "netpnl": 1704679.3481669999
  },
  {
    "pnl": 1854793.0,
    "date": "2023-12-09T00:00:00",
    "weekday": "Dec 2023",
    "netpnl": 1704679.3481669999
  },
  {
    "pnl": 1854793.0,
    "date": "2023-12-10T00:00:00",
    "weekday": "Dec 2023",
    "netpnl": 1704679.3481669999
  },
  {
    "pnl": 1809144.25,
    "date": "2023-12-11T00:00:00",
    "weekday": "Dec 2023",
    "netpnl": 1657802.432381
  },
  {
    "pnl": 1827486.25,
    "date": "2023-12-12T00:00:00",
    "weekday": "Dec 2023",
    "netpnl": 1674747.299834
  },
  {
    "pnl": 1865792.5,
    "date": "2023-12-13T00:00:00",
    "weekday": "Dec 2023",
    "netpnl": 1711658.8483600002
  },
  {
    "pnl": 1826362.5,
    "date": "2023-12-14T00:00:00",
    "weekday": "Dec 2023",
    "netpnl": 1670819.182525
  },
  {
    "pnl": 1826362.5,
    "date": "2023-12-15T00:00:00",
    "weekday": "Dec 2023",
    "netpnl": 1670819.182525
  },
  {
    "pnl": 1826362.5,
    "date": "2023-12-16T00:00:00",
    "weekday": "Dec 2023",
    "netpnl": 1670819.182525
  },
  {
    "pnl": 1826362.5,
    "date": "2023-12-17T00:00:00",
    "weekday": "Dec 2023",
    "netpnl": 1670819.182525
  },
  {
    "pnl": 1832433.75,
    "date": "2023-12-18T00:00:00",
    "weekday": "Dec 2023",
    "netpnl": 1675889.3217040002
  },
  {
    "pnl": 1857843.75,
    "date": "2023-12-19T00:00:00",
    "weekday": "Dec 2023",
    "netpnl": 1699942.4461520002
  },
  {
    "pnl": 1878530.25,
    "date": "2023-12-20T00:00:00",
    "weekday": "Dec 2023",
    "netpnl": 1719050.0673430003
  },
  {
    "pnl": 1879380.25,
    "date": "2023-12-21T00:00:00",
    "weekday": "Dec 2023",
    "netpnl": 1718379.1669980003
  },
  {
    "pnl": 1887082.75,
    "date": "2023-12-22T00:00:00",
    "weekday": "Dec 2023",
    "netpnl": 1724668.8236680003
  },
  {
    "pnl": 1887082.75,
    "date": "2023-12-23T00:00:00",
    "weekday": "Dec 2023",
    "netpnl": 1724668.8236680003
  },
  {
    "pnl": 1887082.75,
    "date": "2023-12-24T00:00:00",
    "weekday": "Dec 2023",
    "netpnl": 1724668.8236680003
  },
  {
    "pnl": 1887082.75,
    "date": "2023-12-25T00:00:00",
    "weekday": "Dec 2023",
    "netpnl": 1724668.8236680003
  },
  {
    "pnl": 1790048.75,
    "date": "2023-12-26T00:00:00",
    "weekday": "Dec 2023",
    "netpnl": 1625940.7633910002
  },
  {
    "pnl": 1790048.75,
    "date": "2023-12-27T00:00:00",
    "weekday": "Dec 2023",
    "netpnl": 1625940.7633910002
  },
  {
    "pnl": 1838468.0,
    "date": "2023-12-28T00:00:00",
    "weekday": "Dec 2023",
    "netpnl": 1672891.7629070003
  },
  {
    "pnl": 1838468.0,
    "date": "2023-12-29T00:00:00",
    "weekday": "Dec 2023",
    "netpnl": 1672891.7629070003
  },
  {
    "pnl": 1838468.0,
    "date": "2023-12-30T00:00:00",
    "weekday": "Dec 2023",
    "netpnl": 1672891.7629070003
  },
  {
    "pnl": 1838468.0,
    "date": "2023-12-31T00:00:00",
    "weekday": "Dec 2023",
    "netpnl": 1672891.7629070003
  },
  {
    "pnl": 1861845.5,
    "date": "2024-01-01T00:00:00",
    "weekday": "Jan 2024",
    "netpnl": 1695084.4496870004
  },
  {
    "pnl": 1913069.5,
    "date": "2024-01-02T00:00:00",
    "weekday": "Jan 2024",
    "netpnl": 1744954.9881610004
  },
  {
    "pnl": 1920278.5,
    "date": "2024-01-03T00:00:00",
    "weekday": "Jan 2024",
    "netpnl": 1750866.2825760003
  },
  {
    "pnl": 1995558.5,
    "date": "2024-01-04T00:00:00",
    "weekday": "Jan 2024",
    "netpnl": 1824895.17814
  },
  {
    "pnl": 1995558.5,
    "date": "2024-01-05T00:00:00",
    "weekday": "Jan 2024",
    "netpnl": 1824895.17814
  },
  {
    "pnl": 1995558.5,
    "date": "2024-01-06T00:00:00",
    "weekday": "Jan 2024",
    "netpnl": 1824895.17814
  },
  {
    "pnl": 1995558.5,
    "date": "2024-01-07T00:00:00",
    "weekday": "Jan 2024",
    "netpnl": 1824895.17814
  },
  {
    "pnl": 1988066.0,
    "date": "2024-01-08T00:00:00",
    "weekday": "Jan 2024",
    "netpnl": 1816116.6071330002
  },
  {
    "pnl": 1955190.0,
    "date": "2024-01-09T00:00:00",
    "weekday": "Jan 2024",
    "netpnl": 1781581.948624
  },
  {
    "pnl": 1901590.5,
    "date": "2024-01-10T00:00:00",
    "weekday": "Jan 2024",
    "netpnl": 1726540.531039
  },
  {
    "pnl": 1930255.5,
    "date": "2024-01-11T00:00:00",
    "weekday": "Jan 2024",
    "netpnl": 1753793.4723170004
  },
  {
    "pnl": 1930255.5,
    "date": "2024-01-12T00:00:00",
    "weekday": "Jan 2024",
    "netpnl": 1753793.4723170004
  },
  {
    "pnl": 1930255.5,
    "date": "2024-01-13T00:00:00",
    "weekday": "Jan 2024",
    "netpnl": 1753793.4723170004
  },
  {
    "pnl": 1930255.5,
    "date": "2024-01-14T00:00:00",
    "weekday": "Jan 2024",
    "netpnl": 1753793.4723170004
  },
  {
    "pnl": 1991301.75,
    "date": "2024-01-15T00:00:00",
    "weekday": "Jan 2024",
    "netpnl": 1813510.927981
  },
  {
    "pnl": 1923483.75,
    "date": "2024-01-16T00:00:00",
    "weekday": "Jan 2024",
    "netpnl": 1744274.445413
  },
  {
    "pnl": 1920777.0,
    "date": "2024-01-17T00:00:00",
    "weekday": "Jan 2024",
    "netpnl": 1740150.7934270003
  },
  {
    "pnl": 1873749.5,
    "date": "2024-01-18T00:00:00",
    "weekday": "Jan 2024",
    "netpnl": 1691684.6220730003
  },
  {
    "pnl": 1873749.5,
    "date": "2024-01-19T00:00:00",
    "weekday": "Jan 2024",
    "netpnl": 1691684.6220730003
  },
  {
    "pnl": 1873749.5,
    "date": "2024-01-20T00:00:00",
    "weekday": "Jan 2024",
    "netpnl": 1691684.6220730003
  },
  {
    "pnl": 1873749.5,
    "date": "2024-01-21T00:00:00",
    "weekday": "Jan 2024",
    "netpnl": 1691684.6220730003
  },
  {
    "pnl": 1873749.5,
    "date": "2024-01-22T00:00:00",
    "weekday": "Jan 2024",
    "netpnl": 1691684.6220730003
  },
  {
    "pnl": 1906341.5,
    "date": "2024-01-23T00:00:00",
    "weekday": "Jan 2024",
    "netpnl": 1722667.950619
  },
  {
    "pnl": 1906341.5,
    "date": "2024-01-24T00:00:00",
    "weekday": "Jan 2024",
    "netpnl": 1722667.950619
  },
  {
    "pnl": 1894124.0,
    "date": "2024-01-25T00:00:00",
    "weekday": "Jan 2024",
    "netpnl": 1708922.529435
  },
  {
    "pnl": 1894124.0,
    "date": "2024-01-26T00:00:00",
    "weekday": "Jan 2024",
    "netpnl": 1708922.529435
  },
  {
    "pnl": 1894124.0,
    "date": "2024-01-27T00:00:00",
    "weekday": "Jan 2024",
    "netpnl": 1708922.529435
  },
  {
    "pnl": 1894124.0,
    "date": "2024-01-28T00:00:00",
    "weekday": "Jan 2024",
    "netpnl": 1708922.529435
  },
  {
    "pnl": 1806542.75,
    "date": "2024-01-29T00:00:00",
    "weekday": "Jan 2024",
    "netpnl": 1619940.0739640002
  },
  {
    "pnl": 1844452.75,
    "date": "2024-01-30T00:00:00",
    "weekday": "Jan 2024",
    "netpnl": 1656175.0860650002
  },
  {
    "pnl": 1845094.75,
    "date": "2024-01-31T00:00:00",
    "weekday": "Jan 2024",
    "netpnl": 1655048.5256270003
  },
  {
    "pnl": 1954029.75,
    "date": "2024-02-01T00:00:00",
    "weekday": "Feb 2024",
    "netpnl": 1762671.8253110002
  },
  {
    "pnl": 1954029.75,
    "date": "2024-02-02T00:00:00",
    "weekday": "Feb 2024",
    "netpnl": 1762671.8253110002
  },
  {
    "pnl": 1954029.75,
    "date": "2024-02-03T00:00:00",
    "weekday": "Feb 2024",
    "netpnl": 1762671.8253110002
  },
  {
    "pnl": 1954029.75,
    "date": "2024-02-04T00:00:00",
    "weekday": "Feb 2024",
    "netpnl": 1762671.8253110002
  },
  {
    "pnl": 1904031.0,
    "date": "2024-02-05T00:00:00",
    "weekday": "Feb 2024",
    "netpnl": 1711104.5133210002
  },
  {
    "pnl": 1963419.0,
    "date": "2024-02-06T00:00:00",
    "weekday": "Feb 2024",
    "netpnl": 1768978.2226490001
  },
  {
    "pnl": 1965457.5,
    "date": "2024-02-07T00:00:00",
    "weekday": "Feb 2024",
    "netpnl": 1769574.000835
  },
  {
    "pnl": 1962217.5,
    "date": "2024-02-08T00:00:00",
    "weekday": "Feb 2024",
    "netpnl": 1764652.326112
  },
  {
    "pnl": 1962217.5,
    "date": "2024-02-09T00:00:00",
    "weekday": "Feb 2024",
    "netpnl": 1764652.326112
  },
  {
    "pnl": 1962217.5,
    "date": "2024-02-10T00:00:00",
    "weekday": "Feb 2024",
    "netpnl": 1764652.326112
  },
  {
    "pnl": 1962217.5,
    "date": "2024-02-11T00:00:00",
    "weekday": "Feb 2024",
    "netpnl": 1764652.326112
  },
  {
    "pnl": 1994103.75,
    "date": "2024-02-12T00:00:00",
    "weekday": "Feb 2024",
    "netpnl": 1795324.037369
  },
  {
    "pnl": 2035841.75,
    "date": "2024-02-13T00:00:00",
    "weekday": "Feb 2024",
    "netpnl": 1835605.787289
  },
  {
    "pnl": 2020814.0,
    "date": "2024-02-14T00:00:00",
    "weekday": "Feb 2024",
    "netpnl": 1819017.7729210001
  },
  {
    "pnl": 2118386.5,
    "date": "2024-02-15T00:00:00",
    "weekday": "Feb 2024",
    "netpnl": 1915262.1507320001
  },
  {
    "pnl": 2118386.5,
    "date": "2024-02-16T00:00:00",
    "weekday": "Feb 2024",
    "netpnl": 1915262.1507320001
  },
  {
    "pnl": 2118386.5,
    "date": "2024-02-17T00:00:00",
    "weekday": "Feb 2024",
    "netpnl": 1915262.1507320001
  },
  {
    "pnl": 2118386.5,
    "date": "2024-02-18T00:00:00",
    "weekday": "Feb 2024",
    "netpnl": 1915262.1507320001
  },
  {
    "pnl": 2144629.0,
    "date": "2024-02-19T00:00:00",
    "weekday": "Feb 2024",
    "netpnl": 1940442.696046
  },
  {
    "pnl": 2195475.0,
    "date": "2024-02-20T00:00:00",
    "weekday": "Feb 2024",
    "netpnl": 1989968.28554
  },
  {
    "pnl": 2230408.5,
    "date": "2024-02-21T00:00:00",
    "weekday": "Feb 2024",
    "netpnl": 2023692.816423
  },
  {
    "pnl": 2244888.5,
    "date": "2024-02-22T00:00:00",
    "weekday": "Feb 2024",
    "netpnl": 2036729.430627
  },
  {
    "pnl": 2244888.5,
    "date": "2024-02-23T00:00:00",
    "weekday": "Feb 2024",
    "netpnl": 2036729.430627
  },
  {
    "pnl": 2244888.5,
    "date": "2024-02-24T00:00:00",
    "weekday": "Feb 2024",
    "netpnl": 2036729.430627
  },
  {
    "pnl": 2244888.5,
    "date": "2024-02-25T00:00:00",
    "weekday": "Feb 2024",
    "netpnl": 2036729.430627
  },
  {
    "pnl": 2264654.75,
    "date": "2024-02-26T00:00:00",
    "weekday": "Feb 2024",
    "netpnl": 2054998.948155
  },
  {
    "pnl": 2397006.75,
    "date": "2024-02-27T00:00:00",
    "weekday": "Feb 2024",
    "netpnl": 2186042.610499
  },
  {
    "pnl": 2397006.75,
    "date": "2024-02-28T00:00:00",
    "weekday": "Feb 2024",
    "netpnl": 2186042.610499
  },
  {
    "pnl": 2261594.25,
    "date": "2024-02-29T00:00:00",
    "weekday": "Feb 2024",
    "netpnl": 2048843.744783
  },
  {
    "pnl": 2261594.25,
    "date": "2024-03-01T00:00:00",
    "weekday": "Mar 2024",
    "netpnl": 2048843.744783
  },
  {
    "pnl": 2261594.25,
    "date": "2024-03-02T00:00:00",
    "weekday": "Mar 2024",
    "netpnl": 2048843.744783
  },
  {
    "pnl": 2261594.25,
    "date": "2024-03-03T00:00:00",
    "weekday": "Mar 2024",
    "netpnl": 2048843.744783
  },
  {
    "pnl": 2297913.0,
    "date": "2024-03-04T00:00:00",
    "weekday": "Mar 2024",
    "netpnl": 2083858.9928920001
  },
  {
    "pnl": 2257703.0,
    "date": "2024-03-05T00:00:00",
    "weekday": "Mar 2024",
    "netpnl": 2042223.266089
  },
  {
    "pnl": 2258373.5,
    "date": "2024-03-06T00:00:00",
    "weekday": "Mar 2024",
    "netpnl": 2041603.516199
  },
  {
    "pnl": 2363426.0,
    "date": "2024-03-07T00:00:00",
    "weekday": "Mar 2024",
    "netpnl": 2145479.260982
  },
  {
    "pnl": 2363426.0,
    "date": "2024-03-08T00:00:00",
    "weekday": "Mar 2024",
    "netpnl": 2145479.260982
  },
  {
    "pnl": 2363426.0,
    "date": "2024-03-09T00:00:00",
    "weekday": "Mar 2024",
    "netpnl": 2145479.260982
  },
  {
    "pnl": 2363426.0,
    "date": "2024-03-10T00:00:00",
    "weekday": "Mar 2024",
    "netpnl": 2145479.260982
  },
  {
    "pnl": 2441347.25,
    "date": "2024-03-11T00:00:00",
    "weekday": "Mar 2024",
    "netpnl": 2222129.952185
  },
  {
    "pnl": 2556649.25,
    "date": "2024-03-12T00:00:00",
    "weekday": "Mar 2024",
    "netpnl": 2335944.019891
  },
  {
    "pnl": 2605298.0,
    "date": "2024-03-13T00:00:00",
    "weekday": "Mar 2024",
    "netpnl": 2383374.705716
  },
  {
    "pnl": 2687340.5,
    "date": "2024-03-14T00:00:00",
    "weekday": "Mar 2024",
    "netpnl": 2464146.0332899997
  },
  {
    "pnl": 2687340.5,
    "date": "2024-03-15T00:00:00",
    "weekday": "Mar 2024",
    "netpnl": 2464146.0332899997
  },
  {
    "pnl": 2687340.5,
    "date": "2024-03-16T00:00:00",
    "weekday": "Mar 2024",
    "netpnl": 2464146.0332899997
  },
  {
    "pnl": 2687340.5,
    "date": "2024-03-17T00:00:00",
    "weekday": "Mar 2024",
    "netpnl": 2464146.0332899997
  },
  {
    "pnl": 2680414.25,
    "date": "2024-03-18T00:00:00",
    "weekday": "Mar 2024",
    "netpnl": 2455931.3848849996
  },
  {
    "pnl": 2619926.25,
    "date": "2024-03-19T00:00:00",
    "weekday": "Mar 2024",
    "netpnl": 2394213.3968959996
  }
]