[
  {
    "year": 2023,
    "monthly": [
      {
        "pnl": 0.0,
        "pnlstr": "",
        "date": "2023-01-01T00:00:00",
        "weekday": "",
        "charges": 0.0,
        "color": null
      },
      {
        "pnl": 0.0,
        "pnlstr": "",
        "date": "2023-02-01T00:00:00",
        "weekday": "",
        "charges": 0.0,
        "color": null
      },
      {
        "pnl": 93551.1,
        "pnlstr": "93.55K",
        "date": "2023-03-01T00:00:00",
        "weekday": "Mar 2023",
        "charges": 0.0,
        "color": null
      },
      {
        "pnl": 27661.79,
        "pnlstr": "27.66K",
        "date": "2023-04-01T00:00:00",
        "weekday": "Apr 2023",
        "charges": 0.0,
        "color": null
      },
      {
        "pnl": -72499.7,
        "pnlstr": "-72.5K",
        "date": "2023-05-01T00:00:00",
        "weekday": "May 2023",
        "charges": 0.0,
        "color": null
      },
      {
        "pnl": 240758.54,
        "pnlstr": "2.41L",
        "date": "2023-06-01T00:00:00",
        "weekday": "Jun 2023",
        "charges": 0.0,
        "color": null
      },
      {
        "pnl": 31233.12,
        "pnlstr": "31.23K",
        "date": "2023-07-01T00:00:00",
        "weekday": "Jul 2023",
        "charges": 0.0,
        "color": null
      },
      {
        "pnl": 315288.93,
        "pnlstr": "3.15L",
        "date": "2023-08-01T00:00:00",
        "weekday": "Aug 2023",
        "charges": 0.0,
        "color": null
      },
      {
        "pnl": 82439.92,
        "pnlstr": "82.44K",
        "date": "2023-09-01T00:00:00",
        "weekday": "Sep 2023",
        "charges": 0.0,
        "color": null
      },
      {
        "pnl": 373335.18,
        "pnlstr": "3.73L",
        "date": "2023-10-01T00:00:00",
        "weekday": "Oct 2023",
        "charges": 0.0,
        "color": null
      },
      {
        "pnl": 555797.27,
        "pnlstr": "5.56L",
        "date": "2023-11-01T00:00:00",
        "weekday": "Nov 2023",
        "charges": 0.0,
        "color": null
      },
      {
        "pnl": 25325.61,
        "pnlstr": "25.33K",
        "date": "2023-12-01T00:00:00",
        "weekday": "Dec 2023",
        "charges": 0.0,
        "color": null
      }
    ],
    "total": 1672891.7600000002,
    "totalstr": "16.73L"
  },
  {
    "year": 2024,
    "monthly": [
      {
        "pnl": -17843.24,
        "pnlstr": "-17.84K",
        "date": "2024-01-01T00:00:00",
        "weekday": "Jan 2024",
        "charges": 0.0,
        "color": null
      },
      {
        "pnl": 393795.22,
        "pnlstr": "3.94L",
        "date": "2024-02-01T00:00:00",
        "weekday": "Feb 2024",
        "charges": 0.0,
        "color": null
      },
      {
        "pnl": 345369.65,
        "pnlstr": "3.45L",
        "date": "2024-03-01T00:00:00",
        "weekday": "Mar 2024",
        "charges": 0.0,
        "color": null
      },
      {
        "pnl": 0.0,
        "pnlstr": "",
        "date": "2024-04-01T00:00:00",
        "weekday": "",
        "charges": 0.0,
        "color": null
      },
      {
        "pnl": 0.0,
        "pnlstr": "",
        "date": "2024-05-01T00:00:00",
        "weekday": "",
        "charges": 0.0,
        "color": null
      },
      {
        "pnl": 0.0,
        "pnlstr": "",
        "date": "2024-06-01T00:00:00",
        "weekday": "",
        "charges": 0.0,
        "color": null
      },
      {
        "pnl": 0.0,
        "pnlstr": "",
        "date": "2024-07-01T00:00:00",
        "weekday": "",
        "charges": 0.0,
        "color": null
      },
      {
        "pnl": 0.0,
        "pnlstr": "",
        "date": "2024-08-01T00:00:00",
        "weekday": "",
        "charges": 0.0,
        "color": null
      },
      {
        "pnl": 0.0,
        "pnlstr": "",
        "date": "2024-09-01T00:00:00",
        "weekday": "",
        "charges": 0.0,
        "color": null
      },
      {
        "pnl": 0.0,
        "pnlstr": "",
        "date": "2024-10-01T00:00:00",
        "weekday": "",
        "charges": 0.0,
        "color": null
      },
      {
        "pnl": 0.0,
        "pnlstr": "",
        "date": "2024-11-01T00:00:00",
        "weekday": "",
        "charges": 0.0,
        "color": null
      },
      {
        "pnl": 0.0,
        "pnlstr": "",
        "date": "2024-12-01T00:00:00",
        "weekday": "",
        "charges": 0.0,
        "color": null
      }
    ],
    "total": 721321.63,
    "totalstr": "7.21L"
  }
]