[
  {
    "pnl": 0.0,
    "date": "2023-03-31T00:00:00",
    "weekday": "Mar 2023",
    "netpnl": 93551.097625
  },
  {
    "pnl": 0.0,
    "date": "2023-04-30T00:00:00",
    "weekday": "Apr 2023",
    "netpnl": 121212.88648800002
  },
  {
    "pnl": -72499.69504300004,
    "date": "2023-05-31T00:00:00",
    "weekday": "May 2023",
    "netpnl": 48713.191444999975
  },
  {
    "pnl": 0.0,
    "date": "2023-06-30T00:00:00",
    "weekday": "Jun 2023",
    "netpnl": 289471.7324220001
  },
  {
    "pnl": 0.0,
    "date": "2023-07-31T00:00:00",
    "weekday": "Jul 2023",
    "netpnl": 320704.8514170001
  },
  {
    "pnl": 0.0,
    "date": "2023-08-31T00:00:00",
    "weekday": "Aug 2023",
    "netpnl": 635993.7769079998
  },
  {
    "pnl": 0.0,
    "date": "2023-09-30T00:00:00",
    "weekday": "Sep 2023",
    "netpnl": 718433.6920559993
  },
  {
    "pnl": 0.0,
    "date": "2023-10-31T00:00:00",
    "weekday": "Oct 2023",
    "netpnl": 1091768.8756479996
  },
  {
    "pnl": 0.0,
    "date": "2023-11-30T00:00:00",
    "weekday": "Nov 2023",
    "netpnl": 1647566.1502900003
  },
  {
    "pnl": 0.0,
    "date": "2023-12-31T00:00:00",
    "weekday": "Dec 2023",
    "netpnl": 1672891.7629070003
  },
  {
    "pnl": -17843.23728,
    "date": "2024-01-31T00:00:00",
    "weekday": "Jan 2024",
    "netpnl": 1655048.5256270003
  },
  {
    "pnl": 0.0,
    "date": "2024-02-29T00:00:00",
    "weekday": "Feb 2024",
    "netpnl": 2048843.744783
  },
  {
    "pnl": 0.0,
    "date": "2024-03-31T00:00:00",
    "weekday": "Mar 2024",
    "netpnl": 2394213.3968959996
  }
]