[
  {
    "pnl": 96106.25,
    "netpnl": 93551.097625,
    "date": "2023-03-01T00:00:00",
    "weekday": "Mar 2023",
    "charges": 2555.1523749999997,
    "color": null
  },
  {
    "pnl": 39416.25,
    "netpnl": 27661.788863000016,
    "date": "2023-04-01T00:00:00",
    "weekday": "Apr 2023",
    "charges": 11754.461137,
    "color": null
  },
  {
    "pnl": -50164.25,
    "netpnl": -72499.69504300001,
    "date": "2023-05-01T00:00:00",
    "weekday": "May 2023",
    "charges": 22335.445043,
    "color": null
  },
  {
    "pnl": 261301.25,
    "netpnl": 240758.54097700003,
    "date": "2023-06-01T00:00:00",
    "weekday": "Jun 2023",
    "charges": 20542.709023000003,
    "color": null
  },
  {
    "pnl": 51839.75,
    "netpnl": 31233.118994999993,
    "date": "2023-07-01T00:00:00",
    "weekday": "Jul 2023",
    "charges": 20606.631005,
    "color": null
  },
  {
    "pnl": 333163.0,
    "netpnl": 315288.925491,
    "date": "2023-08-01T00:00:00",
    "weekday": "Aug 2023",
    "charges": 17874.074509000002,
    "color": null
  },
  {
    "pnl": 95483.25,
    "netpnl": 82439.91514799999,
    "date": "2023-09-01T00:00:00",
    "weekday": "Sep 2023",
    "charges": 13043.334852000002,
    "color": null
  },
  {
    "pnl": 388566.75,
    "netpnl": 373335.183592,
    "date": "2023-10-01T00:00:00",
    "weekday": "Oct 2023",
    "charges": 15231.566408000002,
    "color": null
  },
  {
    "pnl": 575812.75,
    "netpnl": 555797.274642,
    "date": "2023-11-01T00:00:00",
    "weekday": "Nov 2023",
    "charges": 20015.475357999996,
    "color": null
  },
  {
    "pnl": 46943.0,
    "netpnl": 25325.612616999984,
    "date": "2023-12-01T00:00:00",
    "weekday": "Dec 2023",
    "charges": 21617.387382999997,
    "color": null
  },
  {
    "pnl": 6626.75,
    "netpnl": -17843.23727999998,
    "date": "2024-01-01T00:00:00",
    "weekday": "Jan 2024",
    "charges": 24469.987279999998,
    "color": null
  },
  {
    "pnl": 416499.5,
    "netpnl": 393795.21915599995,
    "date": "2024-02-01T00:00:00",
    "weekday": "Feb 2024",
    "charges": 22704.280843999997,
    "color": null
  },
  {
    "pnl": 358332.0,
    "netpnl": 345369.65211300005,
    "date": "2024-03-01T00:00:00",
    "weekday": "Mar 2024",
    "charges": 12962.347887,
    "color": null
  }
]