{
  "capital": 0.0,
  "totaltradingdays": 183,
  "windays": 112,
  "lossdays": 71,
  "maxwinningstreakdays": 10,
  "maxlosingstreakdays": 4,
  "maxdddays": 59,
  "maxdddaysstr": "09/04/2023 to 07/06/2023",
  "rewardtorisk": 0.0,
  "winrate": 61.20218579234973,
  "lossrate": 38.79781420765027,
  "avgmonthlyprofit": 149638.33730599997,
  "totalprofit": 2394213.3968959996,
  "maxprofitaday": 134365.29,
  "maxlossaday": -137198.87,
  "avgprofit_lossdaily": 6669.118133704738,
  "avgprofitonprofitdays": 37138.83428571427,
  "avglossonlossdays": -24863.887746478867,
  "maxdrawdown": 204955.10417599976,
  "maxdrawdownper": 0.0,
  "avgmonthlyprofitstr": "1.5L",
  "totalprofitstr": "23.94L",
  "maxprofitadaystr": "1.34L",
  "maxlossadaystr": "-1.37L",
  "avgprofit_lossdailystr": "6.67K",
  "avgprofitonprofitdaysstr": "37.14K",
  "avglossonlossdaysstr": "-24.86K",
  "maxdrawdownstr": "2.05L",
  "expectancyratio": 0.0
}