[
  {
    "pnl": 0.0,
    "date": "2023-04-02T00:00:00",
    "weekday": "Apr 2023",
    "netpnl": 93551.097625
  },
  {
    "pnl": 0.0,
    "date": "2023-04-09T00:00:00",
    "weekday": "Apr 2023",
    "netpnl": 180932.312454
  },
  {
    "pnl": -37019.98064999998,
    "date": "2023-04-16T00:00:00",
    "weekday": "Apr 2023",
    "netpnl": 143912.33180400002
  },
  {
    "pnl": -50342.05977699999,
    "date": "2023-04-23T00:00:00",
    "weekday": "Apr 2023",
    "netpnl": 130590.25267700001
  },
  {
    "pnl": -59719.42596599998,
    "date": "2023-04-30T00:00:00",
    "weekday": "Apr 2023",
    "netpnl": 121212.88648800002
  },
  {
    "pnl": -66028.687902,
    "date": "2023-05-07T00:00:00",
    "weekday": "May 2023",
    "netpnl": 114903.624552
  },
  {
    "pnl": -93123.69074000002,
    "date": "2023-05-14T00:00:00",
    "weekday": "May 2023",
    "netpnl": 87808.62171399998
  },
  {
    "pnl": -132621.74386000002,
    "date": "2023-05-21T00:00:00",
    "weekday": "May 2023",
    "netpnl": 48310.56859399998
  },
  {
    "pnl": -140764.51197600004,
    "date": "2023-05-28T00:00:00",
    "weekday": "May 2023",
    "netpnl": 40167.800477999976
  },
  {
    "pnl": -79601.13983100002,
    "date": "2023-06-04T00:00:00",
    "weekday": "Jun 2023",
    "netpnl": 101331.17262299998
  },
  {
    "pnl": 0.0,
    "date": "2023-06-11T00:00:00",
    "weekday": "Jun 2023",
    "netpnl": 206852.28656100004
  },
  {
    "pnl": 0.0,
    "date": "2023-06-18T00:00:00",
    "weekday": "Jun 2023",
    "netpnl": 276977.4512500001
  },
  {
    "pnl": -14825.27668999997,
    "date": "2023-06-25T00:00:00",
    "weekday": "Jun 2023",
    "netpnl": 262152.17456000013
  },
  {
    "pnl": 0.0,
    "date": "2023-07-02T00:00:00",
    "weekday": "Jul 2023",
    "netpnl": 289471.7324220001
  },
  {
    "pnl": 0.0,
    "date": "2023-07-09T00:00:00",
    "weekday": "Jul 2023",
    "netpnl": 361996.61847699987
  },
  {
    "pnl": -48671.35903999978,
    "date": "2023-07-16T00:00:00",
    "weekday": "Jul 2023",
    "netpnl": 313325.2594370001
  },
  {
    "pnl": -63138.94869799982,
    "date": "2023-07-23T00:00:00",
    "weekday": "Jul 2023",
    "netpnl": 298857.66977900005
  },
  {
    "pnl": -70599.65715899976,
    "date": "2023-07-30T00:00:00",
    "weekday": "Jul 2023",
    "netpnl": 291396.9613180001
  },
  {
    "pnl": -10320.55347699998,
    "date": "2023-08-06T00:00:00",
    "weekday": "Aug 2023",
    "netpnl": 351676.0649999999
  },
  {
    "pnl": 0.0,
    "date": "2023-08-13T00:00:00",
    "weekday": "Aug 2023",
    "netpnl": 392349.7628799998
  },
  {
    "pnl": 0.0,
    "date": "2023-08-20T00:00:00",
    "weekday": "Aug 2023",
    "netpnl": 525155.9121059998
  },
  {
    "pnl": -13139.040891000011,
    "date": "2023-08-27T00:00:00",
    "weekday": "Aug 2023",
    "netpnl": 512016.87121499976
  },
  {
    "pnl": 0.0,
    "date": "2023-09-03T00:00:00",
    "weekday": "Sep 2023",
    "netpnl": 635993.7769079998
  },
  {
    "pnl": 0.0,
    "date": "2023-09-10T00:00:00",
    "weekday": "Sep 2023",
    "netpnl": 674004.6180529996
  },
  {
    "pnl": 0.0,
    "date": "2023-09-17T00:00:00",
    "weekday": "Sep 2023",
    "netpnl": 720059.1928419996
  },
  {
    "pnl": 0.0,
    "date": "2023-09-24T00:00:00",
    "weekday": "Sep 2023",
    "netpnl": 760395.6206059994
  },
  {
    "pnl": -41961.92855000007,
    "date": "2023-10-01T00:00:00",
    "weekday": "Oct 2023",
    "netpnl": 718433.6920559993
  },
  {
    "pnl": 0.0,
    "date": "2023-10-08T00:00:00",
    "weekday": "Oct 2023",
    "netpnl": 810885.0597819994
  },
  {
    "pnl": 0.0,
    "date": "2023-10-15T00:00:00",
    "weekday": "Oct 2023",
    "netpnl": 926183.9398029995
  },
  {
    "pnl": 0.0,
    "date": "2023-10-22T00:00:00",
    "weekday": "Oct 2023",
    "netpnl": 1043506.9557769996
  },
  {
    "pnl": 0.0,
    "date": "2023-10-29T00:00:00",
    "weekday": "Oct 2023",
    "netpnl": 1047036.8781659995
  },
  {
    "pnl": 0.0,
    "date": "2023-11-05T00:00:00",
    "weekday": "Nov 2023",
    "netpnl": 1259889.5758570002
  },
  {
    "pnl": 0.0,
    "date": "2023-11-12T00:00:00",
    "weekday": "Nov 2023",
    "netpnl": 1348556.1128460004
  },
  {
    "pnl": 0.0,
    "date": "2023-11-19T00:00:00",
    "weekday": "Nov 2023",
    "netpnl": 1451023.1681190005
  },
  {
    "pnl": 0.0,
    "date": "2023-11-26T00:00:00",
    "weekday": "Nov 2023",
    "netpnl": 1657351.2236610006
  },
  {
    "pnl": -9785.073371000355,
    "date": "2023-12-03T00:00:00",
    "weekday": "Dec 2023",
    "netpnl": 1647566.1502900003
  },
  {
    "pnl": 0.0,
    "date": "2023-12-10T00:00:00",
    "weekday": "Dec 2023",
    "netpnl": 1704679.3481669999
  },
  {
    "pnl": -33860.1656419998,
    "date": "2023-12-17T00:00:00",
    "weekday": "Dec 2023",
    "netpnl": 1670819.182525
  },
  {
    "pnl": 0.0,
    "date": "2023-12-24T00:00:00",
    "weekday": "Dec 2023",
    "netpnl": 1724668.8236680003
  },
  {
    "pnl": -51777.06076100003,
    "date": "2023-12-31T00:00:00",
    "weekday": "Dec 2023",
    "netpnl": 1672891.7629070003
  },
  {
    "pnl": 0.0,
    "date": "2024-01-07T00:00:00",
    "weekday": "Jan 2024",
    "netpnl": 1824895.17814
  },
  {
    "pnl": -71101.70582299959,
    "date": "2024-01-14T00:00:00",
    "weekday": "Jan 2024",
    "netpnl": 1753793.4723170004
  },
  {
    "pnl": -133210.55606699968,
    "date": "2024-01-21T00:00:00",
    "weekday": "Jan 2024",
    "netpnl": 1691684.6220730003
  },
  {
    "pnl": -115972.64870500006,
    "date": "2024-01-28T00:00:00",
    "weekday": "Jan 2024",
    "netpnl": 1708922.529435
  },
  {
    "pnl": -62223.35282899975,
    "date": "2024-02-04T00:00:00",
    "weekday": "Feb 2024",
    "netpnl": 1762671.8253110002
  },
  {
    "pnl": -60242.852027999936,
    "date": "2024-02-11T00:00:00",
    "weekday": "Feb 2024",
    "netpnl": 1764652.326112
  },
  {
    "pnl": 0.0,
    "date": "2024-02-18T00:00:00",
    "weekday": "Feb 2024",
    "netpnl": 1915262.1507320001
  },
  {
    "pnl": 0.0,
    "date": "2024-02-25T00:00:00",
    "weekday": "Feb 2024",
    "netpnl": 2036729.430627
  },
  {
    "pnl": 0.0,
    "date": "2024-03-03T00:00:00",
    "weekday": "Mar 2024",
    "netpnl": 2048843.744783
  },
  {
    "pnl": 0.0,
    "date": "2024-03-10T00:00:00",
    "weekday": "Mar 2024",
    "netpnl": 2145479.260982
  },
  {
    "pnl": 0.0,
    "date": "2024-03-17T00:00:00",
    "weekday": "Mar 2024",
    "netpnl": 2464146.0332899997
  },
  {
    "pnl": -69932.63639400015,
    "date": "2024-03-24T00:00:00",
    "weekday": "Mar 2024",
    "netpnl": 2394213.3968959996
  }
]