{
  "realisedpnl": {
    "endvalue": 25.0063,
    "actualvalue": 2500630.0,
    "decimalplaces": 2,
    "suffix": "L",
    "color": "#f5803e",
    "name": "Realised PNL",
    "prefix": "+"
  },
  "totalpnl": {
    "endvalue": 27.25225173335,
    "actualvalue": 2725225.173335,
    "decimalplaces": 2,
    "suffix": "L",
    "color": "#f5803e",
    "name": "Total PNL",
    "prefix": ""
  },
  "chargestaxes": {
    "endvalue": 2.24595173335,
    "actualvalue": 224595.173335,
    "decimalplaces": 2,
    "suffix": "L",
    "color": "#27bcfd",
    "name": "Charges Taxes",
    "prefix": ""
  },
  "netrealisedpnl": {
    "endvalue": 22.760348266650002,
    "actualvalue": 2276034.826665,
    "decimalplaces": 2,
    "suffix": "L",
    "color": "#00d27a",
    "name": "NetRealised PNL",
    "prefix": "+"
  },
  "unrealisedpnl": {
    "endvalue": 0.0,
    "actualvalue": 0.0,
    "decimalplaces": 2,
    "suffix": "",
    "color": "#2c7be5",
    "name": "Unrealised PNL",
    "prefix": ""
  },
  "name": null,
  "total": 0,
  "totaltradingdays": 0,
  "barchart": null,
  "winrate": 60.22099447513812,
  "pnlddratio": 11.105040959167882,
  "maxdrawdownint": 0.0,
  "maxdrawdown": null,
  "maxdate": null,
  "mindate": null
}