[
  {
    "pnl": 0.0,
    "date": "2023-04-01T00:00:00",
    "weekday": "Apr 2023",
    "netpnl": 0.0
  },
  {
    "pnl": 0.0,
    "date": "2023-04-02T00:00:00",
    "weekday": "Apr 2023",
    "netpnl": 0.0
  },
  {
    "pnl": 18775.0,
    "date": "2023-04-03T00:00:00",
    "weekday": "Apr 2023",
    "netpnl": 17941.399562
  },
  {
    "pnl": 18775.0,
    "date": "2023-04-04T00:00:00",
    "weekday": "Apr 2023",
    "netpnl": 17941.399562
  },
  {
    "pnl": 37678.75,
    "date": "2023-04-05T00:00:00",
    "weekday": "Apr 2023",
    "netpnl": 36685.204316999996
  },
  {
    "pnl": 90461.25,
    "date": "2023-04-06T00:00:00",
    "weekday": "Apr 2023",
    "netpnl": 87381.214829
  },
  {
    "pnl": 90461.25,
    "date": "2023-04-07T00:00:00",
    "weekday": "Apr 2023",
    "netpnl": 87381.214829
  },
  {
    "pnl": 90461.25,
    "date": "2023-04-08T00:00:00",
    "weekday": "Apr 2023",
    "netpnl": 87381.214829
  },
  {
    "pnl": 90461.25,
    "date": "2023-04-09T00:00:00",
    "weekday": "Apr 2023",
    "netpnl": 87381.214829
  },
  {
    "pnl": 74712.5,
    "date": "2023-04-10T00:00:00",
    "weekday": "Apr 2023",
    "netpnl": 71099.59297700001
  },
  {
    "pnl": 74113.75,
    "date": "2023-04-11T00:00:00",
    "weekday": "Apr 2023",
    "netpnl": 70324.10507500001
  },
  {
    "pnl": 81232.5,
    "date": "2023-04-12T00:00:00",
    "weekday": "Apr 2023",
    "netpnl": 77300.28100000002
  },
  {
    "pnl": 56460.0,
    "date": "2023-04-13T00:00:00",
    "weekday": "Apr 2023",
    "netpnl": 50361.23417900002
  },
  {
    "pnl": 56460.0,
    "date": "2023-04-14T00:00:00",
    "weekday": "Apr 2023",
    "netpnl": 50361.23417900002
  },
  {
    "pnl": 56460.0,
    "date": "2023-04-15T00:00:00",
    "weekday": "Apr 2023",
    "netpnl": 50361.23417900002
  },
  {
    "pnl": 56460.0,
    "date": "2023-04-16T00:00:00",
    "weekday": "Apr 2023",
    "netpnl": 50361.23417900002
  },
  {
    "pnl": 41170.0,
    "date": "2023-04-17T00:00:00",
    "weekday": "Apr 2023",
    "netpnl": 34742.58453200002
  },
  {
    "pnl": 17817.5,
    "date": "2023-04-18T00:00:00",
    "weekday": "Apr 2023",
    "netpnl": 11158.838592000022
  },
  {
    "pnl": 27171.25,
    "date": "2023-04-19T00:00:00",
    "weekday": "Apr 2023",
    "netpnl": 20361.325837000022
  },
  {
    "pnl": 45935.0,
    "date": "2023-04-20T00:00:00",
    "weekday": "Apr 2023",
    "netpnl": 37039.15505200002
  },
  {
    "pnl": 45935.0,
    "date": "2023-04-21T00:00:00",
    "weekday": "Apr 2023",
    "netpnl": 37039.15505200002
  },
  {
    "pnl": 45935.0,
    "date": "2023-04-22T00:00:00",
    "weekday": "Apr 2023",
    "netpnl": 37039.15505200002
  },
  {
    "pnl": 45935.0,
    "date": "2023-04-23T00:00:00",
    "weekday": "Apr 2023",
    "netpnl": 37039.15505200002
  },
  {
    "pnl": 29686.25,
    "date": "2023-04-24T00:00:00",
    "weekday": "Apr 2023",
    "netpnl": 20461.541202000015
  },
  {
    "pnl": 21865.0,
    "date": "2023-04-25T00:00:00",
    "weekday": "Apr 2023",
    "netpnl": 12443.984657000015
  },
  {
    "pnl": 27506.25,
    "date": "2023-04-26T00:00:00",
    "weekday": "Apr 2023",
    "netpnl": 17937.222784000016
  },
  {
    "pnl": 39416.25,
    "date": "2023-04-27T00:00:00",
    "weekday": "Apr 2023",
    "netpnl": 27661.788863000016
  },
  {
    "pnl": 39416.25,
    "date": "2023-04-28T00:00:00",
    "weekday": "Apr 2023",
    "netpnl": 27661.788863000016
  },
  {
    "pnl": 39416.25,
    "date": "2023-04-29T00:00:00",
    "weekday": "Apr 2023",
    "netpnl": 27661.788863000016
  },
  {
    "pnl": 39416.25,
    "date": "2023-04-30T00:00:00",
    "weekday": "Apr 2023",
    "netpnl": 27661.788863000016
  },
  {
    "pnl": 39416.25,
    "date": "2023-05-01T00:00:00",
    "weekday": "May 2023",
    "netpnl": 27661.788863000016
  },
  {
    "pnl": 66901.25,
    "date": "2023-05-02T00:00:00",
    "weekday": "May 2023",
    "netpnl": 54827.812457000015
  },
  {
    "pnl": 68312.5,
    "date": "2023-05-03T00:00:00",
    "weekday": "May 2023",
    "netpnl": 56079.93328200001
  },
  {
    "pnl": 35722.5,
    "date": "2023-05-04T00:00:00",
    "weekday": "May 2023",
    "netpnl": 21352.526927000014
  },
  {
    "pnl": 35722.5,
    "date": "2023-05-05T00:00:00",
    "weekday": "May 2023",
    "netpnl": 21352.526927000014
  },
  {
    "pnl": 35722.5,
    "date": "2023-05-06T00:00:00",
    "weekday": "May 2023",
    "netpnl": 21352.526927000014
  },
  {
    "pnl": 35722.5,
    "date": "2023-05-07T00:00:00",
    "weekday": "May 2023",
    "netpnl": 21352.526927000014
  },
  {
    "pnl": 51187.5,
    "date": "2023-05-08T00:00:00",
    "weekday": "May 2023",
    "netpnl": 35814.308786000016
  },
  {
    "pnl": 31612.5,
    "date": "2023-05-09T00:00:00",
    "weekday": "May 2023",
    "netpnl": 14418.114526000016
  },
  {
    "pnl": 16438.75,
    "date": "2023-05-10T00:00:00",
    "weekday": "May 2023",
    "netpnl": -1782.439574999984
  },
  {
    "pnl": 14780.0,
    "date": "2023-05-11T00:00:00",
    "weekday": "May 2023",
    "netpnl": -5742.475910999983
  },
  {
    "pnl": 14780.0,
    "date": "2023-05-12T00:00:00",
    "weekday": "May 2023",
    "netpnl": -5742.475910999983
  },
  {
    "pnl": 14780.0,
    "date": "2023-05-13T00:00:00",
    "weekday": "May 2023",
    "netpnl": -5742.475910999983
  },
  {
    "pnl": 14780.0,
    "date": "2023-05-14T00:00:00",
    "weekday": "May 2023",
    "netpnl": -5742.475910999983
  },
  {
    "pnl": 29216.25,
    "date": "2023-05-15T00:00:00",
    "weekday": "May 2023",
    "netpnl": 7646.210627000017
  },
  {
    "pnl": 22888.25,
    "date": "2023-05-16T00:00:00",
    "weekday": "May 2023",
    "netpnl": 101.01400100001683
  },
  {
    "pnl": 19919.5,
    "date": "2023-05-17T00:00:00",
    "weekday": "May 2023",
    "netpnl": -3959.8273509999835
  },
  {
    "pnl": -18869.25,
    "date": "2023-05-18T00:00:00",
    "weekday": "May 2023",
    "netpnl": -45240.529030999984
  },
  {
    "pnl": -18869.25,
    "date": "2023-05-19T00:00:00",
    "weekday": "May 2023",
    "netpnl": -45240.529030999984
  },
  {
    "pnl": -18869.25,
    "date": "2023-05-20T00:00:00",
    "weekday": "May 2023",
    "netpnl": -45240.529030999984
  },
  {
    "pnl": -18869.25,
    "date": "2023-05-21T00:00:00",
    "weekday": "May 2023",
    "netpnl": -45240.529030999984
  },
  {
    "pnl": -42460.5,
    "date": "2023-05-22T00:00:00",
    "weekday": "May 2023",
    "netpnl": -69809.94958599999
  },
  {
    "pnl": -21542.5,
    "date": "2023-05-23T00:00:00",
    "weekday": "May 2023",
    "netpnl": -50103.07656699999
  },
  {
    "pnl": -46813.75,
    "date": "2023-05-24T00:00:00",
    "weekday": "May 2023",
    "netpnl": -76454.19399399999
  },
  {
    "pnl": -21503.75,
    "date": "2023-05-25T00:00:00",
    "weekday": "May 2023",
    "netpnl": -53383.29714699999
  },
  {
    "pnl": -21503.75,
    "date": "2023-05-26T00:00:00",
    "weekday": "May 2023",
    "netpnl": -53383.29714699999
  },
  {
    "pnl": -21503.75,
    "date": "2023-05-27T00:00:00",
    "weekday": "May 2023",
    "netpnl": -53383.29714699999
  },
  {
    "pnl": -21503.75,
    "date": "2023-05-28T00:00:00",
    "weekday": "May 2023",
    "netpnl": -53383.29714699999
  },
  {
    "pnl": -32918.75,
    "date": "2023-05-29T00:00:00",
    "weekday": "May 2023",
    "netpnl": -65670.06545099999
  },
  {
    "pnl": 4153.25,
    "date": "2023-05-30T00:00:00",
    "weekday": "May 2023",
    "netpnl": -29773.28751899999
  },
  {
    "pnl": -10748.0,
    "date": "2023-05-31T00:00:00",
    "weekday": "May 2023",
    "netpnl": -44837.90617999999
  },
  {
    "pnl": 44362.0,
    "date": "2023-06-01T00:00:00",
    "weekday": "Jun 2023",
    "netpnl": 7780.074998000011
  },
  {
    "pnl": 44362.0,
    "date": "2023-06-02T00:00:00",
    "weekday": "Jun 2023",
    "netpnl": 7780.074998000011
  },
  {
    "pnl": 44362.0,
    "date": "2023-06-03T00:00:00",
    "weekday": "Jun 2023",
    "netpnl": 7780.074998000011
  },
  {
    "pnl": 44362.0,
    "date": "2023-06-04T00:00:00",
    "weekday": "Jun 2023",
    "netpnl": 7780.074998000011
  },
  {
    "pnl": 72352.0,
    "date": "2023-06-05T00:00:00",
    "weekday": "Jun 2023",
    "netpnl": 34840.75154100001
  },
  {
    "pnl": 112980.0,
    "date": "2023-06-06T00:00:00",
    "weekday": "Jun 2023",
    "netpnl": 74254.741806
  },
  {
    "pnl": 121636.25,
    "date": "2023-06-07T00:00:00",
    "weekday": "Jun 2023",
    "netpnl": 82781.19021900001
  },
  {
    "pnl": 154140.0,
    "date": "2023-06-08T00:00:00",
    "weekday": "Jun 2023",
    "netpnl": 113301.188936
  },
  {
    "pnl": 154140.0,
    "date": "2023-06-09T00:00:00",
    "weekday": "Jun 2023",
    "netpnl": 113301.188936
  },
  {
    "pnl": 154140.0,
    "date": "2023-06-10T00:00:00",
    "weekday": "Jun 2023",
    "netpnl": 113301.188936
  },
  {
    "pnl": 154140.0,
    "date": "2023-06-11T00:00:00",
    "weekday": "Jun 2023",
    "netpnl": 113301.188936
  },
  {
    "pnl": 171623.75,
    "date": "2023-06-12T00:00:00",
    "weekday": "Jun 2023",
    "netpnl": 129850.04696200001
  },
  {
    "pnl": 184625.75,
    "date": "2023-06-13T00:00:00",
    "weekday": "Jun 2023",
    "netpnl": 141690.945634
  },
  {
    "pnl": 186969.5,
    "date": "2023-06-14T00:00:00",
    "weekday": "Jun 2023",
    "netpnl": 143897.893502
  },
  {
    "pnl": 228993.25,
    "date": "2023-06-15T00:00:00",
    "weekday": "Jun 2023",
    "netpnl": 183426.353625
  },
  {
    "pnl": 228993.25,
    "date": "2023-06-16T00:00:00",
    "weekday": "Jun 2023",
    "netpnl": 183426.353625
  },
  {
    "pnl": 228993.25,
    "date": "2023-06-17T00:00:00",
    "weekday": "Jun 2023",
    "netpnl": 183426.353625
  },
  {
    "pnl": 228993.25,
    "date": "2023-06-18T00:00:00",
    "weekday": "Jun 2023",
    "netpnl": 183426.353625
  },
  {
    "pnl": 251760.75,
    "date": "2023-06-19T00:00:00",
    "weekday": "Jun 2023",
    "netpnl": 205271.464816
  },
  {
    "pnl": 242636.75,
    "date": "2023-06-20T00:00:00",
    "weekday": "Jun 2023",
    "netpnl": 194952.4756
  },
  {
    "pnl": 228386.75,
    "date": "2023-06-21T00:00:00",
    "weekday": "Jun 2023",
    "netpnl": 180541.137756
  },
  {
    "pnl": 218820.5,
    "date": "2023-06-22T00:00:00",
    "weekday": "Jun 2023",
    "netpnl": 168601.07693500002
  },
  {
    "pnl": 218820.5,
    "date": "2023-06-23T00:00:00",
    "weekday": "Jun 2023",
    "netpnl": 168601.07693500002
  },
  {
    "pnl": 218820.5,
    "date": "2023-06-24T00:00:00",
    "weekday": "Jun 2023",
    "netpnl": 168601.07693500002
  },
  {
    "pnl": 218820.5,
    "date": "2023-06-25T00:00:00",
    "weekday": "Jun 2023",
    "netpnl": 168601.07693500002
  },
  {
    "pnl": 225865.5,
    "date": "2023-06-26T00:00:00",
    "weekday": "Jun 2023",
    "netpnl": 174695.96795700002
  },
  {
    "pnl": 243369.5,
    "date": "2023-06-27T00:00:00",
    "weekday": "Jun 2023",
    "netpnl": 191220.940162
  },
  {
    "pnl": 250553.25,
    "date": "2023-06-28T00:00:00",
    "weekday": "Jun 2023",
    "netpnl": 195920.634797
  },
  {
    "pnl": 250553.25,
    "date": "2023-06-29T00:00:00",
    "weekday": "Jun 2023",
    "netpnl": 195920.634797
  },
  {
    "pnl": 250553.25,
    "date": "2023-06-30T00:00:00",
    "weekday": "Jun 2023",
    "netpnl": 195920.634797
  },
  {
    "pnl": 250553.25,
    "date": "2023-07-01T00:00:00",
    "weekday": "Jul 2023",
    "netpnl": 195920.634797
  },
  {
    "pnl": 250553.25,
    "date": "2023-07-02T00:00:00",
    "weekday": "Jul 2023",
    "netpnl": 195920.634797
  },
  {
    "pnl": 235447.0,
    "date": "2023-07-03T00:00:00",
    "weekday": "Jul 2023",
    "netpnl": 179930.730699
  },
  {
    "pnl": 222615.0,
    "date": "2023-07-04T00:00:00",
    "weekday": "Jul 2023",
    "netpnl": 165673.483611
  },
  {
    "pnl": 252308.75,
    "date": "2023-07-05T00:00:00",
    "weekday": "Jul 2023",
    "netpnl": 195188.996064
  },
  {
    "pnl": 327952.5,
    "date": "2023-07-06T00:00:00",
    "weekday": "Jul 2023",
    "netpnl": 268445.520852
  },
  {
    "pnl": 327952.5,
    "date": "2023-07-07T00:00:00",
    "weekday": "Jul 2023",
    "netpnl": 268445.520852
  },
  {
    "pnl": 327952.5,
    "date": "2023-07-08T00:00:00",
    "weekday": "Jul 2023",
    "netpnl": 268445.520852
  },
  {
    "pnl": 327952.5,
    "date": "2023-07-09T00:00:00",
    "weekday": "Jul 2023",
    "netpnl": 268445.520852
  },
  {
    "pnl": 308148.75,
    "date": "2023-07-10T00:00:00",
    "weekday": "Jul 2023",
    "netpnl": 247873.074895
  },
  {
    "pnl": 321300.75,
    "date": "2023-07-11T00:00:00",
    "weekday": "Jul 2023",
    "netpnl": 259639.531126
  },
  {
    "pnl": 299524.5,
    "date": "2023-07-12T00:00:00",
    "weekday": "Jul 2023",
    "netpnl": 237695.913281
  },
  {
    "pnl": 284035.75,
    "date": "2023-07-13T00:00:00",
    "weekday": "Jul 2023",
    "netpnl": 219774.16181199998
  },
  {
    "pnl": 284035.75,
    "date": "2023-07-14T00:00:00",
    "weekday": "Jul 2023",
    "netpnl": 219774.16181199998
  },
  {
    "pnl": 284035.75,
    "date": "2023-07-15T00:00:00",
    "weekday": "Jul 2023",
    "netpnl": 219774.16181199998
  },
  {
    "pnl": 284035.75,
    "date": "2023-07-16T00:00:00",
    "weekday": "Jul 2023",
    "netpnl": 219774.16181199998
  },
  {
    "pnl": 289009.5,
    "date": "2023-07-17T00:00:00",
    "weekday": "Jul 2023",
    "netpnl": 223796.53084899997
  },
  {
    "pnl": 275465.5,
    "date": "2023-07-18T00:00:00",
    "weekday": "Jul 2023",
    "netpnl": 208727.55455699997
  },
  {
    "pnl": 308473.0,
    "date": "2023-07-19T00:00:00",
    "weekday": "Jul 2023",
    "netpnl": 241551.88549599997
  },
  {
    "pnl": 274733.0,
    "date": "2023-07-20T00:00:00",
    "weekday": "Jul 2023",
    "netpnl": 205306.57215399996
  },
  {
    "pnl": 274733.0,
    "date": "2023-07-21T00:00:00",
    "weekday": "Jul 2023",
    "netpnl": 205306.57215399996
  },
  {
    "pnl": 274733.0,
    "date": "2023-07-22T00:00:00",
    "weekday": "Jul 2023",
    "netpnl": 205306.57215399996
  },
  {
    "pnl": 274733.0,
    "date": "2023-07-23T00:00:00",
    "weekday": "Jul 2023",
    "netpnl": 205306.57215399996
  },
  {
    "pnl": 249221.75,
    "date": "2023-07-24T00:00:00",
    "weekday": "Jul 2023",
    "netpnl": 178842.64334999997
  },
  {
    "pnl": 238655.75,
    "date": "2023-07-25T00:00:00",
    "weekday": "Jul 2023",
    "netpnl": 166828.26082699996
  },
  {
    "pnl": 246888.5,
    "date": "2023-07-26T00:00:00",
    "weekday": "Jul 2023",
    "netpnl": 174920.79861599996
  },
  {
    "pnl": 272162.0,
    "date": "2023-07-27T00:00:00",
    "weekday": "Jul 2023",
    "netpnl": 197845.86369299996
  },
  {
    "pnl": 272162.0,
    "date": "2023-07-28T00:00:00",
    "weekday": "Jul 2023",
    "netpnl": 197845.86369299996
  },
  {
    "pnl": 272162.0,
    "date": "2023-07-29T00:00:00",
    "weekday": "Jul 2023",
    "netpnl": 197845.86369299996
  },
  {
    "pnl": 272162.0,
    "date": "2023-07-30T00:00:00",
    "weekday": "Jul 2023",
    "netpnl": 197845.86369299996
  },
  {
    "pnl": 302393.0,
    "date": "2023-07-31T00:00:00",
    "weekday": "Jul 2023",
    "netpnl": 227153.75379199997
  },
  {
    "pnl": 349471.0,
    "date": "2023-08-01T00:00:00",
    "weekday": "Aug 2023",
    "netpnl": 273015.108587
  },
  {
    "pnl": 330214.0,
    "date": "2023-08-02T00:00:00",
    "weekday": "Aug 2023",
    "netpnl": 253584.51718599998
  },
  {
    "pnl": 337143.25,
    "date": "2023-08-03T00:00:00",
    "weekday": "Aug 2023",
    "netpnl": 258124.96737499998
  },
  {
    "pnl": 337143.25,
    "date": "2023-08-04T00:00:00",
    "weekday": "Aug 2023",
    "netpnl": 258124.96737499998
  },
  {
    "pnl": 337143.25,
    "date": "2023-08-05T00:00:00",
    "weekday": "Aug 2023",
    "netpnl": 258124.96737499998
  },
  {
    "pnl": 337143.25,
    "date": "2023-08-06T00:00:00",
    "weekday": "Aug 2023",
    "netpnl": 258124.96737499998
  },
  {
    "pnl": 311587.75,
    "date": "2023-08-07T00:00:00",
    "weekday": "Aug 2023",
    "netpnl": 231607.111636
  },
  {
    "pnl": 363133.75,
    "date": "2023-08-08T00:00:00",
    "weekday": "Aug 2023",
    "netpnl": 281992.377346
  },
  {
    "pnl": 363133.75,
    "date": "2023-08-09T00:00:00",
    "weekday": "Aug 2023",
    "netpnl": 281992.377346
  },
  {
    "pnl": 381079.0,
    "date": "2023-08-10T00:00:00",
    "weekday": "Aug 2023",
    "netpnl": 298798.665255
  },
  {
    "pnl": 381079.0,
    "date": "2023-08-11T00:00:00",
    "weekday": "Aug 2023",
    "netpnl": 298798.665255
  },
  {
    "pnl": 381079.0,
    "date": "2023-08-12T00:00:00",
    "weekday": "Aug 2023",
    "netpnl": 298798.665255
  },
  {
    "pnl": 381079.0,
    "date": "2023-08-13T00:00:00",
    "weekday": "Aug 2023",
    "netpnl": 298798.665255
  },
  {
    "pnl": 447881.0,
    "date": "2023-08-14T00:00:00",
    "weekday": "Aug 2023",
    "netpnl": 364362.277082
  },
  {
    "pnl": 447881.0,
    "date": "2023-08-15T00:00:00",
    "weekday": "Aug 2023",
    "netpnl": 364362.277082
  },
  {
    "pnl": 461622.5,
    "date": "2023-08-16T00:00:00",
    "weekday": "Aug 2023",
    "netpnl": 377953.384805
  },
  {
    "pnl": 517541.0,
    "date": "2023-08-17T00:00:00",
    "weekday": "Aug 2023",
    "netpnl": 431604.81448099995
  },
  {
    "pnl": 517541.0,
    "date": "2023-08-18T00:00:00",
    "weekday": "Aug 2023",
    "netpnl": 431604.81448099995
  },
  {
    "pnl": 517541.0,
    "date": "2023-08-19T00:00:00",
    "weekday": "Aug 2023",
    "netpnl": 431604.81448099995
  },
  {
    "pnl": 517541.0,
    "date": "2023-08-20T00:00:00",
    "weekday": "Aug 2023",
    "netpnl": 431604.81448099995
  },
  {
    "pnl": 517541.0,
    "date": "2023-08-21T00:00:00",
    "weekday": "Aug 2023",
    "netpnl": 431604.81448099995
  },
  {
    "pnl": 513105.0,
    "date": "2023-08-22T00:00:00",
    "weekday": "Aug 2023",
    "netpnl": 426073.07575799996
  },
  {
    "pnl": 510139.5,
    "date": "2023-08-23T00:00:00",
    "weekday": "Aug 2023",
    "netpnl": 422970.72490599996
  },
  {
    "pnl": 507799.5,
    "date": "2023-08-24T00:00:00",
    "weekday": "Aug 2023",
    "netpnl": 418465.77358999994
  },
  {
    "pnl": 507799.5,
    "date": "2023-08-25T00:00:00",
    "weekday": "Aug 2023",
    "netpnl": 418465.77358999994
  },
  {
    "pnl": 507799.5,
    "date": "2023-08-26T00:00:00",
    "weekday": "Aug 2023",
    "netpnl": 418465.77358999994
  },
  {
    "pnl": 507799.5,
    "date": "2023-08-27T00:00:00",
    "weekday": "Aug 2023",
    "netpnl": 418465.77358999994
  },
  {
    "pnl": 518359.5,
    "date": "2023-08-28T00:00:00",
    "weekday": "Aug 2023",
    "netpnl": 428872.84603699995
  },
  {
    "pnl": 578401.5,
    "date": "2023-08-29T00:00:00",
    "weekday": "Aug 2023",
    "netpnl": 487837.625753
  },
  {
    "pnl": 566252.25,
    "date": "2023-08-30T00:00:00",
    "weekday": "Aug 2023",
    "netpnl": 475545.868638
  },
  {
    "pnl": 635556.0,
    "date": "2023-08-31T00:00:00",
    "weekday": "Aug 2023",
    "netpnl": 542442.679283
  },
  {
    "pnl": 635556.0,
    "date": "2023-09-01T00:00:00",
    "weekday": "Sep 2023",
    "netpnl": 542442.679283
  },
  {
    "pnl": 635556.0,
    "date": "2023-09-02T00:00:00",
    "weekday": "Sep 2023",
    "netpnl": 542442.679283
  },
  {
    "pnl": 635556.0,
    "date": "2023-09-03T00:00:00",
    "weekday": "Sep 2023",
    "netpnl": 542442.679283
  },
  {
    "pnl": 635556.0,
    "date": "2023-09-04T00:00:00",
    "weekday": "Sep 2023",
    "netpnl": 542442.679283
  },
  {
    "pnl": 691080.0,
    "date": "2023-09-05T00:00:00",
    "weekday": "Sep 2023",
    "netpnl": 596820.9889349999
  },
  {
    "pnl": 712433.25,
    "date": "2023-09-06T00:00:00",
    "weekday": "Sep 2023",
    "netpnl": 617164.9622729999
  },
  {
    "pnl": 677085.75,
    "date": "2023-09-07T00:00:00",
    "weekday": "Sep 2023",
    "netpnl": 580453.5204279999
  },
  {
    "pnl": 677085.75,
    "date": "2023-09-08T00:00:00",
    "weekday": "Sep 2023",
    "netpnl": 580453.5204279999
  },
  {
    "pnl": 677085.75,
    "date": "2023-09-09T00:00:00",
    "weekday": "Sep 2023",
    "netpnl": 580453.5204279999
  },
  {
    "pnl": 677085.75,
    "date": "2023-09-10T00:00:00",
    "weekday": "Sep 2023",
    "netpnl": 580453.5204279999
  },
  {
    "pnl": 677085.75,
    "date": "2023-09-11T00:00:00",
    "weekday": "Sep 2023",
    "netpnl": 580453.5204279999
  },
  {
    "pnl": 676187.75,
    "date": "2023-09-12T00:00:00",
    "weekday": "Sep 2023",
    "netpnl": 578387.585289
  },
  {
    "pnl": 680123.0,
    "date": "2023-09-13T00:00:00",
    "weekday": "Sep 2023",
    "netpnl": 581177.352125
  },
  {
    "pnl": 726663.0,
    "date": "2023-09-14T00:00:00",
    "weekday": "Sep 2023",
    "netpnl": 626508.095217
  },
  {
    "pnl": 726663.0,
    "date": "2023-09-15T00:00:00",
    "weekday": "Sep 2023",
    "netpnl": 626508.095217
  },
  {
    "pnl": 726663.0,
    "date": "2023-09-16T00:00:00",
    "weekday": "Sep 2023",
    "netpnl": 626508.095217
  },
  {
    "pnl": 726663.0,
    "date": "2023-09-17T00:00:00",
    "weekday": "Sep 2023",
    "netpnl": 626508.095217
  },
  {
    "pnl": 717115.0,
    "date": "2023-09-18T00:00:00",
    "weekday": "Sep 2023",
    "netpnl": 615722.217363
  },
  {
    "pnl": 717115.0,
    "date": "2023-09-19T00:00:00",
    "weekday": "Sep 2023",
    "netpnl": 615722.217363
  },
  {
    "pnl": 705938.5,
    "date": "2023-09-20T00:00:00",
    "weekday": "Sep 2023",
    "netpnl": 603329.173294
  },
  {
    "pnl": 770661.0,
    "date": "2023-09-21T00:00:00",
    "weekday": "Sep 2023",
    "netpnl": 666844.522981
  },
  {
    "pnl": 770661.0,
    "date": "2023-09-22T00:00:00",
    "weekday": "Sep 2023",
    "netpnl": 666844.522981
  },
  {
    "pnl": 770661.0,
    "date": "2023-09-23T00:00:00",
    "weekday": "Sep 2023",
    "netpnl": 666844.522981
  },
  {
    "pnl": 770661.0,
    "date": "2023-09-24T00:00:00",
    "weekday": "Sep 2023",
    "netpnl": 666844.522981
  },
  {
    "pnl": 770661.0,
    "date": "2023-09-25T00:00:00",
    "weekday": "Sep 2023",
    "netpnl": 666844.522981
  },
  {
    "pnl": 746769.0,
    "date": "2023-09-26T00:00:00",
    "weekday": "Sep 2023",
    "netpnl": 641787.31213
  },
  {
    "pnl": 746769.0,
    "date": "2023-09-27T00:00:00",
    "weekday": "Sep 2023",
    "netpnl": 641787.31213
  },
  {
    "pnl": 731039.25,
    "date": "2023-09-28T00:00:00",
    "weekday": "Sep 2023",
    "netpnl": 624882.594431
  },
  {
    "pnl": 731039.25,
    "date": "2023-09-29T00:00:00",
    "weekday": "Sep 2023",
    "netpnl": 624882.594431
  },
  {
    "pnl": 731039.25,
    "date": "2023-09-30T00:00:00",
    "weekday": "Sep 2023",
    "netpnl": 624882.594431
  },
  {
    "pnl": 731039.25,
    "date": "2023-10-01T00:00:00",
    "weekday": "Oct 2023",
    "netpnl": 624882.594431
  },
  {
    "pnl": 731039.25,
    "date": "2023-10-02T00:00:00",
    "weekday": "Oct 2023",
    "netpnl": 624882.594431
  },
  {
    "pnl": 747133.25,
    "date": "2023-10-03T00:00:00",
    "weekday": "Oct 2023",
    "netpnl": 639838.8766059999
  },
  {
    "pnl": 780266.75,
    "date": "2023-10-04T00:00:00",
    "weekday": "Oct 2023",
    "netpnl": 671759.3363999999
  },
  {
    "pnl": 826934.25,
    "date": "2023-10-05T00:00:00",
    "weekday": "Oct 2023",
    "netpnl": 717333.9621569999
  },
  {
    "pnl": 826934.25,
    "date": "2023-10-06T00:00:00",
    "weekday": "Oct 2023",
    "netpnl": 717333.9621569999
  },
  {
    "pnl": 826934.25,
    "date": "2023-10-07T00:00:00",
    "weekday": "Oct 2023",
    "netpnl": 717333.9621569999
  },
  {
    "pnl": 826934.25,
    "date": "2023-10-08T00:00:00",
    "weekday": "Oct 2023",
    "netpnl": 717333.9621569999
  },
  {
    "pnl": 826934.25,
    "date": "2023-10-09T00:00:00",
    "weekday": "Oct 2023",
    "netpnl": 717333.9621569999
  },
  {
    "pnl": 926322.25,
    "date": "2023-10-10T00:00:00",
    "weekday": "Oct 2023",
    "netpnl": 815484.5900789999
  },
  {
    "pnl": 917350.75,
    "date": "2023-10-11T00:00:00",
    "weekday": "Oct 2023",
    "netpnl": 805261.0279419998
  },
  {
    "pnl": 945838.25,
    "date": "2023-10-12T00:00:00",
    "weekday": "Oct 2023",
    "netpnl": 832632.8421779998
  },
  {
    "pnl": 945838.25,
    "date": "2023-10-13T00:00:00",
    "weekday": "Oct 2023",
    "netpnl": 832632.8421779998
  },
  {
    "pnl": 945838.25,
    "date": "2023-10-14T00:00:00",
    "weekday": "Oct 2023",
    "netpnl": 832632.8421779998
  },
  {
    "pnl": 945838.25,
    "date": "2023-10-15T00:00:00",
    "weekday": "Oct 2023",
    "netpnl": 832632.8421779998
  },
  {
    "pnl": 945838.25,
    "date": "2023-10-16T00:00:00",
    "weekday": "Oct 2023",
    "netpnl": 832632.8421779998
  },
  {
    "pnl": 1035274.25,
    "date": "2023-10-17T00:00:00",
    "weekday": "Oct 2023",
    "netpnl": 921079.9372709998
  },
  {
    "pnl": 1050369.5,
    "date": "2023-10-18T00:00:00",
    "weekday": "Oct 2023",
    "netpnl": 935027.0636419997
  },
  {
    "pnl": 1066497.0,
    "date": "2023-10-19T00:00:00",
    "weekday": "Oct 2023",
    "netpnl": 949955.8581519998
  },
  {
    "pnl": 1066497.0,
    "date": "2023-10-20T00:00:00",
    "weekday": "Oct 2023",
    "netpnl": 949955.8581519998
  },
  {
    "pnl": 1066497.0,
    "date": "2023-10-21T00:00:00",
    "weekday": "Oct 2023",
    "netpnl": 949955.8581519998
  },
  {
    "pnl": 1066497.0,
    "date": "2023-10-22T00:00:00",
    "weekday": "Oct 2023",
    "netpnl": 949955.8581519998
  },
  {
    "pnl": 1092051.0,
    "date": "2023-10-23T00:00:00",
    "weekday": "Oct 2023",
    "netpnl": 974413.8843169998
  },
  {
    "pnl": 1092051.0,
    "date": "2023-10-24T00:00:00",
    "weekday": "Oct 2023",
    "netpnl": 974413.8843169998
  },
  {
    "pnl": 1092051.0,
    "date": "2023-10-25T00:00:00",
    "weekday": "Oct 2023",
    "netpnl": 974413.8843169998
  },
  {
    "pnl": 1072411.5,
    "date": "2023-10-26T00:00:00",
    "weekday": "Oct 2023",
    "netpnl": 953485.7805409998
  },
  {
    "pnl": 1072411.5,
    "date": "2023-10-27T00:00:00",
    "weekday": "Oct 2023",
    "netpnl": 953485.7805409998
  },
  {
    "pnl": 1072411.5,
    "date": "2023-10-28T00:00:00",
    "weekday": "Oct 2023",
    "netpnl": 953485.7805409998
  },
  {
    "pnl": 1072411.5,
    "date": "2023-10-29T00:00:00",
    "weekday": "Oct 2023",
    "netpnl": 953485.7805409998
  },
  {
    "pnl": 1101714.0,
    "date": "2023-10-30T00:00:00",
    "weekday": "Oct 2023",
    "netpnl": 981687.2288019998
  },
  {
    "pnl": 1119606.0,
    "date": "2023-10-31T00:00:00",
    "weekday": "Oct 2023",
    "netpnl": 998217.7780229999
  },
  {
    "pnl": 1255116.0,
    "date": "2023-11-01T00:00:00",
    "weekday": "Nov 2023",
    "netpnl": 1132583.071209
  },
  {
    "pnl": 1290261.0,
    "date": "2023-11-02T00:00:00",
    "weekday": "Nov 2023",
    "netpnl": 1166338.478232
  },
  {
    "pnl": 1290261.0,
    "date": "2023-11-03T00:00:00",
    "weekday": "Nov 2023",
    "netpnl": 1166338.478232
  },
  {
    "pnl": 1290261.0,
    "date": "2023-11-04T00:00:00",
    "weekday": "Nov 2023",
    "netpnl": 1166338.478232
  },
  {
    "pnl": 1290261.0,
    "date": "2023-11-05T00:00:00",
    "weekday": "Nov 2023",
    "netpnl": 1166338.478232
  },
  {
    "pnl": 1324742.25,
    "date": "2023-11-06T00:00:00",
    "weekday": "Nov 2023",
    "netpnl": 1199667.524848
  },
  {
    "pnl": 1237304.25,
    "date": "2023-11-07T00:00:00",
    "weekday": "Nov 2023",
    "netpnl": 1110716.3049879998
  },
  {
    "pnl": 1278389.25,
    "date": "2023-11-08T00:00:00",
    "weekday": "Nov 2023",
    "netpnl": 1150653.6744579999
  },
  {
    "pnl": 1384066.75,
    "date": "2023-11-09T00:00:00",
    "weekday": "Nov 2023",
    "netpnl": 1255005.015221
  },
  {
    "pnl": 1384066.75,
    "date": "2023-11-10T00:00:00",
    "weekday": "Nov 2023",
    "netpnl": 1255005.015221
  },
  {
    "pnl": 1384066.75,
    "date": "2023-11-11T00:00:00",
    "weekday": "Nov 2023",
    "netpnl": 1255005.015221
  },
  {
    "pnl": 1384066.75,
    "date": "2023-11-12T00:00:00",
    "weekday": "Nov 2023",
    "netpnl": 1255005.015221
  },
  {
    "pnl": 1408436.75,
    "date": "2023-11-13T00:00:00",
    "weekday": "Nov 2023",
    "netpnl": 1278067.148001
  },
  {
    "pnl": 1408436.75,
    "date": "2023-11-14T00:00:00",
    "weekday": "Nov 2023",
    "netpnl": 1278067.148001
  },
  {
    "pnl": 1510928.0,
    "date": "2023-11-15T00:00:00",
    "weekday": "Nov 2023",
    "netpnl": 1379353.69644
  },
  {
    "pnl": 1490445.5,
    "date": "2023-11-16T00:00:00",
    "weekday": "Nov 2023",
    "netpnl": 1357472.070494
  },
  {
    "pnl": 1490445.5,
    "date": "2023-11-17T00:00:00",
    "weekday": "Nov 2023",
    "netpnl": 1357472.070494
  },
  {
    "pnl": 1490445.5,
    "date": "2023-11-18T00:00:00",
    "weekday": "Nov 2023",
    "netpnl": 1357472.070494
  },
  {
    "pnl": 1490445.5,
    "date": "2023-11-19T00:00:00",
    "weekday": "Nov 2023",
    "netpnl": 1357472.070494
  },
  {
    "pnl": 1464608.0,
    "date": "2023-11-20T00:00:00",
    "weekday": "Nov 2023",
    "netpnl": 1330343.9273990002
  },
  {
    "pnl": 1552300.0,
    "date": "2023-11-21T00:00:00",
    "weekday": "Nov 2023",
    "netpnl": 1417082.0756340001
  },
  {
    "pnl": 1600412.5,
    "date": "2023-11-22T00:00:00",
    "weekday": "Nov 2023",
    "netpnl": 1464025.4746430002
  },
  {
    "pnl": 1650405.0,
    "date": "2023-11-23T00:00:00",
    "weekday": "Nov 2023",
    "netpnl": 1512705.0658090003
  },
  {
    "pnl": 1702638.75,
    "date": "2023-11-24T00:00:00",
    "weekday": "Nov 2023",
    "netpnl": 1563800.1260360002
  },
  {
    "pnl": 1702638.75,
    "date": "2023-11-25T00:00:00",
    "weekday": "Nov 2023",
    "netpnl": 1563800.1260360002
  },
  {
    "pnl": 1702638.75,
    "date": "2023-11-26T00:00:00",
    "weekday": "Nov 2023",
    "netpnl": 1563800.1260360002
  },
  {
    "pnl": 1702638.75,
    "date": "2023-11-27T00:00:00",
    "weekday": "Nov 2023",
    "netpnl": 1563800.1260360002
  },
  {
    "pnl": 1701892.75,
    "date": "2023-11-28T00:00:00",
    "weekday": "Nov 2023",
    "netpnl": 1561831.5342950001
  },
  {
    "pnl": 1701892.75,
    "date": "2023-11-29T00:00:00",
    "weekday": "Nov 2023",
    "netpnl": 1561831.5342950001
  },
  {
    "pnl": 1695418.75,
    "date": "2023-11-30T00:00:00",
    "weekday": "Nov 2023",
    "netpnl": 1554015.052665
  },
  {
    "pnl": 1695418.75,
    "date": "2023-12-01T00:00:00",
    "weekday": "Dec 2023",
    "netpnl": 1554015.052665
  },
  {
    "pnl": 1695418.75,
    "date": "2023-12-02T00:00:00",
    "weekday": "Dec 2023",
    "netpnl": 1554015.052665
  },
  {
    "pnl": 1695418.75,
    "date": "2023-12-03T00:00:00",
    "weekday": "Dec 2023",
    "netpnl": 1554015.052665
  },
  {
    "pnl": 1652263.75,
    "date": "2023-12-04T00:00:00",
    "weekday": "Dec 2023",
    "netpnl": 1508873.697108
  },
  {
    "pnl": 1666779.75,
    "date": "2023-12-05T00:00:00",
    "weekday": "Dec 2023",
    "netpnl": 1521955.8255460002
  },
  {
    "pnl": 1674546.75,
    "date": "2023-12-06T00:00:00",
    "weekday": "Dec 2023",
    "netpnl": 1528306.0991870002
  },
  {
    "pnl": 1758686.75,
    "date": "2023-12-07T00:00:00",
    "weekday": "Dec 2023",
    "netpnl": 1611128.2505420002
  },
  {
    "pnl": 1758686.75,
    "date": "2023-12-08T00:00:00",
    "weekday": "Dec 2023",
    "netpnl": 1611128.2505420002
  },
  {
    "pnl": 1758686.75,
    "date": "2023-12-09T00:00:00",
    "weekday": "Dec 2023",
    "netpnl": 1611128.2505420002
  },
  {
    "pnl": 1758686.75,
    "date": "2023-12-10T00:00:00",
    "weekday": "Dec 2023",
    "netpnl": 1611128.2505420002
  },
  {
    "pnl": 1713038.0,
    "date": "2023-12-11T00:00:00",
    "weekday": "Dec 2023",
    "netpnl": 1564251.3347560002
  },
  {
    "pnl": 1731380.0,
    "date": "2023-12-12T00:00:00",
    "weekday": "Dec 2023",
    "netpnl": 1581196.2022090002
  },
  {
    "pnl": 1769686.25,
    "date": "2023-12-13T00:00:00",
    "weekday": "Dec 2023",
    "netpnl": 1618107.7507350002
  },
  {
    "pnl": 1730256.25,
    "date": "2023-12-14T00:00:00",
    "weekday": "Dec 2023",
    "netpnl": 1577268.0849000001
  },
  {
    "pnl": 1730256.25,
    "date": "2023-12-15T00:00:00",
    "weekday": "Dec 2023",
    "netpnl": 1577268.0849000001
  },
  {
    "pnl": 1730256.25,
    "date": "2023-12-16T00:00:00",
    "weekday": "Dec 2023",
    "netpnl": 1577268.0849000001
  },
  {
    "pnl": 1730256.25,
    "date": "2023-12-17T00:00:00",
    "weekday": "Dec 2023",
    "netpnl": 1577268.0849000001
  },
  {
    "pnl": 1736327.5,
    "date": "2023-12-18T00:00:00",
    "weekday": "Dec 2023",
    "netpnl": 1582338.224079
  },
  {
    "pnl": 1761737.5,
    "date": "2023-12-19T00:00:00",
    "weekday": "Dec 2023",
    "netpnl": 1606391.348527
  },
  {
    "pnl": 1782424.0,
    "date": "2023-12-20T00:00:00",
    "weekday": "Dec 2023",
    "netpnl": 1625498.9697180002
  },
  {
    "pnl": 1783274.0,
    "date": "2023-12-21T00:00:00",
    "weekday": "Dec 2023",
    "netpnl": 1624828.0693730002
  },
  {
    "pnl": 1790976.5,
    "date": "2023-12-22T00:00:00",
    "weekday": "Dec 2023",
    "netpnl": 1631117.7260430001
  },
  {
    "pnl": 1790976.5,
    "date": "2023-12-23T00:00:00",
    "weekday": "Dec 2023",
    "netpnl": 1631117.7260430001
  },
  {
    "pnl": 1790976.5,
    "date": "2023-12-24T00:00:00",
    "weekday": "Dec 2023",
    "netpnl": 1631117.7260430001
  },
  {
    "pnl": 1790976.5,
    "date": "2023-12-25T00:00:00",
    "weekday": "Dec 2023",
    "netpnl": 1631117.7260430001
  },
  {
    "pnl": 1693942.5,
    "date": "2023-12-26T00:00:00",
    "weekday": "Dec 2023",
    "netpnl": 1532389.665766
  },
  {
    "pnl": 1693942.5,
    "date": "2023-12-27T00:00:00",
    "weekday": "Dec 2023",
    "netpnl": 1532389.665766
  },
  {
    "pnl": 1742361.75,
    "date": "2023-12-28T00:00:00",
    "weekday": "Dec 2023",
    "netpnl": 1579340.665282
  },
  {
    "pnl": 1742361.75,
    "date": "2023-12-29T00:00:00",
    "weekday": "Dec 2023",
    "netpnl": 1579340.665282
  },
  {
    "pnl": 1742361.75,
    "date": "2023-12-30T00:00:00",
    "weekday": "Dec 2023",
    "netpnl": 1579340.665282
  },
  {
    "pnl": 1742361.75,
    "date": "2023-12-31T00:00:00",
    "weekday": "Dec 2023",
    "netpnl": 1579340.665282
  },
  {
    "pnl": 1765739.25,
    "date": "2024-01-01T00:00:00",
    "weekday": "Jan 2024",
    "netpnl": 1601533.3520620002
  },
  {
    "pnl": 1816963.25,
    "date": "2024-01-02T00:00:00",
    "weekday": "Jan 2024",
    "netpnl": 1651403.8905360003
  },
  {
    "pnl": 1824172.25,
    "date": "2024-01-03T00:00:00",
    "weekday": "Jan 2024",
    "netpnl": 1657315.1849510001
  },
  {
    "pnl": 1899452.25,
    "date": "2024-01-04T00:00:00",
    "weekday": "Jan 2024",
    "netpnl": 1731344.080515
  },
  {
    "pnl": 1899452.25,
    "date": "2024-01-05T00:00:00",
    "weekday": "Jan 2024",
    "netpnl": 1731344.080515
  },
  {
    "pnl": 1899452.25,
    "date": "2024-01-06T00:00:00",
    "weekday": "Jan 2024",
    "netpnl": 1731344.080515
  },
  {
    "pnl": 1899452.25,
    "date": "2024-01-07T00:00:00",
    "weekday": "Jan 2024",
    "netpnl": 1731344.080515
  },
  {
    "pnl": 1891959.75,
    "date": "2024-01-08T00:00:00",
    "weekday": "Jan 2024",
    "netpnl": 1722565.509508
  },
  {
    "pnl": 1859083.75,
    "date": "2024-01-09T00:00:00",
    "weekday": "Jan 2024",
    "netpnl": 1688030.850999
  },
  {
    "pnl": 1805484.25,
    "date": "2024-01-10T00:00:00",
    "weekday": "Jan 2024",
    "netpnl": 1632989.433414
  },
  {
    "pnl": 1834149.25,
    "date": "2024-01-11T00:00:00",
    "weekday": "Jan 2024",
    "netpnl": 1660242.374692
  },
  {
    "pnl": 1834149.25,
    "date": "2024-01-12T00:00:00",
    "weekday": "Jan 2024",
    "netpnl": 1660242.374692
  },
  {
    "pnl": 1834149.25,
    "date": "2024-01-13T00:00:00",
    "weekday": "Jan 2024",
    "netpnl": 1660242.374692
  },
  {
    "pnl": 1834149.25,
    "date": "2024-01-14T00:00:00",
    "weekday": "Jan 2024",
    "netpnl": 1660242.374692
  },
  {
    "pnl": 1895195.5,
    "date": "2024-01-15T00:00:00",
    "weekday": "Jan 2024",
    "netpnl": 1719959.830356
  },
  {
    "pnl": 1827377.5,
    "date": "2024-01-16T00:00:00",
    "weekday": "Jan 2024",
    "netpnl": 1650723.347788
  },
  {
    "pnl": 1824670.75,
    "date": "2024-01-17T00:00:00",
    "weekday": "Jan 2024",
    "netpnl": 1646599.6958020001
  },
  {
    "pnl": 1777643.25,
    "date": "2024-01-18T00:00:00",
    "weekday": "Jan 2024",
    "netpnl": 1598133.5244480001
  },
  {
    "pnl": 1777643.25,
    "date": "2024-01-19T00:00:00",
    "weekday": "Jan 2024",
    "netpnl": 1598133.5244480001
  },
  {
    "pnl": 1777643.25,
    "date": "2024-01-20T00:00:00",
    "weekday": "Jan 2024",
    "netpnl": 1598133.5244480001
  },
  {
    "pnl": 1777643.25,
    "date": "2024-01-21T00:00:00",
    "weekday": "Jan 2024",
    "netpnl": 1598133.5244480001
  },
  {
    "pnl": 1777643.25,
    "date": "2024-01-22T00:00:00",
    "weekday": "Jan 2024",
    "netpnl": 1598133.5244480001
  },
  {
    "pnl": 1810235.25,
    "date": "2024-01-23T00:00:00",
    "weekday": "Jan 2024",
    "netpnl": 1629116.852994
  },
  {
    "pnl": 1810235.25,
    "date": "2024-01-24T00:00:00",
    "weekday": "Jan 2024",
    "netpnl": 1629116.852994
  },
  {
    "pnl": 1798017.75,
    "date": "2024-01-25T00:00:00",
    "weekday": "Jan 2024",
    "netpnl": 1615371.43181
  },
  {
    "pnl": 1798017.75,
    "date": "2024-01-26T00:00:00",
    "weekday": "Jan 2024",
    "netpnl": 1615371.43181
  },
  {
    "pnl": 1798017.75,
    "date": "2024-01-27T00:00:00",
    "weekday": "Jan 2024",
    "netpnl": 1615371.43181
  },
  {
    "pnl": 1798017.75,
    "date": "2024-01-28T00:00:00",
    "weekday": "Jan 2024",
    "netpnl": 1615371.43181
  },
  {
    "pnl": 1710436.5,
    "date": "2024-01-29T00:00:00",
    "weekday": "Jan 2024",
    "netpnl": 1526388.976339
  },
  {
    "pnl": 1748346.5,
    "date": "2024-01-30T00:00:00",
    "weekday": "Jan 2024",
    "netpnl": 1562623.98844
  },
  {
    "pnl": 1748988.5,
    "date": "2024-01-31T00:00:00",
    "weekday": "Jan 2024",
    "netpnl": 1561497.428002
  },
  {
    "pnl": 1857923.5,
    "date": "2024-02-01T00:00:00",
    "weekday": "Feb 2024",
    "netpnl": 1669120.727686
  },
  {
    "pnl": 1857923.5,
    "date": "2024-02-02T00:00:00",
    "weekday": "Feb 2024",
    "netpnl": 1669120.727686
  },
  {
    "pnl": 1857923.5,
    "date": "2024-02-03T00:00:00",
    "weekday": "Feb 2024",
    "netpnl": 1669120.727686
  },
  {
    "pnl": 1857923.5,
    "date": "2024-02-04T00:00:00",
    "weekday": "Feb 2024",
    "netpnl": 1669120.727686
  },
  {
    "pnl": 1807924.75,
    "date": "2024-02-05T00:00:00",
    "weekday": "Feb 2024",
    "netpnl": 1617553.415696
  },
  {
    "pnl": 1867312.75,
    "date": "2024-02-06T00:00:00",
    "weekday": "Feb 2024",
    "netpnl": 1675427.125024
  },
  {
    "pnl": 1869351.25,
    "date": "2024-02-07T00:00:00",
    "weekday": "Feb 2024",
    "netpnl": 1676022.90321
  },
  {
    "pnl": 1866111.25,
    "date": "2024-02-08T00:00:00",
    "weekday": "Feb 2024",
    "netpnl": 1671101.2284869999
  },
  {
    "pnl": 1866111.25,
    "date": "2024-02-09T00:00:00",
    "weekday": "Feb 2024",
    "netpnl": 1671101.2284869999
  },
  {
    "pnl": 1866111.25,
    "date": "2024-02-10T00:00:00",
    "weekday": "Feb 2024",
    "netpnl": 1671101.2284869999
  },
  {
    "pnl": 1866111.25,
    "date": "2024-02-11T00:00:00",
    "weekday": "Feb 2024",
    "netpnl": 1671101.2284869999
  },
  {
    "pnl": 1897997.5,
    "date": "2024-02-12T00:00:00",
    "weekday": "Feb 2024",
    "netpnl": 1701772.9397439999
  },
  {
    "pnl": 1939735.5,
    "date": "2024-02-13T00:00:00",
    "weekday": "Feb 2024",
    "netpnl": 1742054.689664
  },
  {
    "pnl": 1924707.75,
    "date": "2024-02-14T00:00:00",
    "weekday": "Feb 2024",
    "netpnl": 1725466.675296
  },
  {
    "pnl": 2022280.25,
    "date": "2024-02-15T00:00:00",
    "weekday": "Feb 2024",
    "netpnl": 1821711.053107
  },
  {
    "pnl": 2022280.25,
    "date": "2024-02-16T00:00:00",
    "weekday": "Feb 2024",
    "netpnl": 1821711.053107
  },
  {
    "pnl": 2022280.25,
    "date": "2024-02-17T00:00:00",
    "weekday": "Feb 2024",
    "netpnl": 1821711.053107
  },
  {
    "pnl": 2022280.25,
    "date": "2024-02-18T00:00:00",
    "weekday": "Feb 2024",
    "netpnl": 1821711.053107
  },
  {
    "pnl": 2048522.75,
    "date": "2024-02-19T00:00:00",
    "weekday": "Feb 2024",
    "netpnl": 1846891.598421
  },
  {
    "pnl": 2099368.75,
    "date": "2024-02-20T00:00:00",
    "weekday": "Feb 2024",
    "netpnl": 1896417.187915
  },
  {
    "pnl": 2134302.25,
    "date": "2024-02-21T00:00:00",
    "weekday": "Feb 2024",
    "netpnl": 1930141.718798
  },
  {
    "pnl": 2148782.25,
    "date": "2024-02-22T00:00:00",
    "weekday": "Feb 2024",
    "netpnl": 1943178.3330019999
  },
  {
    "pnl": 2148782.25,
    "date": "2024-02-23T00:00:00",
    "weekday": "Feb 2024",
    "netpnl": 1943178.3330019999
  },
  {
    "pnl": 2148782.25,
    "date": "2024-02-24T00:00:00",
    "weekday": "Feb 2024",
    "netpnl": 1943178.3330019999
  },
  {
    "pnl": 2148782.25,
    "date": "2024-02-25T00:00:00",
    "weekday": "Feb 2024",
    "netpnl": 1943178.3330019999
  },
  {
    "pnl": 2168548.5,
    "date": "2024-02-26T00:00:00",
    "weekday": "Feb 2024",
    "netpnl": 1961447.85053
  },
  {
    "pnl": 2300900.5,
    "date": "2024-02-27T00:00:00",
    "weekday": "Feb 2024",
    "netpnl": 2092491.512874
  },
  {
    "pnl": 2300900.5,
    "date": "2024-02-28T00:00:00",
    "weekday": "Feb 2024",
    "netpnl": 2092491.512874
  },
  {
    "pnl": 2165488.0,
    "date": "2024-02-29T00:00:00",
    "weekday": "Feb 2024",
    "netpnl": 1955292.647158
  },
  {
    "pnl": 2165488.0,
    "date": "2024-03-01T00:00:00",
    "weekday": "Mar 2024",
    "netpnl": 1955292.647158
  },
  {
    "pnl": 2165488.0,
    "date": "2024-03-02T00:00:00",
    "weekday": "Mar 2024",
    "netpnl": 1955292.647158
  },
  {
    "pnl": 2165488.0,
    "date": "2024-03-03T00:00:00",
    "weekday": "Mar 2024",
    "netpnl": 1955292.647158
  },
  {
    "pnl": 2201806.75,
    "date": "2024-03-04T00:00:00",
    "weekday": "Mar 2024",
    "netpnl": 1990307.895267
  },
  {
    "pnl": 2161596.75,
    "date": "2024-03-05T00:00:00",
    "weekday": "Mar 2024",
    "netpnl": 1948672.1684639999
  },
  {
    "pnl": 2162267.25,
    "date": "2024-03-06T00:00:00",
    "weekday": "Mar 2024",
    "netpnl": 1948052.4185739998
  },
  {
    "pnl": 2267319.75,
    "date": "2024-03-07T00:00:00",
    "weekday": "Mar 2024",
    "netpnl": 2051928.1633569999
  },
  {
    "pnl": 2267319.75,
    "date": "2024-03-08T00:00:00",
    "weekday": "Mar 2024",
    "netpnl": 2051928.1633569999
  },
  {
    "pnl": 2267319.75,
    "date": "2024-03-09T00:00:00",
    "weekday": "Mar 2024",
    "netpnl": 2051928.1633569999
  },
  {
    "pnl": 2267319.75,
    "date": "2024-03-10T00:00:00",
    "weekday": "Mar 2024",
    "netpnl": 2051928.1633569999
  },
  {
    "pnl": 2345241.0,
    "date": "2024-03-11T00:00:00",
    "weekday": "Mar 2024",
    "netpnl": 2128578.85456
  },
  {
    "pnl": 2460543.0,
    "date": "2024-03-12T00:00:00",
    "weekday": "Mar 2024",
    "netpnl": 2242392.922266
  },
  {
    "pnl": 2509191.75,
    "date": "2024-03-13T00:00:00",
    "weekday": "Mar 2024",
    "netpnl": 2289823.608091
  },
  {
    "pnl": 2591234.25,
    "date": "2024-03-14T00:00:00",
    "weekday": "Mar 2024",
    "netpnl": 2370594.935665
  },
  {
    "pnl": 2591234.25,
    "date": "2024-03-15T00:00:00",
    "weekday": "Mar 2024",
    "netpnl": 2370594.935665
  },
  {
    "pnl": 2591234.25,
    "date": "2024-03-16T00:00:00",
    "weekday": "Mar 2024",
    "netpnl": 2370594.935665
  },
  {
    "pnl": 2591234.25,
    "date": "2024-03-17T00:00:00",
    "weekday": "Mar 2024",
    "netpnl": 2370594.935665
  },
  {
    "pnl": 2584308.0,
    "date": "2024-03-18T00:00:00",
    "weekday": "Mar 2024",
    "netpnl": 2362380.28726
  },
  {
    "pnl": 2523820.0,
    "date": "2024-03-19T00:00:00",
    "weekday": "Mar 2024",
    "netpnl": 2300662.299271
  },
  {
    "pnl": 2500630.0,
    "date": "2024-03-20T00:00:00",
    "weekday": "Mar 2024",
    "netpnl": 2276034.826665
  }
]