[
  {
    "pnl": 0.0,
    "date": "2023-04-01T00:00:00",
    "weekday": "Apr 2023",
    "netpnl": 0.0
  },
  {
    "pnl": 0.0,
    "date": "2023-04-02T00:00:00",
    "weekday": "Apr 2023",
    "netpnl": 0.0
  },
  {
    "pnl": 0.0,
    "date": "2023-04-03T00:00:00",
    "weekday": "Apr 2023",
    "netpnl": 17941.399562
  },
  {
    "pnl": 0.0,
    "date": "2023-04-04T00:00:00",
    "weekday": "Apr 2023",
    "netpnl": 17941.399562
  },
  {
    "pnl": 0.0,
    "date": "2023-04-05T00:00:00",
    "weekday": "Apr 2023",
    "netpnl": 36685.204316999996
  },
  {
    "pnl": 0.0,
    "date": "2023-04-06T00:00:00",
    "weekday": "Apr 2023",
    "netpnl": 87381.214829
  },
  {
    "pnl": 0.0,
    "date": "2023-04-07T00:00:00",
    "weekday": "Apr 2023",
    "netpnl": 87381.214829
  },
  {
    "pnl": 0.0,
    "date": "2023-04-08T00:00:00",
    "weekday": "Apr 2023",
    "netpnl": 87381.214829
  },
  {
    "pnl": 0.0,
    "date": "2023-04-09T00:00:00",
    "weekday": "Apr 2023",
    "netpnl": 87381.214829
  },
  {
    "pnl": -16281.621851999997,
    "date": "2023-04-10T00:00:00",
    "weekday": "Apr 2023",
    "netpnl": 71099.59297700001
  },
  {
    "pnl": -17057.10975399999,
    "date": "2023-04-11T00:00:00",
    "weekday": "Apr 2023",
    "netpnl": 70324.10507500001
  },
  {
    "pnl": -10080.933828999987,
    "date": "2023-04-12T00:00:00",
    "weekday": "Apr 2023",
    "netpnl": 77300.28100000002
  },
  {
    "pnl": -37019.98064999998,
    "date": "2023-04-13T00:00:00",
    "weekday": "Apr 2023",
    "netpnl": 50361.23417900002
  },
  {
    "pnl": -37019.98064999998,
    "date": "2023-04-14T00:00:00",
    "weekday": "Apr 2023",
    "netpnl": 50361.23417900002
  },
  {
    "pnl": -37019.98064999998,
    "date": "2023-04-15T00:00:00",
    "weekday": "Apr 2023",
    "netpnl": 50361.23417900002
  },
  {
    "pnl": -37019.98064999998,
    "date": "2023-04-16T00:00:00",
    "weekday": "Apr 2023",
    "netpnl": 50361.23417900002
  },
  {
    "pnl": -52638.63029699998,
    "date": "2023-04-17T00:00:00",
    "weekday": "Apr 2023",
    "netpnl": 34742.58453200002
  },
  {
    "pnl": -76222.37623699999,
    "date": "2023-04-18T00:00:00",
    "weekday": "Apr 2023",
    "netpnl": 11158.838592000022
  },
  {
    "pnl": -67019.88899199998,
    "date": "2023-04-19T00:00:00",
    "weekday": "Apr 2023",
    "netpnl": 20361.325837000022
  },
  {
    "pnl": -50342.05977699999,
    "date": "2023-04-20T00:00:00",
    "weekday": "Apr 2023",
    "netpnl": 37039.15505200002
  },
  {
    "pnl": -50342.05977699999,
    "date": "2023-04-21T00:00:00",
    "weekday": "Apr 2023",
    "netpnl": 37039.15505200002
  },
  {
    "pnl": -50342.05977699999,
    "date": "2023-04-22T00:00:00",
    "weekday": "Apr 2023",
    "netpnl": 37039.15505200002
  },
  {
    "pnl": -50342.05977699999,
    "date": "2023-04-23T00:00:00",
    "weekday": "Apr 2023",
    "netpnl": 37039.15505200002
  },
  {
    "pnl": -66919.67362699998,
    "date": "2023-04-24T00:00:00",
    "weekday": "Apr 2023",
    "netpnl": 20461.541202000015
  },
  {
    "pnl": -74937.23017199998,
    "date": "2023-04-25T00:00:00",
    "weekday": "Apr 2023",
    "netpnl": 12443.984657000015
  },
  {
    "pnl": -69443.99204499999,
    "date": "2023-04-26T00:00:00",
    "weekday": "Apr 2023",
    "netpnl": 17937.222784000016
  },
  {
    "pnl": -59719.42596599999,
    "date": "2023-04-27T00:00:00",
    "weekday": "Apr 2023",
    "netpnl": 27661.788863000016
  },
  {
    "pnl": -59719.42596599999,
    "date": "2023-04-28T00:00:00",
    "weekday": "Apr 2023",
    "netpnl": 27661.788863000016
  },
  {
    "pnl": -59719.42596599999,
    "date": "2023-04-29T00:00:00",
    "weekday": "Apr 2023",
    "netpnl": 27661.788863000016
  },
  {
    "pnl": -59719.42596599999,
    "date": "2023-04-30T00:00:00",
    "weekday": "Apr 2023",
    "netpnl": 27661.788863000016
  },
  {
    "pnl": -59719.42596599999,
    "date": "2023-05-01T00:00:00",
    "weekday": "May 2023",
    "netpnl": 27661.788863000016
  },
  {
    "pnl": -32553.40237199999,
    "date": "2023-05-02T00:00:00",
    "weekday": "May 2023",
    "netpnl": 54827.812457000015
  },
  {
    "pnl": -31301.28154699999,
    "date": "2023-05-03T00:00:00",
    "weekday": "May 2023",
    "netpnl": 56079.93328200001
  },
  {
    "pnl": -66028.68790199999,
    "date": "2023-05-04T00:00:00",
    "weekday": "May 2023",
    "netpnl": 21352.526927000014
  },
  {
    "pnl": -66028.68790199999,
    "date": "2023-05-05T00:00:00",
    "weekday": "May 2023",
    "netpnl": 21352.526927000014
  },
  {
    "pnl": -66028.68790199999,
    "date": "2023-05-06T00:00:00",
    "weekday": "May 2023",
    "netpnl": 21352.526927000014
  },
  {
    "pnl": -66028.68790199999,
    "date": "2023-05-07T00:00:00",
    "weekday": "May 2023",
    "netpnl": 21352.526927000014
  },
  {
    "pnl": -51566.90604299999,
    "date": "2023-05-08T00:00:00",
    "weekday": "May 2023",
    "netpnl": 35814.308786000016
  },
  {
    "pnl": -72963.10030299998,
    "date": "2023-05-09T00:00:00",
    "weekday": "May 2023",
    "netpnl": 14418.114526000016
  },
  {
    "pnl": -89163.65440399999,
    "date": "2023-05-10T00:00:00",
    "weekday": "May 2023",
    "netpnl": -1782.439574999984
  },
  {
    "pnl": -93123.69073999999,
    "date": "2023-05-11T00:00:00",
    "weekday": "May 2023",
    "netpnl": -5742.475910999983
  },
  {
    "pnl": -93123.69073999999,
    "date": "2023-05-12T00:00:00",
    "weekday": "May 2023",
    "netpnl": -5742.475910999983
  },
  {
    "pnl": -93123.69073999999,
    "date": "2023-05-13T00:00:00",
    "weekday": "May 2023",
    "netpnl": -5742.475910999983
  },
  {
    "pnl": -93123.69073999999,
    "date": "2023-05-14T00:00:00",
    "weekday": "May 2023",
    "netpnl": -5742.475910999983
  },
  {
    "pnl": -79735.00420199998,
    "date": "2023-05-15T00:00:00",
    "weekday": "May 2023",
    "netpnl": 7646.210627000017
  },
  {
    "pnl": -87280.20082799999,
    "date": "2023-05-16T00:00:00",
    "weekday": "May 2023",
    "netpnl": 101.01400100001683
  },
  {
    "pnl": -91341.04217999999,
    "date": "2023-05-17T00:00:00",
    "weekday": "May 2023",
    "netpnl": -3959.8273509999835
  },
  {
    "pnl": -132621.74386,
    "date": "2023-05-18T00:00:00",
    "weekday": "May 2023",
    "netpnl": -45240.529030999984
  },
  {
    "pnl": -132621.74386,
    "date": "2023-05-19T00:00:00",
    "weekday": "May 2023",
    "netpnl": -45240.529030999984
  },
  {
    "pnl": -132621.74386,
    "date": "2023-05-20T00:00:00",
    "weekday": "May 2023",
    "netpnl": -45240.529030999984
  },
  {
    "pnl": -132621.74386,
    "date": "2023-05-21T00:00:00",
    "weekday": "May 2023",
    "netpnl": -45240.529030999984
  },
  {
    "pnl": -157191.164415,
    "date": "2023-05-22T00:00:00",
    "weekday": "May 2023",
    "netpnl": -69809.94958599999
  },
  {
    "pnl": -137484.291396,
    "date": "2023-05-23T00:00:00",
    "weekday": "May 2023",
    "netpnl": -50103.07656699999
  },
  {
    "pnl": -163835.40882299998,
    "date": "2023-05-24T00:00:00",
    "weekday": "May 2023",
    "netpnl": -76454.19399399999
  },
  {
    "pnl": -140764.51197599998,
    "date": "2023-05-25T00:00:00",
    "weekday": "May 2023",
    "netpnl": -53383.29714699999
  },
  {
    "pnl": -140764.51197599998,
    "date": "2023-05-26T00:00:00",
    "weekday": "May 2023",
    "netpnl": -53383.29714699999
  },
  {
    "pnl": -140764.51197599998,
    "date": "2023-05-27T00:00:00",
    "weekday": "May 2023",
    "netpnl": -53383.29714699999
  },
  {
    "pnl": -140764.51197599998,
    "date": "2023-05-28T00:00:00",
    "weekday": "May 2023",
    "netpnl": -53383.29714699999
  },
  {
    "pnl": -153051.28028,
    "date": "2023-05-29T00:00:00",
    "weekday": "May 2023",
    "netpnl": -65670.06545099999
  },
  {
    "pnl": -117154.502348,
    "date": "2023-05-30T00:00:00",
    "weekday": "May 2023",
    "netpnl": -29773.28751899999
  },
  {
    "pnl": -132219.121009,
    "date": "2023-05-31T00:00:00",
    "weekday": "May 2023",
    "netpnl": -44837.90617999999
  },
  {
    "pnl": -79601.139831,
    "date": "2023-06-01T00:00:00",
    "weekday": "Jun 2023",
    "netpnl": 7780.074998000011
  },
  {
    "pnl": -79601.139831,
    "date": "2023-06-02T00:00:00",
    "weekday": "Jun 2023",
    "netpnl": 7780.074998000011
  },
  {
    "pnl": -79601.139831,
    "date": "2023-06-03T00:00:00",
    "weekday": "Jun 2023",
    "netpnl": 7780.074998000011
  },
  {
    "pnl": -79601.139831,
    "date": "2023-06-04T00:00:00",
    "weekday": "Jun 2023",
    "netpnl": 7780.074998000011
  },
  {
    "pnl": -52540.46328799999,
    "date": "2023-06-05T00:00:00",
    "weekday": "Jun 2023",
    "netpnl": 34840.75154100001
  },
  {
    "pnl": -13126.473022999999,
    "date": "2023-06-06T00:00:00",
    "weekday": "Jun 2023",
    "netpnl": 74254.741806
  },
  {
    "pnl": -4600.024609999993,
    "date": "2023-06-07T00:00:00",
    "weekday": "Jun 2023",
    "netpnl": 82781.19021900001
  },
  {
    "pnl": 0.0,
    "date": "2023-06-08T00:00:00",
    "weekday": "Jun 2023",
    "netpnl": 113301.188936
  },
  {
    "pnl": 0.0,
    "date": "2023-06-09T00:00:00",
    "weekday": "Jun 2023",
    "netpnl": 113301.188936
  },
  {
    "pnl": 0.0,
    "date": "2023-06-10T00:00:00",
    "weekday": "Jun 2023",
    "netpnl": 113301.188936
  },
  {
    "pnl": 0.0,
    "date": "2023-06-11T00:00:00",
    "weekday": "Jun 2023",
    "netpnl": 113301.188936
  },
  {
    "pnl": 0.0,
    "date": "2023-06-12T00:00:00",
    "weekday": "Jun 2023",
    "netpnl": 129850.04696200001
  },
  {
    "pnl": 0.0,
    "date": "2023-06-13T00:00:00",
    "weekday": "Jun 2023",
    "netpnl": 141690.945634
  },
  {
    "pnl": 0.0,
    "date": "2023-06-14T00:00:00",
    "weekday": "Jun 2023",
    "netpnl": 143897.893502
  },
  {
    "pnl": 0.0,
    "date": "2023-06-15T00:00:00",
    "weekday": "Jun 2023",
    "netpnl": 183426.353625
  },
  {
    "pnl": 0.0,
    "date": "2023-06-16T00:00:00",
    "weekday": "Jun 2023",
    "netpnl": 183426.353625
  },
  {
    "pnl": 0.0,
    "date": "2023-06-17T00:00:00",
    "weekday": "Jun 2023",
    "netpnl": 183426.353625
  },
  {
    "pnl": 0.0,
    "date": "2023-06-18T00:00:00",
    "weekday": "Jun 2023",
    "netpnl": 183426.353625
  },
  {
    "pnl": 0.0,
    "date": "2023-06-19T00:00:00",
    "weekday": "Jun 2023",
    "netpnl": 205271.464816
  },
  {
    "pnl": -10318.989215999987,
    "date": "2023-06-20T00:00:00",
    "weekday": "Jun 2023",
    "netpnl": 194952.4756
  },
  {
    "pnl": -24730.32705999998,
    "date": "2023-06-21T00:00:00",
    "weekday": "Jun 2023",
    "netpnl": 180541.137756
  },
  {
    "pnl": -36670.38788099997,
    "date": "2023-06-22T00:00:00",
    "weekday": "Jun 2023",
    "netpnl": 168601.07693500002
  },
  {
    "pnl": -36670.38788099997,
    "date": "2023-06-23T00:00:00",
    "weekday": "Jun 2023",
    "netpnl": 168601.07693500002
  },
  {
    "pnl": -36670.38788099997,
    "date": "2023-06-24T00:00:00",
    "weekday": "Jun 2023",
    "netpnl": 168601.07693500002
  },
  {
    "pnl": -36670.38788099997,
    "date": "2023-06-25T00:00:00",
    "weekday": "Jun 2023",
    "netpnl": 168601.07693500002
  },
  {
    "pnl": -30575.496858999977,
    "date": "2023-06-26T00:00:00",
    "weekday": "Jun 2023",
    "netpnl": 174695.96795700002
  },
  {
    "pnl": -14050.524653999979,
    "date": "2023-06-27T00:00:00",
    "weekday": "Jun 2023",
    "netpnl": 191220.940162
  },
  {
    "pnl": -9350.830018999986,
    "date": "2023-06-28T00:00:00",
    "weekday": "Jun 2023",
    "netpnl": 195920.634797
  },
  {
    "pnl": -9350.830018999986,
    "date": "2023-06-29T00:00:00",
    "weekday": "Jun 2023",
    "netpnl": 195920.634797
  },
  {
    "pnl": -9350.830018999986,
    "date": "2023-06-30T00:00:00",
    "weekday": "Jun 2023",
    "netpnl": 195920.634797
  },
  {
    "pnl": -9350.830018999986,
    "date": "2023-07-01T00:00:00",
    "weekday": "Jul 2023",
    "netpnl": 195920.634797
  },
  {
    "pnl": -9350.830018999986,
    "date": "2023-07-02T00:00:00",
    "weekday": "Jul 2023",
    "netpnl": 195920.634797
  },
  {
    "pnl": -25340.734116999985,
    "date": "2023-07-03T00:00:00",
    "weekday": "Jul 2023",
    "netpnl": 179930.730699
  },
  {
    "pnl": -39597.98120499999,
    "date": "2023-07-04T00:00:00",
    "weekday": "Jul 2023",
    "netpnl": 165673.483611
  },
  {
    "pnl": -10082.468751999986,
    "date": "2023-07-05T00:00:00",
    "weekday": "Jul 2023",
    "netpnl": 195188.996064
  },
  {
    "pnl": 0.0,
    "date": "2023-07-06T00:00:00",
    "weekday": "Jul 2023",
    "netpnl": 268445.520852
  },
  {
    "pnl": 0.0,
    "date": "2023-07-07T00:00:00",
    "weekday": "Jul 2023",
    "netpnl": 268445.520852
  },
  {
    "pnl": 0.0,
    "date": "2023-07-08T00:00:00",
    "weekday": "Jul 2023",
    "netpnl": 268445.520852
  },
  {
    "pnl": 0.0,
    "date": "2023-07-09T00:00:00",
    "weekday": "Jul 2023",
    "netpnl": 268445.520852
  },
  {
    "pnl": -20572.44595699999,
    "date": "2023-07-10T00:00:00",
    "weekday": "Jul 2023",
    "netpnl": 247873.074895
  },
  {
    "pnl": -8805.989726,
    "date": "2023-07-11T00:00:00",
    "weekday": "Jul 2023",
    "netpnl": 259639.531126
  },
  {
    "pnl": -30749.607571,
    "date": "2023-07-12T00:00:00",
    "weekday": "Jul 2023",
    "netpnl": 237695.913281
  },
  {
    "pnl": -48671.35904000001,
    "date": "2023-07-13T00:00:00",
    "weekday": "Jul 2023",
    "netpnl": 219774.16181199998
  },
  {
    "pnl": -48671.35904000001,
    "date": "2023-07-14T00:00:00",
    "weekday": "Jul 2023",
    "netpnl": 219774.16181199998
  },
  {
    "pnl": -48671.35904000001,
    "date": "2023-07-15T00:00:00",
    "weekday": "Jul 2023",
    "netpnl": 219774.16181199998
  },
  {
    "pnl": -48671.35904000001,
    "date": "2023-07-16T00:00:00",
    "weekday": "Jul 2023",
    "netpnl": 219774.16181199998
  },
  {
    "pnl": -44648.99000300001,
    "date": "2023-07-17T00:00:00",
    "weekday": "Jul 2023",
    "netpnl": 223796.53084899997
  },
  {
    "pnl": -59717.96629500002,
    "date": "2023-07-18T00:00:00",
    "weekday": "Jul 2023",
    "netpnl": 208727.55455699997
  },
  {
    "pnl": -26893.635356000013,
    "date": "2023-07-19T00:00:00",
    "weekday": "Jul 2023",
    "netpnl": 241551.88549599997
  },
  {
    "pnl": -63138.94869800002,
    "date": "2023-07-20T00:00:00",
    "weekday": "Jul 2023",
    "netpnl": 205306.57215399996
  },
  {
    "pnl": -63138.94869800002,
    "date": "2023-07-21T00:00:00",
    "weekday": "Jul 2023",
    "netpnl": 205306.57215399996
  },
  {
    "pnl": -63138.94869800002,
    "date": "2023-07-22T00:00:00",
    "weekday": "Jul 2023",
    "netpnl": 205306.57215399996
  },
  {
    "pnl": -63138.94869800002,
    "date": "2023-07-23T00:00:00",
    "weekday": "Jul 2023",
    "netpnl": 205306.57215399996
  },
  {
    "pnl": -89602.87750200002,
    "date": "2023-07-24T00:00:00",
    "weekday": "Jul 2023",
    "netpnl": 178842.64334999997
  },
  {
    "pnl": -101617.26002500003,
    "date": "2023-07-25T00:00:00",
    "weekday": "Jul 2023",
    "netpnl": 166828.26082699996
  },
  {
    "pnl": -93524.72223600003,
    "date": "2023-07-26T00:00:00",
    "weekday": "Jul 2023",
    "netpnl": 174920.79861599996
  },
  {
    "pnl": -70599.65715900002,
    "date": "2023-07-27T00:00:00",
    "weekday": "Jul 2023",
    "netpnl": 197845.86369299996
  },
  {
    "pnl": -70599.65715900002,
    "date": "2023-07-28T00:00:00",
    "weekday": "Jul 2023",
    "netpnl": 197845.86369299996
  },
  {
    "pnl": -70599.65715900002,
    "date": "2023-07-29T00:00:00",
    "weekday": "Jul 2023",
    "netpnl": 197845.86369299996
  },
  {
    "pnl": -70599.65715900002,
    "date": "2023-07-30T00:00:00",
    "weekday": "Jul 2023",
    "netpnl": 197845.86369299996
  },
  {
    "pnl": -41291.76706000001,
    "date": "2023-07-31T00:00:00",
    "weekday": "Jul 2023",
    "netpnl": 227153.75379199997
  },
  {
    "pnl": 0.0,
    "date": "2023-08-01T00:00:00",
    "weekday": "Aug 2023",
    "netpnl": 273015.108587
  },
  {
    "pnl": -19430.591401000012,
    "date": "2023-08-02T00:00:00",
    "weekday": "Aug 2023",
    "netpnl": 253584.51718599998
  },
  {
    "pnl": -14890.141212000017,
    "date": "2023-08-03T00:00:00",
    "weekday": "Aug 2023",
    "netpnl": 258124.96737499998
  },
  {
    "pnl": -14890.141212000017,
    "date": "2023-08-04T00:00:00",
    "weekday": "Aug 2023",
    "netpnl": 258124.96737499998
  },
  {
    "pnl": -14890.141212000017,
    "date": "2023-08-05T00:00:00",
    "weekday": "Aug 2023",
    "netpnl": 258124.96737499998
  },
  {
    "pnl": -14890.141212000017,
    "date": "2023-08-06T00:00:00",
    "weekday": "Aug 2023",
    "netpnl": 258124.96737499998
  },
  {
    "pnl": -41407.99695100001,
    "date": "2023-08-07T00:00:00",
    "weekday": "Aug 2023",
    "netpnl": 231607.111636
  },
  {
    "pnl": 0.0,
    "date": "2023-08-08T00:00:00",
    "weekday": "Aug 2023",
    "netpnl": 281992.377346
  },
  {
    "pnl": 0.0,
    "date": "2023-08-09T00:00:00",
    "weekday": "Aug 2023",
    "netpnl": 281992.377346
  },
  {
    "pnl": 0.0,
    "date": "2023-08-10T00:00:00",
    "weekday": "Aug 2023",
    "netpnl": 298798.665255
  },
  {
    "pnl": 0.0,
    "date": "2023-08-11T00:00:00",
    "weekday": "Aug 2023",
    "netpnl": 298798.665255
  },
  {
    "pnl": 0.0,
    "date": "2023-08-12T00:00:00",
    "weekday": "Aug 2023",
    "netpnl": 298798.665255
  },
  {
    "pnl": 0.0,
    "date": "2023-08-13T00:00:00",
    "weekday": "Aug 2023",
    "netpnl": 298798.665255
  },
  {
    "pnl": 0.0,
    "date": "2023-08-14T00:00:00",
    "weekday": "Aug 2023",
    "netpnl": 364362.277082
  },
  {
    "pnl": 0.0,
    "date": "2023-08-15T00:00:00",
    "weekday": "Aug 2023",
    "netpnl": 364362.277082
  },
  {
    "pnl": 0.0,
    "date": "2023-08-16T00:00:00",
    "weekday": "Aug 2023",
    "netpnl": 377953.384805
  },
  {
    "pnl": 0.0,
    "date": "2023-08-17T00:00:00",
    "weekday": "Aug 2023",
    "netpnl": 431604.81448099995
  },
  {
    "pnl": 0.0,
    "date": "2023-08-18T00:00:00",
    "weekday": "Aug 2023",
    "netpnl": 431604.81448099995
  },
  {
    "pnl": 0.0,
    "date": "2023-08-19T00:00:00",
    "weekday": "Aug 2023",
    "netpnl": 431604.81448099995
  },
  {
    "pnl": 0.0,
    "date": "2023-08-20T00:00:00",
    "weekday": "Aug 2023",
    "netpnl": 431604.81448099995
  },
  {
    "pnl": 0.0,
    "date": "2023-08-21T00:00:00",
    "weekday": "Aug 2023",
    "netpnl": 431604.81448099995
  },
  {
    "pnl": -5531.738722999988,
    "date": "2023-08-22T00:00:00",
    "weekday": "Aug 2023",
    "netpnl": 426073.07575799996
  },
  {
    "pnl": -8634.08957499999,
    "date": "2023-08-23T00:00:00",
    "weekday": "Aug 2023",
    "netpnl": 422970.72490599996
  },
  {
    "pnl": -13139.040891000011,
    "date": "2023-08-24T00:00:00",
    "weekday": "Aug 2023",
    "netpnl": 418465.77358999994
  },
  {
    "pnl": -13139.040891000011,
    "date": "2023-08-25T00:00:00",
    "weekday": "Aug 2023",
    "netpnl": 418465.77358999994
  },
  {
    "pnl": -13139.040891000011,
    "date": "2023-08-26T00:00:00",
    "weekday": "Aug 2023",
    "netpnl": 418465.77358999994
  },
  {
    "pnl": -13139.040891000011,
    "date": "2023-08-27T00:00:00",
    "weekday": "Aug 2023",
    "netpnl": 418465.77358999994
  },
  {
    "pnl": -2731.9684439999983,
    "date": "2023-08-28T00:00:00",
    "weekday": "Aug 2023",
    "netpnl": 428872.84603699995
  },
  {
    "pnl": 0.0,
    "date": "2023-08-29T00:00:00",
    "weekday": "Aug 2023",
    "netpnl": 487837.625753
  },
  {
    "pnl": -12291.757114999986,
    "date": "2023-08-30T00:00:00",
    "weekday": "Aug 2023",
    "netpnl": 475545.868638
  },
  {
    "pnl": 0.0,
    "date": "2023-08-31T00:00:00",
    "weekday": "Aug 2023",
    "netpnl": 542442.679283
  },
  {
    "pnl": 0.0,
    "date": "2023-09-01T00:00:00",
    "weekday": "Sep 2023",
    "netpnl": 542442.679283
  },
  {
    "pnl": 0.0,
    "date": "2023-09-02T00:00:00",
    "weekday": "Sep 2023",
    "netpnl": 542442.679283
  },
  {
    "pnl": 0.0,
    "date": "2023-09-03T00:00:00",
    "weekday": "Sep 2023",
    "netpnl": 542442.679283
  },
  {
    "pnl": 0.0,
    "date": "2023-09-04T00:00:00",
    "weekday": "Sep 2023",
    "netpnl": 542442.679283
  },
  {
    "pnl": 0.0,
    "date": "2023-09-05T00:00:00",
    "weekday": "Sep 2023",
    "netpnl": 596820.9889349999
  },
  {
    "pnl": 0.0,
    "date": "2023-09-06T00:00:00",
    "weekday": "Sep 2023",
    "netpnl": 617164.9622729999
  },
  {
    "pnl": -36711.44184500002,
    "date": "2023-09-07T00:00:00",
    "weekday": "Sep 2023",
    "netpnl": 580453.5204279999
  },
  {
    "pnl": -36711.44184500002,
    "date": "2023-09-08T00:00:00",
    "weekday": "Sep 2023",
    "netpnl": 580453.5204279999
  },
  {
    "pnl": -36711.44184500002,
    "date": "2023-09-09T00:00:00",
    "weekday": "Sep 2023",
    "netpnl": 580453.5204279999
  },
  {
    "pnl": -36711.44184500002,
    "date": "2023-09-10T00:00:00",
    "weekday": "Sep 2023",
    "netpnl": 580453.5204279999
  },
  {
    "pnl": -36711.44184500002,
    "date": "2023-09-11T00:00:00",
    "weekday": "Sep 2023",
    "netpnl": 580453.5204279999
  },
  {
    "pnl": -38777.37698399997,
    "date": "2023-09-12T00:00:00",
    "weekday": "Sep 2023",
    "netpnl": 578387.585289
  },
  {
    "pnl": -35987.61014799995,
    "date": "2023-09-13T00:00:00",
    "weekday": "Sep 2023",
    "netpnl": 581177.352125
  },
  {
    "pnl": 0.0,
    "date": "2023-09-14T00:00:00",
    "weekday": "Sep 2023",
    "netpnl": 626508.095217
  },
  {
    "pnl": 0.0,
    "date": "2023-09-15T00:00:00",
    "weekday": "Sep 2023",
    "netpnl": 626508.095217
  },
  {
    "pnl": 0.0,
    "date": "2023-09-16T00:00:00",
    "weekday": "Sep 2023",
    "netpnl": 626508.095217
  },
  {
    "pnl": 0.0,
    "date": "2023-09-17T00:00:00",
    "weekday": "Sep 2023",
    "netpnl": 626508.095217
  },
  {
    "pnl": -10785.877853999962,
    "date": "2023-09-18T00:00:00",
    "weekday": "Sep 2023",
    "netpnl": 615722.217363
  },
  {
    "pnl": -10785.877853999962,
    "date": "2023-09-19T00:00:00",
    "weekday": "Sep 2023",
    "netpnl": 615722.217363
  },
  {
    "pnl": -23178.921923000016,
    "date": "2023-09-20T00:00:00",
    "weekday": "Sep 2023",
    "netpnl": 603329.173294
  },
  {
    "pnl": 0.0,
    "date": "2023-09-21T00:00:00",
    "weekday": "Sep 2023",
    "netpnl": 666844.522981
  },
  {
    "pnl": 0.0,
    "date": "2023-09-22T00:00:00",
    "weekday": "Sep 2023",
    "netpnl": 666844.522981
  },
  {
    "pnl": 0.0,
    "date": "2023-09-23T00:00:00",
    "weekday": "Sep 2023",
    "netpnl": 666844.522981
  },
  {
    "pnl": 0.0,
    "date": "2023-09-24T00:00:00",
    "weekday": "Sep 2023",
    "netpnl": 666844.522981
  },
  {
    "pnl": 0.0,
    "date": "2023-09-25T00:00:00",
    "weekday": "Sep 2023",
    "netpnl": 666844.522981
  },
  {
    "pnl": -25057.21085100004,
    "date": "2023-09-26T00:00:00",
    "weekday": "Sep 2023",
    "netpnl": 641787.31213
  },
  {
    "pnl": -25057.21085100004,
    "date": "2023-09-27T00:00:00",
    "weekday": "Sep 2023",
    "netpnl": 641787.31213
  },
  {
    "pnl": -41961.92855000007,
    "date": "2023-09-28T00:00:00",
    "weekday": "Sep 2023",
    "netpnl": 624882.594431
  },
  {
    "pnl": -41961.92855000007,
    "date": "2023-09-29T00:00:00",
    "weekday": "Sep 2023",
    "netpnl": 624882.594431
  },
  {
    "pnl": -41961.92855000007,
    "date": "2023-09-30T00:00:00",
    "weekday": "Sep 2023",
    "netpnl": 624882.594431
  },
  {
    "pnl": -41961.92855000007,
    "date": "2023-10-01T00:00:00",
    "weekday": "Oct 2023",
    "netpnl": 624882.594431
  },
  {
    "pnl": -41961.92855000007,
    "date": "2023-10-02T00:00:00",
    "weekday": "Oct 2023",
    "netpnl": 624882.594431
  },
  {
    "pnl": -27005.646375000128,
    "date": "2023-10-03T00:00:00",
    "weekday": "Oct 2023",
    "netpnl": 639838.8766059999
  },
  {
    "pnl": 0.0,
    "date": "2023-10-04T00:00:00",
    "weekday": "Oct 2023",
    "netpnl": 671759.3363999999
  },
  {
    "pnl": 0.0,
    "date": "2023-10-05T00:00:00",
    "weekday": "Oct 2023",
    "netpnl": 717333.9621569999
  },
  {
    "pnl": 0.0,
    "date": "2023-10-06T00:00:00",
    "weekday": "Oct 2023",
    "netpnl": 717333.9621569999
  },
  {
    "pnl": 0.0,
    "date": "2023-10-07T00:00:00",
    "weekday": "Oct 2023",
    "netpnl": 717333.9621569999
  },
  {
    "pnl": 0.0,
    "date": "2023-10-08T00:00:00",
    "weekday": "Oct 2023",
    "netpnl": 717333.9621569999
  },
  {
    "pnl": 0.0,
    "date": "2023-10-09T00:00:00",
    "weekday": "Oct 2023",
    "netpnl": 717333.9621569999
  },
  {
    "pnl": 0.0,
    "date": "2023-10-10T00:00:00",
    "weekday": "Oct 2023",
    "netpnl": 815484.5900789999
  },
  {
    "pnl": -10223.56213700003,
    "date": "2023-10-11T00:00:00",
    "weekday": "Oct 2023",
    "netpnl": 805261.0279419998
  },
  {
    "pnl": 0.0,
    "date": "2023-10-12T00:00:00",
    "weekday": "Oct 2023",
    "netpnl": 832632.8421779998
  },
  {
    "pnl": 0.0,
    "date": "2023-10-13T00:00:00",
    "weekday": "Oct 2023",
    "netpnl": 832632.8421779998
  },
  {
    "pnl": 0.0,
    "date": "2023-10-14T00:00:00",
    "weekday": "Oct 2023",
    "netpnl": 832632.8421779998
  },
  {
    "pnl": 0.0,
    "date": "2023-10-15T00:00:00",
    "weekday": "Oct 2023",
    "netpnl": 832632.8421779998
  },
  {
    "pnl": 0.0,
    "date": "2023-10-16T00:00:00",
    "weekday": "Oct 2023",
    "netpnl": 832632.8421779998
  },
  {
    "pnl": 0.0,
    "date": "2023-10-17T00:00:00",
    "weekday": "Oct 2023",
    "netpnl": 921079.9372709998
  },
  {
    "pnl": 0.0,
    "date": "2023-10-18T00:00:00",
    "weekday": "Oct 2023",
    "netpnl": 935027.0636419997
  },
  {
    "pnl": 0.0,
    "date": "2023-10-19T00:00:00",
    "weekday": "Oct 2023",
    "netpnl": 949955.8581519998
  },
  {
    "pnl": 0.0,
    "date": "2023-10-20T00:00:00",
    "weekday": "Oct 2023",
    "netpnl": 949955.8581519998
  },
  {
    "pnl": 0.0,
    "date": "2023-10-21T00:00:00",
    "weekday": "Oct 2023",
    "netpnl": 949955.8581519998
  },
  {
    "pnl": 0.0,
    "date": "2023-10-22T00:00:00",
    "weekday": "Oct 2023",
    "netpnl": 949955.8581519998
  },
  {
    "pnl": 0.0,
    "date": "2023-10-23T00:00:00",
    "weekday": "Oct 2023",
    "netpnl": 974413.8843169998
  },
  {
    "pnl": 0.0,
    "date": "2023-10-24T00:00:00",
    "weekday": "Oct 2023",
    "netpnl": 974413.8843169998
  },
  {
    "pnl": 0.0,
    "date": "2023-10-25T00:00:00",
    "weekday": "Oct 2023",
    "netpnl": 974413.8843169998
  },
  {
    "pnl": -20928.103775999974,
    "date": "2023-10-26T00:00:00",
    "weekday": "Oct 2023",
    "netpnl": 953485.7805409998
  },
  {
    "pnl": -20928.103775999974,
    "date": "2023-10-27T00:00:00",
    "weekday": "Oct 2023",
    "netpnl": 953485.7805409998
  },
  {
    "pnl": -20928.103775999974,
    "date": "2023-10-28T00:00:00",
    "weekday": "Oct 2023",
    "netpnl": 953485.7805409998
  },
  {
    "pnl": -20928.103775999974,
    "date": "2023-10-29T00:00:00",
    "weekday": "Oct 2023",
    "netpnl": 953485.7805409998
  },
  {
    "pnl": 0.0,
    "date": "2023-10-30T00:00:00",
    "weekday": "Oct 2023",
    "netpnl": 981687.2288019998
  },
  {
    "pnl": 0.0,
    "date": "2023-10-31T00:00:00",
    "weekday": "Oct 2023",
    "netpnl": 998217.7780229999
  },
  {
    "pnl": 0.0,
    "date": "2023-11-01T00:00:00",
    "weekday": "Nov 2023",
    "netpnl": 1132583.071209
  },
  {
    "pnl": 0.0,
    "date": "2023-11-02T00:00:00",
    "weekday": "Nov 2023",
    "netpnl": 1166338.478232
  },
  {
    "pnl": 0.0,
    "date": "2023-11-03T00:00:00",
    "weekday": "Nov 2023",
    "netpnl": 1166338.478232
  },
  {
    "pnl": 0.0,
    "date": "2023-11-04T00:00:00",
    "weekday": "Nov 2023",
    "netpnl": 1166338.478232
  },
  {
    "pnl": 0.0,
    "date": "2023-11-05T00:00:00",
    "weekday": "Nov 2023",
    "netpnl": 1166338.478232
  },
  {
    "pnl": 0.0,
    "date": "2023-11-06T00:00:00",
    "weekday": "Nov 2023",
    "netpnl": 1199667.524848
  },
  {
    "pnl": -88951.21986000007,
    "date": "2023-11-07T00:00:00",
    "weekday": "Nov 2023",
    "netpnl": 1110716.3049879998
  },
  {
    "pnl": -49013.850390000036,
    "date": "2023-11-08T00:00:00",
    "weekday": "Nov 2023",
    "netpnl": 1150653.6744579999
  },
  {
    "pnl": 0.0,
    "date": "2023-11-09T00:00:00",
    "weekday": "Nov 2023",
    "netpnl": 1255005.015221
  },
  {
    "pnl": 0.0,
    "date": "2023-11-10T00:00:00",
    "weekday": "Nov 2023",
    "netpnl": 1255005.015221
  },
  {
    "pnl": 0.0,
    "date": "2023-11-11T00:00:00",
    "weekday": "Nov 2023",
    "netpnl": 1255005.015221
  },
  {
    "pnl": 0.0,
    "date": "2023-11-12T00:00:00",
    "weekday": "Nov 2023",
    "netpnl": 1255005.015221
  },
  {
    "pnl": 0.0,
    "date": "2023-11-13T00:00:00",
    "weekday": "Nov 2023",
    "netpnl": 1278067.148001
  },
  {
    "pnl": 0.0,
    "date": "2023-11-14T00:00:00",
    "weekday": "Nov 2023",
    "netpnl": 1278067.148001
  },
  {
    "pnl": 0.0,
    "date": "2023-11-15T00:00:00",
    "weekday": "Nov 2023",
    "netpnl": 1379353.69644
  },
  {
    "pnl": -21881.625945999986,
    "date": "2023-11-16T00:00:00",
    "weekday": "Nov 2023",
    "netpnl": 1357472.070494
  },
  {
    "pnl": -21881.625945999986,
    "date": "2023-11-17T00:00:00",
    "weekday": "Nov 2023",
    "netpnl": 1357472.070494
  },
  {
    "pnl": -21881.625945999986,
    "date": "2023-11-18T00:00:00",
    "weekday": "Nov 2023",
    "netpnl": 1357472.070494
  },
  {
    "pnl": -21881.625945999986,
    "date": "2023-11-19T00:00:00",
    "weekday": "Nov 2023",
    "netpnl": 1357472.070494
  },
  {
    "pnl": -49009.769040999934,
    "date": "2023-11-20T00:00:00",
    "weekday": "Nov 2023",
    "netpnl": 1330343.9273990002
  },
  {
    "pnl": 0.0,
    "date": "2023-11-21T00:00:00",
    "weekday": "Nov 2023",
    "netpnl": 1417082.0756340001
  },
  {
    "pnl": 0.0,
    "date": "2023-11-22T00:00:00",
    "weekday": "Nov 2023",
    "netpnl": 1464025.4746430002
  },
  {
    "pnl": 0.0,
    "date": "2023-11-23T00:00:00",
    "weekday": "Nov 2023",
    "netpnl": 1512705.0658090003
  },
  {
    "pnl": 0.0,
    "date": "2023-11-24T00:00:00",
    "weekday": "Nov 2023",
    "netpnl": 1563800.1260360002
  },
  {
    "pnl": 0.0,
    "date": "2023-11-25T00:00:00",
    "weekday": "Nov 2023",
    "netpnl": 1563800.1260360002
  },
  {
    "pnl": 0.0,
    "date": "2023-11-26T00:00:00",
    "weekday": "Nov 2023",
    "netpnl": 1563800.1260360002
  },
  {
    "pnl": 0.0,
    "date": "2023-11-27T00:00:00",
    "weekday": "Nov 2023",
    "netpnl": 1563800.1260360002
  },
  {
    "pnl": -1968.5917410000693,
    "date": "2023-11-28T00:00:00",
    "weekday": "Nov 2023",
    "netpnl": 1561831.5342950001
  },
  {
    "pnl": -1968.5917410000693,
    "date": "2023-11-29T00:00:00",
    "weekday": "Nov 2023",
    "netpnl": 1561831.5342950001
  },
  {
    "pnl": -9785.073371000122,
    "date": "2023-11-30T00:00:00",
    "weekday": "Nov 2023",
    "netpnl": 1554015.052665
  },
  {
    "pnl": -9785.073371000122,
    "date": "2023-12-01T00:00:00",
    "weekday": "Dec 2023",
    "netpnl": 1554015.052665
  },
  {
    "pnl": -9785.073371000122,
    "date": "2023-12-02T00:00:00",
    "weekday": "Dec 2023",
    "netpnl": 1554015.052665
  },
  {
    "pnl": -9785.073371000122,
    "date": "2023-12-03T00:00:00",
    "weekday": "Dec 2023",
    "netpnl": 1554015.052665
  },
  {
    "pnl": -54926.428928000154,
    "date": "2023-12-04T00:00:00",
    "weekday": "Dec 2023",
    "netpnl": 1508873.697108
  },
  {
    "pnl": -41844.30049000005,
    "date": "2023-12-05T00:00:00",
    "weekday": "Dec 2023",
    "netpnl": 1521955.8255460002
  },
  {
    "pnl": -35494.026849000016,
    "date": "2023-12-06T00:00:00",
    "weekday": "Dec 2023",
    "netpnl": 1528306.0991870002
  },
  {
    "pnl": 0.0,
    "date": "2023-12-07T00:00:00",
    "weekday": "Dec 2023",
    "netpnl": 1611128.2505420002
  },
  {
    "pnl": 0.0,
    "date": "2023-12-08T00:00:00",
    "weekday": "Dec 2023",
    "netpnl": 1611128.2505420002
  },
  {
    "pnl": 0.0,
    "date": "2023-12-09T00:00:00",
    "weekday": "Dec 2023",
    "netpnl": 1611128.2505420002
  },
  {
    "pnl": 0.0,
    "date": "2023-12-10T00:00:00",
    "weekday": "Dec 2023",
    "netpnl": 1611128.2505420002
  },
  {
    "pnl": -46876.91578599997,
    "date": "2023-12-11T00:00:00",
    "weekday": "Dec 2023",
    "netpnl": 1564251.3347560002
  },
  {
    "pnl": -29932.048332999926,
    "date": "2023-12-12T00:00:00",
    "weekday": "Dec 2023",
    "netpnl": 1581196.2022090002
  },
  {
    "pnl": 0.0,
    "date": "2023-12-13T00:00:00",
    "weekday": "Dec 2023",
    "netpnl": 1618107.7507350002
  },
  {
    "pnl": -40839.66583500011,
    "date": "2023-12-14T00:00:00",
    "weekday": "Dec 2023",
    "netpnl": 1577268.0849000001
  },
  {
    "pnl": -40839.66583500011,
    "date": "2023-12-15T00:00:00",
    "weekday": "Dec 2023",
    "netpnl": 1577268.0849000001
  },
  {
    "pnl": -40839.66583500011,
    "date": "2023-12-16T00:00:00",
    "weekday": "Dec 2023",
    "netpnl": 1577268.0849000001
  },
  {
    "pnl": -40839.66583500011,
    "date": "2023-12-17T00:00:00",
    "weekday": "Dec 2023",
    "netpnl": 1577268.0849000001
  },
  {
    "pnl": -35769.52665600018,
    "date": "2023-12-18T00:00:00",
    "weekday": "Dec 2023",
    "netpnl": 1582338.224079
  },
  {
    "pnl": -11716.402208000189,
    "date": "2023-12-19T00:00:00",
    "weekday": "Dec 2023",
    "netpnl": 1606391.348527
  },
  {
    "pnl": 0.0,
    "date": "2023-12-20T00:00:00",
    "weekday": "Dec 2023",
    "netpnl": 1625498.9697180002
  },
  {
    "pnl": -670.9003449999727,
    "date": "2023-12-21T00:00:00",
    "weekday": "Dec 2023",
    "netpnl": 1624828.0693730002
  },
  {
    "pnl": 0.0,
    "date": "2023-12-22T00:00:00",
    "weekday": "Dec 2023",
    "netpnl": 1631117.7260430001
  },
  {
    "pnl": 0.0,
    "date": "2023-12-23T00:00:00",
    "weekday": "Dec 2023",
    "netpnl": 1631117.7260430001
  },
  {
    "pnl": 0.0,
    "date": "2023-12-24T00:00:00",
    "weekday": "Dec 2023",
    "netpnl": 1631117.7260430001
  },
  {
    "pnl": 0.0,
    "date": "2023-12-25T00:00:00",
    "weekday": "Dec 2023",
    "netpnl": 1631117.7260430001
  },
  {
    "pnl": -98728.06027700007,
    "date": "2023-12-26T00:00:00",
    "weekday": "Dec 2023",
    "netpnl": 1532389.665766
  },
  {
    "pnl": -98728.06027700007,
    "date": "2023-12-27T00:00:00",
    "weekday": "Dec 2023",
    "netpnl": 1532389.665766
  },
  {
    "pnl": -51777.06076100003,
    "date": "2023-12-28T00:00:00",
    "weekday": "Dec 2023",
    "netpnl": 1579340.665282
  },
  {
    "pnl": -51777.06076100003,
    "date": "2023-12-29T00:00:00",
    "weekday": "Dec 2023",
    "netpnl": 1579340.665282
  },
  {
    "pnl": -51777.06076100003,
    "date": "2023-12-30T00:00:00",
    "weekday": "Dec 2023",
    "netpnl": 1579340.665282
  },
  {
    "pnl": -51777.06076100003,
    "date": "2023-12-31T00:00:00",
    "weekday": "Dec 2023",
    "netpnl": 1579340.665282
  },
  {
    "pnl": -29584.373980999924,
    "date": "2024-01-01T00:00:00",
    "weekday": "Jan 2024",
    "netpnl": 1601533.3520620002
  },
  {
    "pnl": 0.0,
    "date": "2024-01-02T00:00:00",
    "weekday": "Jan 2024",
    "netpnl": 1651403.8905360003
  },
  {
    "pnl": 0.0,
    "date": "2024-01-03T00:00:00",
    "weekday": "Jan 2024",
    "netpnl": 1657315.1849510001
  },
  {
    "pnl": 0.0,
    "date": "2024-01-04T00:00:00",
    "weekday": "Jan 2024",
    "netpnl": 1731344.080515
  },
  {
    "pnl": 0.0,
    "date": "2024-01-05T00:00:00",
    "weekday": "Jan 2024",
    "netpnl": 1731344.080515
  },
  {
    "pnl": 0.0,
    "date": "2024-01-06T00:00:00",
    "weekday": "Jan 2024",
    "netpnl": 1731344.080515
  },
  {
    "pnl": 0.0,
    "date": "2024-01-07T00:00:00",
    "weekday": "Jan 2024",
    "netpnl": 1731344.080515
  },
  {
    "pnl": -8778.57100700005,
    "date": "2024-01-08T00:00:00",
    "weekday": "Jan 2024",
    "netpnl": 1722565.509508
  },
  {
    "pnl": -43313.22951600002,
    "date": "2024-01-09T00:00:00",
    "weekday": "Jan 2024",
    "netpnl": 1688030.850999
  },
  {
    "pnl": -98354.64710099995,
    "date": "2024-01-10T00:00:00",
    "weekday": "Jan 2024",
    "netpnl": 1632989.433414
  },
  {
    "pnl": -71101.70582300005,
    "date": "2024-01-11T00:00:00",
    "weekday": "Jan 2024",
    "netpnl": 1660242.374692
  },
  {
    "pnl": -71101.70582300005,
    "date": "2024-01-12T00:00:00",
    "weekday": "Jan 2024",
    "netpnl": 1660242.374692
  },
  {
    "pnl": -71101.70582300005,
    "date": "2024-01-13T00:00:00",
    "weekday": "Jan 2024",
    "netpnl": 1660242.374692
  },
  {
    "pnl": -71101.70582300005,
    "date": "2024-01-14T00:00:00",
    "weekday": "Jan 2024",
    "netpnl": 1660242.374692
  },
  {
    "pnl": -11384.250159000047,
    "date": "2024-01-15T00:00:00",
    "weekday": "Jan 2024",
    "netpnl": 1719959.830356
  },
  {
    "pnl": -80620.73272700002,
    "date": "2024-01-16T00:00:00",
    "weekday": "Jan 2024",
    "netpnl": 1650723.347788
  },
  {
    "pnl": -84744.38471299992,
    "date": "2024-01-17T00:00:00",
    "weekday": "Jan 2024",
    "netpnl": 1646599.6958020001
  },
  {
    "pnl": -133210.5560669999,
    "date": "2024-01-18T00:00:00",
    "weekday": "Jan 2024",
    "netpnl": 1598133.5244480001
  },
  {
    "pnl": -133210.5560669999,
    "date": "2024-01-19T00:00:00",
    "weekday": "Jan 2024",
    "netpnl": 1598133.5244480001
  },
  {
    "pnl": -133210.5560669999,
    "date": "2024-01-20T00:00:00",
    "weekday": "Jan 2024",
    "netpnl": 1598133.5244480001
  },
  {
    "pnl": -133210.5560669999,
    "date": "2024-01-21T00:00:00",
    "weekday": "Jan 2024",
    "netpnl": 1598133.5244480001
  },
  {
    "pnl": -133210.5560669999,
    "date": "2024-01-22T00:00:00",
    "weekday": "Jan 2024",
    "netpnl": 1598133.5244480001
  },
  {
    "pnl": -102227.22752099996,
    "date": "2024-01-23T00:00:00",
    "weekday": "Jan 2024",
    "netpnl": 1629116.852994
  },
  {
    "pnl": -102227.22752099996,
    "date": "2024-01-24T00:00:00",
    "weekday": "Jan 2024",
    "netpnl": 1629116.852994
  },
  {
    "pnl": -115972.64870500006,
    "date": "2024-01-25T00:00:00",
    "weekday": "Jan 2024",
    "netpnl": 1615371.43181
  },
  {
    "pnl": -115972.64870500006,
    "date": "2024-01-26T00:00:00",
    "weekday": "Jan 2024",
    "netpnl": 1615371.43181
  },
  {
    "pnl": -115972.64870500006,
    "date": "2024-01-27T00:00:00",
    "weekday": "Jan 2024",
    "netpnl": 1615371.43181
  },
  {
    "pnl": -115972.64870500006,
    "date": "2024-01-28T00:00:00",
    "weekday": "Jan 2024",
    "netpnl": 1615371.43181
  },
  {
    "pnl": -204955.104176,
    "date": "2024-01-29T00:00:00",
    "weekday": "Jan 2024",
    "netpnl": 1526388.976339
  },
  {
    "pnl": -168720.09207500005,
    "date": "2024-01-30T00:00:00",
    "weekday": "Jan 2024",
    "netpnl": 1562623.98844
  },
  {
    "pnl": -169846.65251299995,
    "date": "2024-01-31T00:00:00",
    "weekday": "Jan 2024",
    "netpnl": 1561497.428002
  },
  {
    "pnl": -62223.35282899998,
    "date": "2024-02-01T00:00:00",
    "weekday": "Feb 2024",
    "netpnl": 1669120.727686
  },
  {
    "pnl": -62223.35282899998,
    "date": "2024-02-02T00:00:00",
    "weekday": "Feb 2024",
    "netpnl": 1669120.727686
  },
  {
    "pnl": -62223.35282899998,
    "date": "2024-02-03T00:00:00",
    "weekday": "Feb 2024",
    "netpnl": 1669120.727686
  },
  {
    "pnl": -62223.35282899998,
    "date": "2024-02-04T00:00:00",
    "weekday": "Feb 2024",
    "netpnl": 1669120.727686
  },
  {
    "pnl": -113790.66481900006,
    "date": "2024-02-05T00:00:00",
    "weekday": "Feb 2024",
    "netpnl": 1617553.415696
  },
  {
    "pnl": -55916.95549100009,
    "date": "2024-02-06T00:00:00",
    "weekday": "Feb 2024",
    "netpnl": 1675427.125024
  },
  {
    "pnl": -55321.177305000136,
    "date": "2024-02-07T00:00:00",
    "weekday": "Feb 2024",
    "netpnl": 1676022.90321
  },
  {
    "pnl": -60242.85202800017,
    "date": "2024-02-08T00:00:00",
    "weekday": "Feb 2024",
    "netpnl": 1671101.2284869999
  },
  {
    "pnl": -60242.85202800017,
    "date": "2024-02-09T00:00:00",
    "weekday": "Feb 2024",
    "netpnl": 1671101.2284869999
  },
  {
    "pnl": -60242.85202800017,
    "date": "2024-02-10T00:00:00",
    "weekday": "Feb 2024",
    "netpnl": 1671101.2284869999
  },
  {
    "pnl": -60242.85202800017,
    "date": "2024-02-11T00:00:00",
    "weekday": "Feb 2024",
    "netpnl": 1671101.2284869999
  },
  {
    "pnl": -29571.14077100018,
    "date": "2024-02-12T00:00:00",
    "weekday": "Feb 2024",
    "netpnl": 1701772.9397439999
  },
  {
    "pnl": 0.0,
    "date": "2024-02-13T00:00:00",
    "weekday": "Feb 2024",
    "netpnl": 1742054.689664
  },
  {
    "pnl": -16588.014367999975,
    "date": "2024-02-14T00:00:00",
    "weekday": "Feb 2024",
    "netpnl": 1725466.675296
  },
  {
    "pnl": 0.0,
    "date": "2024-02-15T00:00:00",
    "weekday": "Feb 2024",
    "netpnl": 1821711.053107
  },
  {
    "pnl": 0.0,
    "date": "2024-02-16T00:00:00",
    "weekday": "Feb 2024",
    "netpnl": 1821711.053107
  },
  {
    "pnl": 0.0,
    "date": "2024-02-17T00:00:00",
    "weekday": "Feb 2024",
    "netpnl": 1821711.053107
  },
  {
    "pnl": 0.0,
    "date": "2024-02-18T00:00:00",
    "weekday": "Feb 2024",
    "netpnl": 1821711.053107
  },
  {
    "pnl": 0.0,
    "date": "2024-02-19T00:00:00",
    "weekday": "Feb 2024",
    "netpnl": 1846891.598421
  },
  {
    "pnl": 0.0,
    "date": "2024-02-20T00:00:00",
    "weekday": "Feb 2024",
    "netpnl": 1896417.187915
  },
  {
    "pnl": 0.0,
    "date": "2024-02-21T00:00:00",
    "weekday": "Feb 2024",
    "netpnl": 1930141.718798
  },
  {
    "pnl": 0.0,
    "date": "2024-02-22T00:00:00",
    "weekday": "Feb 2024",
    "netpnl": 1943178.3330019999
  },
  {
    "pnl": 0.0,
    "date": "2024-02-23T00:00:00",
    "weekday": "Feb 2024",
    "netpnl": 1943178.3330019999
  },
  {
    "pnl": 0.0,
    "date": "2024-02-24T00:00:00",
    "weekday": "Feb 2024",
    "netpnl": 1943178.3330019999
  },
  {
    "pnl": 0.0,
    "date": "2024-02-25T00:00:00",
    "weekday": "Feb 2024",
    "netpnl": 1943178.3330019999
  },
  {
    "pnl": 0.0,
    "date": "2024-02-26T00:00:00",
    "weekday": "Feb 2024",
    "netpnl": 1961447.85053
  },
  {
    "pnl": 0.0,
    "date": "2024-02-27T00:00:00",
    "weekday": "Feb 2024",
    "netpnl": 2092491.512874
  },
  {
    "pnl": 0.0,
    "date": "2024-02-28T00:00:00",
    "weekday": "Feb 2024",
    "netpnl": 2092491.512874
  },
  {
    "pnl": -137198.8657160001,
    "date": "2024-02-29T00:00:00",
    "weekday": "Feb 2024",
    "netpnl": 1955292.647158
  },
  {
    "pnl": -137198.8657160001,
    "date": "2024-03-01T00:00:00",
    "weekday": "Mar 2024",
    "netpnl": 1955292.647158
  },
  {
    "pnl": -137198.8657160001,
    "date": "2024-03-02T00:00:00",
    "weekday": "Mar 2024",
    "netpnl": 1955292.647158
  },
  {
    "pnl": -137198.8657160001,
    "date": "2024-03-03T00:00:00",
    "weekday": "Mar 2024",
    "netpnl": 1955292.647158
  },
  {
    "pnl": -102183.61760700005,
    "date": "2024-03-04T00:00:00",
    "weekday": "Mar 2024",
    "netpnl": 1990307.895267
  },
  {
    "pnl": -143819.34441000014,
    "date": "2024-03-05T00:00:00",
    "weekday": "Mar 2024",
    "netpnl": 1948672.1684639999
  },
  {
    "pnl": -144439.09430000023,
    "date": "2024-03-06T00:00:00",
    "weekday": "Mar 2024",
    "netpnl": 1948052.4185739998
  },
  {
    "pnl": -40563.34951700014,
    "date": "2024-03-07T00:00:00",
    "weekday": "Mar 2024",
    "netpnl": 2051928.1633569999
  },
  {
    "pnl": -40563.34951700014,
    "date": "2024-03-08T00:00:00",
    "weekday": "Mar 2024",
    "netpnl": 2051928.1633569999
  },
  {
    "pnl": -40563.34951700014,
    "date": "2024-03-09T00:00:00",
    "weekday": "Mar 2024",
    "netpnl": 2051928.1633569999
  },
  {
    "pnl": -40563.34951700014,
    "date": "2024-03-10T00:00:00",
    "weekday": "Mar 2024",
    "netpnl": 2051928.1633569999
  },
  {
    "pnl": 0.0,
    "date": "2024-03-11T00:00:00",
    "weekday": "Mar 2024",
    "netpnl": 2128578.85456
  },
  {
    "pnl": 0.0,
    "date": "2024-03-12T00:00:00",
    "weekday": "Mar 2024",
    "netpnl": 2242392.922266
  },
  {
    "pnl": 0.0,
    "date": "2024-03-13T00:00:00",
    "weekday": "Mar 2024",
    "netpnl": 2289823.608091
  },
  {
    "pnl": 0.0,
    "date": "2024-03-14T00:00:00",
    "weekday": "Mar 2024",
    "netpnl": 2370594.935665
  },
  {
    "pnl": 0.0,
    "date": "2024-03-15T00:00:00",
    "weekday": "Mar 2024",
    "netpnl": 2370594.935665
  },
  {
    "pnl": 0.0,
    "date": "2024-03-16T00:00:00",
    "weekday": "Mar 2024",
    "netpnl": 2370594.935665
  },
  {
    "pnl": 0.0,
    "date": "2024-03-17T00:00:00",
    "weekday": "Mar 2024",
    "netpnl": 2370594.935665
  },
  {
    "pnl": -8214.648405000102,
    "date": "2024-03-18T00:00:00",
    "weekday": "Mar 2024",
    "netpnl": 2362380.28726
  },
  {
    "pnl": -69932.63639400015,
    "date": "2024-03-19T00:00:00",
    "weekday": "Mar 2024",
    "netpnl": 2300662.299271
  },
  {
    "pnl": -94560.10900000017,
    "date": "2024-03-20T00:00:00",
    "weekday": "Mar 2024",
    "netpnl": 2276034.826665
  }
]