[
  {
    "pnl": 0.0,
    "date": "2023-04-01T00:00:00",
    "weekday": "Apr 2023",
    "netpnl": 27661.788862999994
  },
  {
    "pnl": -72499.69504300001,
    "date": "2023-05-01T00:00:00",
    "weekday": "May 2023",
    "netpnl": -44837.90618000002
  },
  {
    "pnl": 0.0,
    "date": "2023-06-01T00:00:00",
    "weekday": "Jun 2023",
    "netpnl": 195920.63479699998
  },
  {
    "pnl": 0.0,
    "date": "2023-07-01T00:00:00",
    "weekday": "Jul 2023",
    "netpnl": 227153.75379199997
  },
  {
    "pnl": 0.0,
    "date": "2023-08-01T00:00:00",
    "weekday": "Aug 2023",
    "netpnl": 542442.679283
  },
  {
    "pnl": 0.0,
    "date": "2023-09-01T00:00:00",
    "weekday": "Sep 2023",
    "netpnl": 624882.594431
  },
  {
    "pnl": 0.0,
    "date": "2023-10-01T00:00:00",
    "weekday": "Oct 2023",
    "netpnl": 998217.7780229999
  },
  {
    "pnl": 0.0,
    "date": "2023-11-01T00:00:00",
    "weekday": "Nov 2023",
    "netpnl": 1554015.0526649999
  },
  {
    "pnl": 0.0,
    "date": "2023-12-01T00:00:00",
    "weekday": "Dec 2023",
    "netpnl": 1579340.6652819999
  },
  {
    "pnl": -17843.23728,
    "date": "2024-01-01T00:00:00",
    "weekday": "Jan 2024",
    "netpnl": 1561497.4280019999
  },
  {
    "pnl": 0.0,
    "date": "2024-02-01T00:00:00",
    "weekday": "Feb 2024",
    "netpnl": 1955292.6471579997
  },
  {
    "pnl": 0.0,
    "date": "2024-03-01T00:00:00",
    "weekday": "Mar 2024",
    "netpnl": 2276034.8266649996
  }
]