{
  "capital": 0.0,
  "totaltradingdays": 181,
  "windays": 109,
  "lossdays": 72,
  "maxwinningstreakdays": 10,
  "maxlosingstreakdays": 4,
  "maxdddays": 59,
  "maxdddaysstr": "09/04/2023 to 07/06/2023",
  "rewardtorisk": 0.0,
  "winrate": 60.22099447513812,
  "lossrate": 39.77900552486188,
  "avgmonthlyprofit": 142252.1766665625,
  "totalprofit": 2276034.826665,
  "maxprofitaday": 134365.29,
  "maxlossaday": -137198.87,
  "avgprofit_lossdaily": 6411.365746478876,
  "avgprofitonprofitdays": 37302.73706422017,
  "avglossonlossdays": -24860.60416666666,
  "maxdrawdown": 204955.104176,
  "maxdrawdownper": 0.0,
  "avgmonthlyprofitstr": "1.42L",
  "totalprofitstr": "22.76L",
  "maxprofitadaystr": "1.34L",
  "maxlossadaystr": "-1.37L",
  "avgprofit_lossdailystr": "6.41K",
  "avgprofitonprofitdaysstr": "37.3K",
  "avglossonlossdaysstr": "-24.86K",
  "maxdrawdownstr": "2.05L",
  "expectancyratio": 0.0
}