[
  {
    "pnl": 0.0,
    "pnlstr": null,
    "date": "2023-03-27T00:00:00",
    "weekday": "Mar 2023",
    "charges": 0.0,
    "color": null
  },
  {
    "pnl": 87381.214829,
    "pnlstr": null,
    "date": "2023-04-03T00:00:00",
    "weekday": "Apr 2023",
    "charges": 0.0,
    "color": null
  },
  {
    "pnl": 50361.23417900001,
    "pnlstr": null,
    "date": "2023-04-10T00:00:00",
    "weekday": "Apr 2023",
    "charges": 0.0,
    "color": null
  },
  {
    "pnl": 37039.155052,
    "pnlstr": null,
    "date": "2023-04-17T00:00:00",
    "weekday": "Apr 2023",
    "charges": 0.0,
    "color": null
  },
  {
    "pnl": 27661.788863,
    "pnlstr": null,
    "date": "2023-04-24T00:00:00",
    "weekday": "Apr 2023",
    "charges": 0.0,
    "color": null
  },
  {
    "pnl": 21352.526927,
    "pnlstr": null,
    "date": "2023-05-01T00:00:00",
    "weekday": "May 2023",
    "charges": 0.0,
    "color": null
  },
  {
    "pnl": -5742.475911000001,
    "pnlstr": null,
    "date": "2023-05-08T00:00:00",
    "weekday": "May 2023",
    "charges": 0.0,
    "color": null
  },
  {
    "pnl": -45240.529031,
    "pnlstr": null,
    "date": "2023-05-15T00:00:00",
    "weekday": "May 2023",
    "charges": 0.0,
    "color": null
  },
  {
    "pnl": -53383.297147000005,
    "pnlstr": null,
    "date": "2023-05-22T00:00:00",
    "weekday": "May 2023",
    "charges": 0.0,
    "color": null
  },
  {
    "pnl": 7780.074997999996,
    "pnlstr": null,
    "date": "2023-05-29T00:00:00",
    "weekday": "May 2023",
    "charges": 0.0,
    "color": null
  },
  {
    "pnl": 113301.18893599999,
    "pnlstr": null,
    "date": "2023-06-05T00:00:00",
    "weekday": "Jun 2023",
    "charges": 0.0,
    "color": null
  },
  {
    "pnl": 183426.353625,
    "pnlstr": null,
    "date": "2023-06-12T00:00:00",
    "weekday": "Jun 2023",
    "charges": 0.0,
    "color": null
  },
  {
    "pnl": 168601.076935,
    "pnlstr": null,
    "date": "2023-06-19T00:00:00",
    "weekday": "Jun 2023",
    "charges": 0.0,
    "color": null
  },
  {
    "pnl": 195920.63479699998,
    "pnlstr": null,
    "date": "2023-06-26T00:00:00",
    "weekday": "Jun 2023",
    "charges": 0.0,
    "color": null
  },
  {
    "pnl": 268445.520852,
    "pnlstr": null,
    "date": "2023-07-03T00:00:00",
    "weekday": "Jul 2023",
    "charges": 0.0,
    "color": null
  },
  {
    "pnl": 219774.16181199998,
    "pnlstr": null,
    "date": "2023-07-10T00:00:00",
    "weekday": "Jul 2023",
    "charges": 0.0,
    "color": null
  },
  {
    "pnl": 205306.57215399996,
    "pnlstr": null,
    "date": "2023-07-17T00:00:00",
    "weekday": "Jul 2023",
    "charges": 0.0,
    "color": null
  },
  {
    "pnl": 197845.86369299996,
    "pnlstr": null,
    "date": "2023-07-24T00:00:00",
    "weekday": "Jul 2023",
    "charges": 0.0,
    "color": null
  },
  {
    "pnl": 258124.96737499995,
    "pnlstr": null,
    "date": "2023-07-31T00:00:00",
    "weekday": "Jul 2023",
    "charges": 0.0,
    "color": null
  },
  {
    "pnl": 298798.66525499994,
    "pnlstr": null,
    "date": "2023-08-07T00:00:00",
    "weekday": "Aug 2023",
    "charges": 0.0,
    "color": null
  },
  {
    "pnl": 431604.81448099995,
    "pnlstr": null,
    "date": "2023-08-14T00:00:00",
    "weekday": "Aug 2023",
    "charges": 0.0,
    "color": null
  },
  {
    "pnl": 418465.77358999994,
    "pnlstr": null,
    "date": "2023-08-21T00:00:00",
    "weekday": "Aug 2023",
    "charges": 0.0,
    "color": null
  },
  {
    "pnl": 542442.679283,
    "pnlstr": null,
    "date": "2023-08-28T00:00:00",
    "weekday": "Aug 2023",
    "charges": 0.0,
    "color": null
  },
  {
    "pnl": 580453.5204279999,
    "pnlstr": null,
    "date": "2023-09-04T00:00:00",
    "weekday": "Sep 2023",
    "charges": 0.0,
    "color": null
  },
  {
    "pnl": 626508.0952169999,
    "pnlstr": null,
    "date": "2023-09-11T00:00:00",
    "weekday": "Sep 2023",
    "charges": 0.0,
    "color": null
  },
  {
    "pnl": 666844.5229809999,
    "pnlstr": null,
    "date": "2023-09-18T00:00:00",
    "weekday": "Sep 2023",
    "charges": 0.0,
    "color": null
  },
  {
    "pnl": 624882.594431,
    "pnlstr": null,
    "date": "2023-09-25T00:00:00",
    "weekday": "Sep 2023",
    "charges": 0.0,
    "color": null
  },
  {
    "pnl": 717333.962157,
    "pnlstr": null,
    "date": "2023-10-02T00:00:00",
    "weekday": "Oct 2023",
    "charges": 0.0,
    "color": null
  },
  {
    "pnl": 832632.8421779999,
    "pnlstr": null,
    "date": "2023-10-09T00:00:00",
    "weekday": "Oct 2023",
    "charges": 0.0,
    "color": null
  },
  {
    "pnl": 949955.8581519999,
    "pnlstr": null,
    "date": "2023-10-16T00:00:00",
    "weekday": "Oct 2023",
    "charges": 0.0,
    "color": null
  },
  {
    "pnl": 953485.7805409998,
    "pnlstr": null,
    "date": "2023-10-23T00:00:00",
    "weekday": "Oct 2023",
    "charges": 0.0,
    "color": null
  },
  {
    "pnl": 1166338.4782319998,
    "pnlstr": null,
    "date": "2023-10-30T00:00:00",
    "weekday": "Oct 2023",
    "charges": 0.0,
    "color": null
  },
  {
    "pnl": 1255005.0152209997,
    "pnlstr": null,
    "date": "2023-11-06T00:00:00",
    "weekday": "Nov 2023",
    "charges": 0.0,
    "color": null
  },
  {
    "pnl": 1357472.0704939996,
    "pnlstr": null,
    "date": "2023-11-13T00:00:00",
    "weekday": "Nov 2023",
    "charges": 0.0,
    "color": null
  },
  {
    "pnl": 1563800.1260359995,
    "pnlstr": null,
    "date": "2023-11-20T00:00:00",
    "weekday": "Nov 2023",
    "charges": 0.0,
    "color": null
  },
  {
    "pnl": 1554015.0526649996,
    "pnlstr": null,
    "date": "2023-11-27T00:00:00",
    "weekday": "Nov 2023",
    "charges": 0.0,
    "color": null
  },
  {
    "pnl": 1611128.2505419997,
    "pnlstr": null,
    "date": "2023-12-04T00:00:00",
    "weekday": "Dec 2023",
    "charges": 0.0,
    "color": null
  },
  {
    "pnl": 1577268.0848999997,
    "pnlstr": null,
    "date": "2023-12-11T00:00:00",
    "weekday": "Dec 2023",
    "charges": 0.0,
    "color": null
  },
  {
    "pnl": 1631117.7260429997,
    "pnlstr": null,
    "date": "2023-12-18T00:00:00",
    "weekday": "Dec 2023",
    "charges": 0.0,
    "color": null
  },
  {
    "pnl": 1579340.6652819996,
    "pnlstr": null,
    "date": "2023-12-25T00:00:00",
    "weekday": "Dec 2023",
    "charges": 0.0,
    "color": null
  },
  {
    "pnl": 1731344.0805149996,
    "pnlstr": null,
    "date": "2024-01-01T00:00:00",
    "weekday": "Jan 2024",
    "charges": 0.0,
    "color": null
  },
  {
    "pnl": 1660242.3746919995,
    "pnlstr": null,
    "date": "2024-01-08T00:00:00",
    "weekday": "Jan 2024",
    "charges": 0.0,
    "color": null
  },
  {
    "pnl": 1598133.5244479994,
    "pnlstr": null,
    "date": "2024-01-15T00:00:00",
    "weekday": "Jan 2024",
    "charges": 0.0,
    "color": null
  },
  {
    "pnl": 1615371.4318099995,
    "pnlstr": null,
    "date": "2024-01-22T00:00:00",
    "weekday": "Jan 2024",
    "charges": 0.0,
    "color": null
  },
  {
    "pnl": 1669120.7276859996,
    "pnlstr": null,
    "date": "2024-01-29T00:00:00",
    "weekday": "Jan 2024",
    "charges": 0.0,
    "color": null
  },
  {
    "pnl": 1671101.2284869996,
    "pnlstr": null,
    "date": "2024-02-05T00:00:00",
    "weekday": "Feb 2024",
    "charges": 0.0,
    "color": null
  },
  {
    "pnl": 1821711.0531069997,
    "pnlstr": null,
    "date": "2024-02-12T00:00:00",
    "weekday": "Feb 2024",
    "charges": 0.0,
    "color": null
  },
  {
    "pnl": 1943178.3330019997,
    "pnlstr": null,
    "date": "2024-02-19T00:00:00",
    "weekday": "Feb 2024",
    "charges": 0.0,
    "color": null
  },
  {
    "pnl": 1955292.6471579997,
    "pnlstr": null,
    "date": "2024-02-26T00:00:00",
    "weekday": "Feb 2024",
    "charges": 0.0,
    "color": null
  },
  {
    "pnl": 2051928.1633569996,
    "pnlstr": null,
    "date": "2024-03-04T00:00:00",
    "weekday": "Mar 2024",
    "charges": 0.0,
    "color": null
  },
  {
    "pnl": 2370594.9356649998,
    "pnlstr": null,
    "date": "2024-03-11T00:00:00",
    "weekday": "Mar 2024",
    "charges": 0.0,
    "color": null
  },
  {
    "pnl": 2276034.8266649996,
    "pnlstr": null,
    "date": "2024-03-18T00:00:00",
    "weekday": "Mar 2024",
    "charges": 0.0,
    "color": null
  }
]