[
  {
    "pnl": 0.0,
    "date": "2023-03-27T00:00:00",
    "weekday": "Mar 2023",
    "netpnl": 0.0
  },
  {
    "pnl": 0.0,
    "date": "2023-04-03T00:00:00",
    "weekday": "Apr 2023",
    "netpnl": 87381.214829
  },
  {
    "pnl": -37019.98065,
    "date": "2023-04-10T00:00:00",
    "weekday": "Apr 2023",
    "netpnl": 50361.23417900001
  },
  {
    "pnl": -50342.059777,
    "date": "2023-04-17T00:00:00",
    "weekday": "Apr 2023",
    "netpnl": 37039.155052
  },
  {
    "pnl": -59719.425966,
    "date": "2023-04-24T00:00:00",
    "weekday": "Apr 2023",
    "netpnl": 27661.788863
  },
  {
    "pnl": -66028.687902,
    "date": "2023-05-01T00:00:00",
    "weekday": "May 2023",
    "netpnl": 21352.526927
  },
  {
    "pnl": -93123.69074,
    "date": "2023-05-08T00:00:00",
    "weekday": "May 2023",
    "netpnl": -5742.475911000001
  },
  {
    "pnl": -132621.74386,
    "date": "2023-05-15T00:00:00",
    "weekday": "May 2023",
    "netpnl": -45240.529031
  },
  {
    "pnl": -140764.511976,
    "date": "2023-05-22T00:00:00",
    "weekday": "May 2023",
    "netpnl": -53383.297147000005
  },
  {
    "pnl": -79601.13983100001,
    "date": "2023-05-29T00:00:00",
    "weekday": "May 2023",
    "netpnl": 7780.074997999996
  },
  {
    "pnl": 0.0,
    "date": "2023-06-05T00:00:00",
    "weekday": "Jun 2023",
    "netpnl": 113301.18893599999
  },
  {
    "pnl": 0.0,
    "date": "2023-06-12T00:00:00",
    "weekday": "Jun 2023",
    "netpnl": 183426.353625
  },
  {
    "pnl": -14825.276689999999,
    "date": "2023-06-19T00:00:00",
    "weekday": "Jun 2023",
    "netpnl": 168601.076935
  },
  {
    "pnl": 0.0,
    "date": "2023-06-26T00:00:00",
    "weekday": "Jun 2023",
    "netpnl": 195920.63479699998
  },
  {
    "pnl": 0.0,
    "date": "2023-07-03T00:00:00",
    "weekday": "Jul 2023",
    "netpnl": 268445.520852
  },
  {
    "pnl": -48671.35904000001,
    "date": "2023-07-10T00:00:00",
    "weekday": "Jul 2023",
    "netpnl": 219774.16181199998
  },
  {
    "pnl": -63138.94869800002,
    "date": "2023-07-17T00:00:00",
    "weekday": "Jul 2023",
    "netpnl": 205306.57215399996
  },
  {
    "pnl": -70599.65715900002,
    "date": "2023-07-24T00:00:00",
    "weekday": "Jul 2023",
    "netpnl": 197845.86369299996
  },
  {
    "pnl": -10320.553477000038,
    "date": "2023-07-31T00:00:00",
    "weekday": "Jul 2023",
    "netpnl": 258124.96737499995
  },
  {
    "pnl": 0.0,
    "date": "2023-08-07T00:00:00",
    "weekday": "Aug 2023",
    "netpnl": 298798.66525499994
  },
  {
    "pnl": 0.0,
    "date": "2023-08-14T00:00:00",
    "weekday": "Aug 2023",
    "netpnl": 431604.81448099995
  },
  {
    "pnl": -13139.040891000011,
    "date": "2023-08-21T00:00:00",
    "weekday": "Aug 2023",
    "netpnl": 418465.77358999994
  },
  {
    "pnl": 0.0,
    "date": "2023-08-28T00:00:00",
    "weekday": "Aug 2023",
    "netpnl": 542442.679283
  },
  {
    "pnl": 0.0,
    "date": "2023-09-04T00:00:00",
    "weekday": "Sep 2023",
    "netpnl": 580453.5204279999
  },
  {
    "pnl": 0.0,
    "date": "2023-09-11T00:00:00",
    "weekday": "Sep 2023",
    "netpnl": 626508.0952169999
  },
  {
    "pnl": 0.0,
    "date": "2023-09-18T00:00:00",
    "weekday": "Sep 2023",
    "netpnl": 666844.5229809999
  },
  {
    "pnl": -41961.92854999995,
    "date": "2023-09-25T00:00:00",
    "weekday": "Sep 2023",
    "netpnl": 624882.594431
  },
  {
    "pnl": 0.0,
    "date": "2023-10-02T00:00:00",
    "weekday": "Oct 2023",
    "netpnl": 717333.962157
  },
  {
    "pnl": 0.0,
    "date": "2023-10-09T00:00:00",
    "weekday": "Oct 2023",
    "netpnl": 832632.8421779999
  },
  {
    "pnl": 0.0,
    "date": "2023-10-16T00:00:00",
    "weekday": "Oct 2023",
    "netpnl": 949955.8581519999
  },
  {
    "pnl": 0.0,
    "date": "2023-10-23T00:00:00",
    "weekday": "Oct 2023",
    "netpnl": 953485.7805409998
  },
  {
    "pnl": 0.0,
    "date": "2023-10-30T00:00:00",
    "weekday": "Oct 2023",
    "netpnl": 1166338.4782319998
  },
  {
    "pnl": 0.0,
    "date": "2023-11-06T00:00:00",
    "weekday": "Nov 2023",
    "netpnl": 1255005.0152209997
  },
  {
    "pnl": 0.0,
    "date": "2023-11-13T00:00:00",
    "weekday": "Nov 2023",
    "netpnl": 1357472.0704939996
  },
  {
    "pnl": 0.0,
    "date": "2023-11-20T00:00:00",
    "weekday": "Nov 2023",
    "netpnl": 1563800.1260359995
  },
  {
    "pnl": -9785.07337099989,
    "date": "2023-11-27T00:00:00",
    "weekday": "Nov 2023",
    "netpnl": 1554015.0526649996
  },
  {
    "pnl": 0.0,
    "date": "2023-12-04T00:00:00",
    "weekday": "Dec 2023",
    "netpnl": 1611128.2505419997
  },
  {
    "pnl": -33860.165642000036,
    "date": "2023-12-11T00:00:00",
    "weekday": "Dec 2023",
    "netpnl": 1577268.0848999997
  },
  {
    "pnl": 0.0,
    "date": "2023-12-18T00:00:00",
    "weekday": "Dec 2023",
    "netpnl": 1631117.7260429997
  },
  {
    "pnl": -51777.06076100003,
    "date": "2023-12-25T00:00:00",
    "weekday": "Dec 2023",
    "netpnl": 1579340.6652819996
  },
  {
    "pnl": 0.0,
    "date": "2024-01-01T00:00:00",
    "weekday": "Jan 2024",
    "netpnl": 1731344.0805149996
  },
  {
    "pnl": -71101.70582300005,
    "date": "2024-01-08T00:00:00",
    "weekday": "Jan 2024",
    "netpnl": 1660242.3746919995
  },
  {
    "pnl": -133210.55606700014,
    "date": "2024-01-15T00:00:00",
    "weekday": "Jan 2024",
    "netpnl": 1598133.5244479994
  },
  {
    "pnl": -115972.64870500006,
    "date": "2024-01-22T00:00:00",
    "weekday": "Jan 2024",
    "netpnl": 1615371.4318099995
  },
  {
    "pnl": -62223.35282899998,
    "date": "2024-01-29T00:00:00",
    "weekday": "Jan 2024",
    "netpnl": 1669120.7276859996
  },
  {
    "pnl": -60242.852027999936,
    "date": "2024-02-05T00:00:00",
    "weekday": "Feb 2024",
    "netpnl": 1671101.2284869996
  },
  {
    "pnl": 0.0,
    "date": "2024-02-12T00:00:00",
    "weekday": "Feb 2024",
    "netpnl": 1821711.0531069997
  },
  {
    "pnl": 0.0,
    "date": "2024-02-19T00:00:00",
    "weekday": "Feb 2024",
    "netpnl": 1943178.3330019997
  },
  {
    "pnl": 0.0,
    "date": "2024-02-26T00:00:00",
    "weekday": "Feb 2024",
    "netpnl": 1955292.6471579997
  },
  {
    "pnl": 0.0,
    "date": "2024-03-04T00:00:00",
    "weekday": "Mar 2024",
    "netpnl": 2051928.1633569996
  },
  {
    "pnl": 0.0,
    "date": "2024-03-11T00:00:00",
    "weekday": "Mar 2024",
    "netpnl": 2370594.9356649998
  },
  {
    "pnl": -94560.10900000017,
    "date": "2024-03-18T00:00:00",
    "weekday": "Mar 2024",
    "netpnl": 2276034.8266649996
  }
]