[
  {
    "pnl": 0.0,
    "netpnl": 0.0,
    "date": "2023-03-27T00:00:00",
    "weekday": "Mar 2023",
    "charges": 0.0,
    "color": null
  },
  {
    "pnl": 90461.25,
    "netpnl": 87381.214829,
    "date": "2023-04-03T00:00:00",
    "weekday": "Apr 2023",
    "charges": 3080.0351710000004,
    "color": null
  },
  {
    "pnl": -34001.25,
    "netpnl": -37019.98065,
    "date": "2023-04-10T00:00:00",
    "weekday": "Apr 2023",
    "charges": 3018.73065,
    "color": null
  },
  {
    "pnl": -10525.0,
    "netpnl": -13322.079127,
    "date": "2023-04-17T00:00:00",
    "weekday": "Apr 2023",
    "charges": 2797.079127,
    "color": null
  },
  {
    "pnl": -6518.75,
    "netpnl": -9377.366189000002,
    "date": "2023-04-24T00:00:00",
    "weekday": "Apr 2023",
    "charges": 2858.6161890000003,
    "color": null
  },
  {
    "pnl": -3693.75,
    "netpnl": -6309.261936000003,
    "date": "2023-05-01T00:00:00",
    "weekday": "May 2023",
    "charges": 2615.5119359999994,
    "color": null
  },
  {
    "pnl": -20942.5,
    "netpnl": -27095.002838,
    "date": "2023-05-08T00:00:00",
    "weekday": "May 2023",
    "charges": 6152.502837999999,
    "color": null
  },
  {
    "pnl": -33649.25,
    "netpnl": -39498.05312,
    "date": "2023-05-15T00:00:00",
    "weekday": "May 2023",
    "charges": 5848.80312,
    "color": null
  },
  {
    "pnl": -2634.5,
    "netpnl": -8142.768116000003,
    "date": "2023-05-22T00:00:00",
    "weekday": "May 2023",
    "charges": 5508.268116000001,
    "color": null
  },
  {
    "pnl": 65865.75,
    "netpnl": 61163.372145,
    "date": "2023-05-29T00:00:00",
    "weekday": "May 2023",
    "charges": 4702.377855,
    "color": null
  },
  {
    "pnl": 109778.0,
    "netpnl": 105521.113938,
    "date": "2023-06-05T00:00:00",
    "weekday": "Jun 2023",
    "charges": 4256.886062,
    "color": null
  },
  {
    "pnl": 74853.25,
    "netpnl": 70125.164689,
    "date": "2023-06-12T00:00:00",
    "weekday": "Jun 2023",
    "charges": 4728.085311000001,
    "color": null
  },
  {
    "pnl": -10172.75,
    "netpnl": -14825.276689999999,
    "date": "2023-06-19T00:00:00",
    "weekday": "Jun 2023",
    "charges": 4652.526690000001,
    "color": null
  },
  {
    "pnl": 31732.75,
    "netpnl": 27319.557861999998,
    "date": "2023-06-26T00:00:00",
    "weekday": "Jun 2023",
    "charges": 4413.192138,
    "color": null
  },
  {
    "pnl": 77399.25,
    "netpnl": 72524.886055,
    "date": "2023-07-03T00:00:00",
    "weekday": "Jul 2023",
    "charges": 4874.363945,
    "color": null
  },
  {
    "pnl": -43916.75,
    "netpnl": -48671.359039999996,
    "date": "2023-07-10T00:00:00",
    "weekday": "Jul 2023",
    "charges": 4754.60904,
    "color": null
  },
  {
    "pnl": -9302.75,
    "netpnl": -14467.589658,
    "date": "2023-07-17T00:00:00",
    "weekday": "Jul 2023",
    "charges": 5164.839658,
    "color": null
  },
  {
    "pnl": -2571.0,
    "netpnl": -7460.708461000002,
    "date": "2023-07-24T00:00:00",
    "weekday": "Jul 2023",
    "charges": 4889.708461,
    "color": null
  },
  {
    "pnl": 64981.25,
    "netpnl": 60279.103682,
    "date": "2023-07-31T00:00:00",
    "weekday": "Jul 2023",
    "charges": 4702.146318,
    "color": null
  },
  {
    "pnl": 43935.75,
    "netpnl": 40673.69788,
    "date": "2023-08-07T00:00:00",
    "weekday": "Aug 2023",
    "charges": 3262.0521200000003,
    "color": null
  },
  {
    "pnl": 136462.0,
    "netpnl": 132806.149226,
    "date": "2023-08-14T00:00:00",
    "weekday": "Aug 2023",
    "charges": 3655.8507740000005,
    "color": null
  },
  {
    "pnl": -9741.5,
    "netpnl": -13139.040891,
    "date": "2023-08-21T00:00:00",
    "weekday": "Aug 2023",
    "charges": 3397.5408909999996,
    "color": null
  },
  {
    "pnl": 127756.5,
    "netpnl": 123976.90569300001,
    "date": "2023-08-28T00:00:00",
    "weekday": "Aug 2023",
    "charges": 3779.5943070000003,
    "color": null
  },
  {
    "pnl": 41529.75,
    "netpnl": 38010.841145,
    "date": "2023-09-04T00:00:00",
    "weekday": "Sep 2023",
    "charges": 3518.9088549999997,
    "color": null
  },
  {
    "pnl": 49577.25,
    "netpnl": 46054.574789,
    "date": "2023-09-11T00:00:00",
    "weekday": "Sep 2023",
    "charges": 3522.675211,
    "color": null
  },
  {
    "pnl": 43998.0,
    "netpnl": 40336.427764,
    "date": "2023-09-18T00:00:00",
    "weekday": "Sep 2023",
    "charges": 3661.572236,
    "color": null
  },
  {
    "pnl": -39621.75,
    "netpnl": -41961.92855,
    "date": "2023-09-25T00:00:00",
    "weekday": "Sep 2023",
    "charges": 2340.1785499999996,
    "color": null
  },
  {
    "pnl": 95895.0,
    "netpnl": 92451.367726,
    "date": "2023-10-02T00:00:00",
    "weekday": "Oct 2023",
    "charges": 3443.632274,
    "color": null
  },
  {
    "pnl": 118904.0,
    "netpnl": 115298.88002099999,
    "date": "2023-10-09T00:00:00",
    "weekday": "Oct 2023",
    "charges": 3605.119979,
    "color": null
  },
  {
    "pnl": 120658.75,
    "netpnl": 117323.015974,
    "date": "2023-10-16T00:00:00",
    "weekday": "Oct 2023",
    "charges": 3335.734026,
    "color": null
  },
  {
    "pnl": 5914.5,
    "netpnl": 3529.9223889999994,
    "date": "2023-10-23T00:00:00",
    "weekday": "Oct 2023",
    "charges": 2384.5776109999997,
    "color": null
  },
  {
    "pnl": 217849.5,
    "netpnl": 212852.697691,
    "date": "2023-10-30T00:00:00",
    "weekday": "Oct 2023",
    "charges": 4996.802309000001,
    "color": null
  },
  {
    "pnl": 93805.75,
    "netpnl": 88666.536989,
    "date": "2023-11-06T00:00:00",
    "weekday": "Nov 2023",
    "charges": 5139.213011,
    "color": null
  },
  {
    "pnl": 106378.75,
    "netpnl": 102467.055273,
    "date": "2023-11-13T00:00:00",
    "weekday": "Nov 2023",
    "charges": 3911.694727,
    "color": null
  },
  {
    "pnl": 212193.25,
    "netpnl": 206328.055542,
    "date": "2023-11-20T00:00:00",
    "weekday": "Nov 2023",
    "charges": 5865.194458,
    "color": null
  },
  {
    "pnl": -7220.0,
    "netpnl": -9785.073371,
    "date": "2023-11-27T00:00:00",
    "weekday": "Nov 2023",
    "charges": 2565.0733710000004,
    "color": null
  },
  {
    "pnl": 63268.0,
    "netpnl": 57113.19787699999,
    "date": "2023-12-04T00:00:00",
    "weekday": "Dec 2023",
    "charges": 6154.8021229999995,
    "color": null
  },
  {
    "pnl": -28430.5,
    "netpnl": -33860.165642,
    "date": "2023-12-11T00:00:00",
    "weekday": "Dec 2023",
    "charges": 5429.665642,
    "color": null
  },
  {
    "pnl": 60720.25,
    "netpnl": 53849.64114299999,
    "date": "2023-12-18T00:00:00",
    "weekday": "Dec 2023",
    "charges": 6870.608856999999,
    "color": null
  },
  {
    "pnl": -48614.75,
    "netpnl": -51777.06076099999,
    "date": "2023-12-25T00:00:00",
    "weekday": "Dec 2023",
    "charges": 3162.3107609999997,
    "color": null
  },
  {
    "pnl": 157090.5,
    "netpnl": 152003.415233,
    "date": "2024-01-01T00:00:00",
    "weekday": "Jan 2024",
    "charges": 5087.084767,
    "color": null
  },
  {
    "pnl": -65303.0,
    "netpnl": -71101.705823,
    "date": "2024-01-08T00:00:00",
    "weekday": "Jan 2024",
    "charges": 5798.705823,
    "color": null
  },
  {
    "pnl": -56506.0,
    "netpnl": -62108.85024400001,
    "date": "2024-01-15T00:00:00",
    "weekday": "Jan 2024",
    "charges": 5602.850244,
    "color": null
  },
  {
    "pnl": 20374.5,
    "netpnl": 17237.907362,
    "date": "2024-01-22T00:00:00",
    "weekday": "Jan 2024",
    "charges": 3136.592638,
    "color": null
  },
  {
    "pnl": 59905.75,
    "netpnl": 53749.295876000004,
    "date": "2024-01-29T00:00:00",
    "weekday": "Jan 2024",
    "charges": 6156.454124,
    "color": null
  },
  {
    "pnl": 8187.75,
    "netpnl": 1980.5008009999947,
    "date": "2024-02-05T00:00:00",
    "weekday": "Feb 2024",
    "charges": 6207.249199,
    "color": null
  },
  {
    "pnl": 156169.0,
    "netpnl": 150609.82462,
    "date": "2024-02-12T00:00:00",
    "weekday": "Feb 2024",
    "charges": 5559.17538,
    "color": null
  },
  {
    "pnl": 126502.0,
    "netpnl": 121467.279895,
    "date": "2024-02-19T00:00:00",
    "weekday": "Feb 2024",
    "charges": 5034.720105,
    "color": null
  },
  {
    "pnl": 16705.75,
    "netpnl": 12114.314155999979,
    "date": "2024-02-26T00:00:00",
    "weekday": "Feb 2024",
    "charges": 4591.435844,
    "color": null
  },
  {
    "pnl": 101831.75,
    "netpnl": 96635.516199,
    "date": "2024-03-04T00:00:00",
    "weekday": "Mar 2024",
    "charges": 5196.233801,
    "color": null
  },
  {
    "pnl": 323914.5,
    "netpnl": 318666.772308,
    "date": "2024-03-11T00:00:00",
    "weekday": "Mar 2024",
    "charges": 5247.7276919999995,
    "color": null
  },
  {
    "pnl": -90604.25,
    "netpnl": -94560.109,
    "date": "2024-03-18T00:00:00",
    "weekday": "Mar 2024",
    "charges": 3955.8590000000004,
    "color": null
  }
]