[
  {
    "pnl": 0.0,
    "date": "2023-03-27T00:00:00",
    "weekday": "Mar 2023",
    "netpnl": 0.0
  },
  {
    "pnl": 90461.25,
    "date": "2023-04-03T00:00:00",
    "weekday": "Apr 2023",
    "netpnl": 87381.214829
  },
  {
    "pnl": 56460.0,
    "date": "2023-04-10T00:00:00",
    "weekday": "Apr 2023",
    "netpnl": 50361.23417900001
  },
  {
    "pnl": 45935.0,
    "date": "2023-04-17T00:00:00",
    "weekday": "Apr 2023",
    "netpnl": 37039.155052
  },
  {
    "pnl": 39416.25,
    "date": "2023-04-24T00:00:00",
    "weekday": "Apr 2023",
    "netpnl": 27661.788863
  },
  {
    "pnl": 35722.5,
    "date": "2023-05-01T00:00:00",
    "weekday": "May 2023",
    "netpnl": 21352.526927
  },
  {
    "pnl": 14780.0,
    "date": "2023-05-08T00:00:00",
    "weekday": "May 2023",
    "netpnl": -5742.475911000001
  },
  {
    "pnl": -18869.25,
    "date": "2023-05-15T00:00:00",
    "weekday": "May 2023",
    "netpnl": -45240.529031
  },
  {
    "pnl": -21503.75,
    "date": "2023-05-22T00:00:00",
    "weekday": "May 2023",
    "netpnl": -53383.297147000005
  },
  {
    "pnl": 44362.0,
    "date": "2023-05-29T00:00:00",
    "weekday": "May 2023",
    "netpnl": 7780.074997999996
  },
  {
    "pnl": 154140.0,
    "date": "2023-06-05T00:00:00",
    "weekday": "Jun 2023",
    "netpnl": 113301.18893599999
  },
  {
    "pnl": 228993.25,
    "date": "2023-06-12T00:00:00",
    "weekday": "Jun 2023",
    "netpnl": 183426.353625
  },
  {
    "pnl": 218820.5,
    "date": "2023-06-19T00:00:00",
    "weekday": "Jun 2023",
    "netpnl": 168601.076935
  },
  {
    "pnl": 250553.25,
    "date": "2023-06-26T00:00:00",
    "weekday": "Jun 2023",
    "netpnl": 195920.63479699998
  },
  {
    "pnl": 327952.5,
    "date": "2023-07-03T00:00:00",
    "weekday": "Jul 2023",
    "netpnl": 268445.520852
  },
  {
    "pnl": 284035.75,
    "date": "2023-07-10T00:00:00",
    "weekday": "Jul 2023",
    "netpnl": 219774.16181199998
  },
  {
    "pnl": 274733.0,
    "date": "2023-07-17T00:00:00",
    "weekday": "Jul 2023",
    "netpnl": 205306.57215399996
  },
  {
    "pnl": 272162.0,
    "date": "2023-07-24T00:00:00",
    "weekday": "Jul 2023",
    "netpnl": 197845.86369299996
  },
  {
    "pnl": 337143.25,
    "date": "2023-07-31T00:00:00",
    "weekday": "Jul 2023",
    "netpnl": 258124.96737499995
  },
  {
    "pnl": 381079.0,
    "date": "2023-08-07T00:00:00",
    "weekday": "Aug 2023",
    "netpnl": 298798.66525499994
  },
  {
    "pnl": 517541.0,
    "date": "2023-08-14T00:00:00",
    "weekday": "Aug 2023",
    "netpnl": 431604.81448099995
  },
  {
    "pnl": 507799.5,
    "date": "2023-08-21T00:00:00",
    "weekday": "Aug 2023",
    "netpnl": 418465.77358999994
  },
  {
    "pnl": 635556.0,
    "date": "2023-08-28T00:00:00",
    "weekday": "Aug 2023",
    "netpnl": 542442.679283
  },
  {
    "pnl": 677085.75,
    "date": "2023-09-04T00:00:00",
    "weekday": "Sep 2023",
    "netpnl": 580453.5204279999
  },
  {
    "pnl": 726663.0,
    "date": "2023-09-11T00:00:00",
    "weekday": "Sep 2023",
    "netpnl": 626508.0952169999
  },
  {
    "pnl": 770661.0,
    "date": "2023-09-18T00:00:00",
    "weekday": "Sep 2023",
    "netpnl": 666844.5229809999
  },
  {
    "pnl": 731039.25,
    "date": "2023-09-25T00:00:00",
    "weekday": "Sep 2023",
    "netpnl": 624882.594431
  },
  {
    "pnl": 826934.25,
    "date": "2023-10-02T00:00:00",
    "weekday": "Oct 2023",
    "netpnl": 717333.962157
  },
  {
    "pnl": 945838.25,
    "date": "2023-10-09T00:00:00",
    "weekday": "Oct 2023",
    "netpnl": 832632.8421779999
  },
  {
    "pnl": 1066497.0,
    "date": "2023-10-16T00:00:00",
    "weekday": "Oct 2023",
    "netpnl": 949955.8581519999
  },
  {
    "pnl": 1072411.5,
    "date": "2023-10-23T00:00:00",
    "weekday": "Oct 2023",
    "netpnl": 953485.7805409998
  },
  {
    "pnl": 1290261.0,
    "date": "2023-10-30T00:00:00",
    "weekday": "Oct 2023",
    "netpnl": 1166338.4782319998
  },
  {
    "pnl": 1384066.75,
    "date": "2023-11-06T00:00:00",
    "weekday": "Nov 2023",
    "netpnl": 1255005.0152209997
  },
  {
    "pnl": 1490445.5,
    "date": "2023-11-13T00:00:00",
    "weekday": "Nov 2023",
    "netpnl": 1357472.0704939996
  },
  {
    "pnl": 1702638.75,
    "date": "2023-11-20T00:00:00",
    "weekday": "Nov 2023",
    "netpnl": 1563800.1260359995
  },
  {
    "pnl": 1695418.75,
    "date": "2023-11-27T00:00:00",
    "weekday": "Nov 2023",
    "netpnl": 1554015.0526649996
  },
  {
    "pnl": 1758686.75,
    "date": "2023-12-04T00:00:00",
    "weekday": "Dec 2023",
    "netpnl": 1611128.2505419997
  },
  {
    "pnl": 1730256.25,
    "date": "2023-12-11T00:00:00",
    "weekday": "Dec 2023",
    "netpnl": 1577268.0848999997
  },
  {
    "pnl": 1790976.5,
    "date": "2023-12-18T00:00:00",
    "weekday": "Dec 2023",
    "netpnl": 1631117.7260429997
  },
  {
    "pnl": 1742361.75,
    "date": "2023-12-25T00:00:00",
    "weekday": "Dec 2023",
    "netpnl": 1579340.6652819996
  },
  {
    "pnl": 1899452.25,
    "date": "2024-01-01T00:00:00",
    "weekday": "Jan 2024",
    "netpnl": 1731344.0805149996
  },
  {
    "pnl": 1834149.25,
    "date": "2024-01-08T00:00:00",
    "weekday": "Jan 2024",
    "netpnl": 1660242.3746919995
  },
  {
    "pnl": 1777643.25,
    "date": "2024-01-15T00:00:00",
    "weekday": "Jan 2024",
    "netpnl": 1598133.5244479994
  },
  {
    "pnl": 1798017.75,
    "date": "2024-01-22T00:00:00",
    "weekday": "Jan 2024",
    "netpnl": 1615371.4318099995
  },
  {
    "pnl": 1857923.5,
    "date": "2024-01-29T00:00:00",
    "weekday": "Jan 2024",
    "netpnl": 1669120.7276859996
  },
  {
    "pnl": 1866111.25,
    "date": "2024-02-05T00:00:00",
    "weekday": "Feb 2024",
    "netpnl": 1671101.2284869996
  },
  {
    "pnl": 2022280.25,
    "date": "2024-02-12T00:00:00",
    "weekday": "Feb 2024",
    "netpnl": 1821711.0531069997
  },
  {
    "pnl": 2148782.25,
    "date": "2024-02-19T00:00:00",
    "weekday": "Feb 2024",
    "netpnl": 1943178.3330019997
  },
  {
    "pnl": 2165488.0,
    "date": "2024-02-26T00:00:00",
    "weekday": "Feb 2024",
    "netpnl": 1955292.6471579997
  },
  {
    "pnl": 2267319.75,
    "date": "2024-03-04T00:00:00",
    "weekday": "Mar 2024",
    "netpnl": 2051928.1633569996
  },
  {
    "pnl": 2591234.25,
    "date": "2024-03-11T00:00:00",
    "weekday": "Mar 2024",
    "netpnl": 2370594.9356649998
  },
  {
    "pnl": 2500630.0,
    "date": "2024-03-18T00:00:00",
    "weekday": "Mar 2024",
    "netpnl": 2276034.8266649996
  }
]