[
  {
    "pnl": 0.0,
    "date": "2024-01-21T00:00:00",
    "weekday": "Jan 2024",
    "netpnl": 0.0
  },
  {
    "pnl": 0.0,
    "date": "2024-01-22T00:00:00",
    "weekday": "Jan 2024",
    "netpnl": 0.0
  },
  {
    "pnl": 0.0,
    "date": "2024-01-23T00:00:00",
    "weekday": "Jan 2024",
    "netpnl": 30983.328546
  },
  {
    "pnl": 0.0,
    "date": "2024-01-24T00:00:00",
    "weekday": "Jan 2024",
    "netpnl": 30983.328546
  },
  {
    "pnl": -13745.421183999999,
    "date": "2024-01-25T00:00:00",
    "weekday": "Jan 2024",
    "netpnl": 17237.907362
  },
  {
    "pnl": -13745.421183999999,
    "date": "2024-01-26T00:00:00",
    "weekday": "Jan 2024",
    "netpnl": 17237.907362
  },
  {
    "pnl": -13745.421183999999,
    "date": "2024-01-27T00:00:00",
    "weekday": "Jan 2024",
    "netpnl": 17237.907362
  },
  {
    "pnl": -13745.421183999999,
    "date": "2024-01-28T00:00:00",
    "weekday": "Jan 2024",
    "netpnl": 17237.907362
  },
  {
    "pnl": -102727.876655,
    "date": "2024-01-29T00:00:00",
    "weekday": "Jan 2024",
    "netpnl": -71744.548109
  },
  {
    "pnl": -66492.864554,
    "date": "2024-01-30T00:00:00",
    "weekday": "Jan 2024",
    "netpnl": -35509.536007999995
  },
  {
    "pnl": -67619.424992,
    "date": "2024-01-31T00:00:00",
    "weekday": "Jan 2024",
    "netpnl": -36636.096445999996
  },
  {
    "pnl": 0.0,
    "date": "2024-02-01T00:00:00",
    "weekday": "Feb 2024",
    "netpnl": 70987.203238
  },
  {
    "pnl": 0.0,
    "date": "2024-02-02T00:00:00",
    "weekday": "Feb 2024",
    "netpnl": 70987.203238
  },
  {
    "pnl": 0.0,
    "date": "2024-02-03T00:00:00",
    "weekday": "Feb 2024",
    "netpnl": 70987.203238
  },
  {
    "pnl": 0.0,
    "date": "2024-02-04T00:00:00",
    "weekday": "Feb 2024",
    "netpnl": 70987.203238
  },
  {
    "pnl": -51567.31199,
    "date": "2024-02-05T00:00:00",
    "weekday": "Feb 2024",
    "netpnl": 19419.891248
  },
  {
    "pnl": 0.0,
    "date": "2024-02-06T00:00:00",
    "weekday": "Feb 2024",
    "netpnl": 77293.600576
  },
  {
    "pnl": 0.0,
    "date": "2024-02-07T00:00:00",
    "weekday": "Feb 2024",
    "netpnl": 77889.378762
  },
  {
    "pnl": -4921.674722999989,
    "date": "2024-02-08T00:00:00",
    "weekday": "Feb 2024",
    "netpnl": 72967.704039
  },
  {
    "pnl": -4921.674722999989,
    "date": "2024-02-09T00:00:00",
    "weekday": "Feb 2024",
    "netpnl": 72967.704039
  },
  {
    "pnl": -4921.674722999989,
    "date": "2024-02-10T00:00:00",
    "weekday": "Feb 2024",
    "netpnl": 72967.704039
  },
  {
    "pnl": -4921.674722999989,
    "date": "2024-02-11T00:00:00",
    "weekday": "Feb 2024",
    "netpnl": 72967.704039
  },
  {
    "pnl": 0.0,
    "date": "2024-02-12T00:00:00",
    "weekday": "Feb 2024",
    "netpnl": 103639.415296
  },
  {
    "pnl": 0.0,
    "date": "2024-02-13T00:00:00",
    "weekday": "Feb 2024",
    "netpnl": 143921.16521600002
  },
  {
    "pnl": -16588.01436800002,
    "date": "2024-02-14T00:00:00",
    "weekday": "Feb 2024",
    "netpnl": 127333.150848
  },
  {
    "pnl": 0.0,
    "date": "2024-02-15T00:00:00",
    "weekday": "Feb 2024",
    "netpnl": 223577.52865900003
  },
  {
    "pnl": 0.0,
    "date": "2024-02-16T00:00:00",
    "weekday": "Feb 2024",
    "netpnl": 223577.52865900003
  },
  {
    "pnl": 0.0,
    "date": "2024-02-17T00:00:00",
    "weekday": "Feb 2024",
    "netpnl": 223577.52865900003
  },
  {
    "pnl": 0.0,
    "date": "2024-02-18T00:00:00",
    "weekday": "Feb 2024",
    "netpnl": 223577.52865900003
  },
  {
    "pnl": 0.0,
    "date": "2024-02-19T00:00:00",
    "weekday": "Feb 2024",
    "netpnl": 248758.07397300002
  },
  {
    "pnl": 0.0,
    "date": "2024-02-20T00:00:00",
    "weekday": "Feb 2024",
    "netpnl": 298283.663467
  },
  {
    "pnl": 0.0,
    "date": "2024-02-21T00:00:00",
    "weekday": "Feb 2024",
    "netpnl": 332008.19435
  },
  {
    "pnl": 0.0,
    "date": "2024-02-22T00:00:00",
    "weekday": "Feb 2024",
    "netpnl": 345044.808554
  },
  {
    "pnl": 0.0,
    "date": "2024-02-23T00:00:00",
    "weekday": "Feb 2024",
    "netpnl": 345044.808554
  },
  {
    "pnl": 0.0,
    "date": "2024-02-24T00:00:00",
    "weekday": "Feb 2024",
    "netpnl": 345044.808554
  },
  {
    "pnl": 0.0,
    "date": "2024-02-25T00:00:00",
    "weekday": "Feb 2024",
    "netpnl": 345044.808554
  },
  {
    "pnl": 0.0,
    "date": "2024-02-26T00:00:00",
    "weekday": "Feb 2024",
    "netpnl": 363314.326082
  },
  {
    "pnl": 0.0,
    "date": "2024-02-27T00:00:00",
    "weekday": "Feb 2024",
    "netpnl": 494357.988426
  },
  {
    "pnl": 0.0,
    "date": "2024-02-28T00:00:00",
    "weekday": "Feb 2024",
    "netpnl": 494357.988426
  },
  {
    "pnl": -137198.86571599997,
    "date": "2024-02-29T00:00:00",
    "weekday": "Feb 2024",
    "netpnl": 357159.12271
  },
  {
    "pnl": -137198.86571599997,
    "date": "2024-03-01T00:00:00",
    "weekday": "Mar 2024",
    "netpnl": 357159.12271
  },
  {
    "pnl": -137198.86571599997,
    "date": "2024-03-02T00:00:00",
    "weekday": "Mar 2024",
    "netpnl": 357159.12271
  },
  {
    "pnl": -137198.86571599997,
    "date": "2024-03-03T00:00:00",
    "weekday": "Mar 2024",
    "netpnl": 357159.12271
  },
  {
    "pnl": -102183.617607,
    "date": "2024-03-04T00:00:00",
    "weekday": "Mar 2024",
    "netpnl": 392174.370819
  },
  {
    "pnl": -143819.34441000002,
    "date": "2024-03-05T00:00:00",
    "weekday": "Mar 2024",
    "netpnl": 350538.644016
  },
  {
    "pnl": -144439.0943,
    "date": "2024-03-06T00:00:00",
    "weekday": "Mar 2024",
    "netpnl": 349918.894126
  },
  {
    "pnl": -40563.349517000024,
    "date": "2024-03-07T00:00:00",
    "weekday": "Mar 2024",
    "netpnl": 453794.638909
  },
  {
    "pnl": -40563.349517000024,
    "date": "2024-03-08T00:00:00",
    "weekday": "Mar 2024",
    "netpnl": 453794.638909
  },
  {
    "pnl": -40563.349517000024,
    "date": "2024-03-09T00:00:00",
    "weekday": "Mar 2024",
    "netpnl": 453794.638909
  },
  {
    "pnl": -40563.349517000024,
    "date": "2024-03-10T00:00:00",
    "weekday": "Mar 2024",
    "netpnl": 453794.638909
  },
  {
    "pnl": 0.0,
    "date": "2024-03-11T00:00:00",
    "weekday": "Mar 2024",
    "netpnl": 530445.330112
  },
  {
    "pnl": 0.0,
    "date": "2024-03-12T00:00:00",
    "weekday": "Mar 2024",
    "netpnl": 644259.397818
  },
  {
    "pnl": 0.0,
    "date": "2024-03-13T00:00:00",
    "weekday": "Mar 2024",
    "netpnl": 691690.0836430001
  },
  {
    "pnl": 0.0,
    "date": "2024-03-14T00:00:00",
    "weekday": "Mar 2024",
    "netpnl": 772461.4112170001
  },
  {
    "pnl": 0.0,
    "date": "2024-03-15T00:00:00",
    "weekday": "Mar 2024",
    "netpnl": 772461.4112170001
  },
  {
    "pnl": 0.0,
    "date": "2024-03-16T00:00:00",
    "weekday": "Mar 2024",
    "netpnl": 772461.4112170001
  },
  {
    "pnl": 0.0,
    "date": "2024-03-17T00:00:00",
    "weekday": "Mar 2024",
    "netpnl": 772461.4112170001
  },
  {
    "pnl": -8214.648404999985,
    "date": "2024-03-18T00:00:00",
    "weekday": "Mar 2024",
    "netpnl": 764246.7628120001
  },
  {
    "pnl": -69932.63639400003,
    "date": "2024-03-19T00:00:00",
    "weekday": "Mar 2024",
    "netpnl": 702528.7748230001
  }
]