[
  {
    "pnl": 0.0,
    "pnlstr": null,
    "date": "0001-01-01T00:00:00",
    "weekday": "Sunday",
    "charges": 0.0,
    "color": null
  },
  {
    "pnl": 37023.29754499999,
    "pnlstr": null,
    "date": "0001-01-01T00:00:00",
    "weekday": "Monday",
    "charges": 0.0,
    "color": null
  },
  {
    "pnl": 356403.404647,
    "pnlstr": null,
    "date": "0001-01-01T00:00:00",
    "weekday": "Tuesday",
    "charges": 0.0,
    "color": null
  },
  {
    "pnl": 63416.670198,
    "pnlstr": null,
    "date": "0001-01-01T00:00:00",
    "weekday": "Wednesday",
    "charges": 0.0,
    "color": null
  },
  {
    "pnl": 245685.402433,
    "pnlstr": null,
    "date": "0001-01-01T00:00:00",
    "weekday": "Thursday",
    "charges": 0.0,
    "color": null
  },
  {
    "pnl": 0.0,
    "pnlstr": null,
    "date": "0001-01-01T00:00:00",
    "weekday": "Friday",
    "charges": 0.0,
    "color": null
  },
  {
    "pnl": 0.0,
    "pnlstr": null,
    "date": "0001-01-01T00:00:00",
    "weekday": "Saturday",
    "charges": 0.0,
    "color": null
  }
]