[
  {
    "pnl": -28654.75,
    "netpnl": -36636.096445999996,
    "date": "2024-01-01T00:00:00",
    "weekday": "Jan 2024",
    "charges": 7981.346446,
    "color": null
  },
  {
    "pnl": 416499.5,
    "netpnl": 393795.21915599995,
    "date": "2024-02-01T00:00:00",
    "weekday": "Feb 2024",
    "charges": 22704.280843999997,
    "color": null
  },
  {
    "pnl": 358332.0,
    "netpnl": 345369.65211300005,
    "date": "2024-03-01T00:00:00",
    "weekday": "Mar 2024",
    "charges": 12962.347887,
    "color": null
  }
]