[
  {
    "pnl": -36636.096445999996,
    "pnlstr": null,
    "date": "2024-01-31T00:00:00",
    "weekday": "Jan 2024",
    "charges": 0.0,
    "color": null
  },
  {
    "pnl": 357159.12271,
    "pnlstr": null,
    "date": "2024-02-29T00:00:00",
    "weekday": "Feb 2024",
    "charges": 0.0,
    "color": null
  },
  {
    "pnl": 702528.7748230001,
    "pnlstr": null,
    "date": "2024-03-31T00:00:00",
    "weekday": "Mar 2024",
    "charges": 0.0,
    "color": null
  }
]