{
  "capital": 0.0,
  "totaltradingdays": 31,
  "windays": 20,
  "lossdays": 11,
  "maxwinningstreakdays": 7,
  "maxlosingstreakdays": 2,
  "maxdddays": 11,
  "maxdddaysstr": "28/02/2024 to 10/03/2024",
  "rewardtorisk": 0.0,
  "winrate": 64.51612903225806,
  "lossrate": 35.483870967741936,
  "avgmonthlyprofit": 351264.38741150004,
  "totalprofit": 702528.7748230001,
  "maxprofitaday": 131043.66,
  "maxlossaday": -137198.87,
  "avgprofit_lossdaily": 11907.267457627118,
  "avgprofitonprofitdays": 56442.36000000001,
  "avglossonlossdays": -38756.22,
  "maxdrawdown": 144439.0943,
  "maxdrawdownper": 0.0,
  "avgmonthlyprofitstr": "3.51L",
  "totalprofitstr": "7.03L",
  "maxprofitadaystr": "1.31L",
  "maxlossadaystr": "-1.37L",
  "avgprofit_lossdailystr": "11.91K",
  "avgprofitonprofitdaysstr": "56.44K",
  "avglossonlossdaysstr": "-38.76K",
  "maxdrawdownstr": "1.44L",
  "expectancyratio": 0.0
}