[
  {
    "pnl": 20374.5,
    "date": "2024-01-28T00:00:00",
    "weekday": "Jan 2024",
    "netpnl": 17237.907362
  },
  {
    "pnl": 80280.25,
    "date": "2024-02-04T00:00:00",
    "weekday": "Feb 2024",
    "netpnl": 70987.203238
  },
  {
    "pnl": 88468.0,
    "date": "2024-02-11T00:00:00",
    "weekday": "Feb 2024",
    "netpnl": 72967.704039
  },
  {
    "pnl": 244637.0,
    "date": "2024-02-18T00:00:00",
    "weekday": "Feb 2024",
    "netpnl": 223577.52865900003
  },
  {
    "pnl": 371139.0,
    "date": "2024-02-25T00:00:00",
    "weekday": "Feb 2024",
    "netpnl": 345044.808554
  },
  {
    "pnl": 387844.75,
    "date": "2024-03-03T00:00:00",
    "weekday": "Mar 2024",
    "netpnl": 357159.12271
  },
  {
    "pnl": 489676.5,
    "date": "2024-03-10T00:00:00",
    "weekday": "Mar 2024",
    "netpnl": 453794.638909
  },
  {
    "pnl": 813591.0,
    "date": "2024-03-17T00:00:00",
    "weekday": "Mar 2024",
    "netpnl": 772461.4112170001
  },
  {
    "pnl": 746176.75,
    "date": "2024-03-24T00:00:00",
    "weekday": "Mar 2024",
    "netpnl": 702528.7748230001
  }
]