[
  {
    "pnl": 20374.5,
    "netpnl": 17237.907362,
    "date": "2024-01-28T00:00:00",
    "weekday": "Jan 2024",
    "charges": 3136.592638,
    "color": null
  },
  {
    "pnl": 59905.75,
    "netpnl": 53749.295876000004,
    "date": "2024-02-04T00:00:00",
    "weekday": "Feb 2024",
    "charges": 6156.454124,
    "color": null
  },
  {
    "pnl": 8187.75,
    "netpnl": 1980.5008009999947,
    "date": "2024-02-11T00:00:00",
    "weekday": "Feb 2024",
    "charges": 6207.249199,
    "color": null
  },
  {
    "pnl": 156169.0,
    "netpnl": 150609.82462,
    "date": "2024-02-18T00:00:00",
    "weekday": "Feb 2024",
    "charges": 5559.17538,
    "color": null
  },
  {
    "pnl": 126502.0,
    "netpnl": 121467.279895,
    "date": "2024-02-25T00:00:00",
    "weekday": "Feb 2024",
    "charges": 5034.720105,
    "color": null
  },
  {
    "pnl": 16705.75,
    "netpnl": 12114.314156000008,
    "date": "2024-03-03T00:00:00",
    "weekday": "Mar 2024",
    "charges": 4591.435844,
    "color": null
  },
  {
    "pnl": 101831.75,
    "netpnl": 96635.516199,
    "date": "2024-03-10T00:00:00",
    "weekday": "Mar 2024",
    "charges": 5196.233801,
    "color": null
  },
  {
    "pnl": 323914.5,
    "netpnl": 318666.772308,
    "date": "2024-03-17T00:00:00",
    "weekday": "Mar 2024",
    "charges": 5247.7276919999995,
    "color": null
  },
  {
    "pnl": -67414.25,
    "netpnl": -69932.636394,
    "date": "2024-03-24T00:00:00",
    "weekday": "Mar 2024",
    "charges": 2518.386394,
    "color": null
  }
]