[
  {
    "pnl": 0.0,
    "date": "2023-09-23T00:00:00",
    "weekday": "Sep 2023",
    "netpnl": 0.0
  },
  {
    "pnl": 0.0,
    "date": "2023-09-24T00:00:00",
    "weekday": "Sep 2023",
    "netpnl": 0.0
  },
  {
    "pnl": 4296.75,
    "date": "2023-09-25T00:00:00",
    "weekday": "Sep 2023",
    "netpnl": 3648.6532079999997
  },
  {
    "pnl": 4684.5,
    "date": "2023-09-26T00:00:00",
    "weekday": "Sep 2023",
    "netpnl": 3754.2850529999996
  },
  {
    "pnl": 30654.0,
    "date": "2023-09-27T00:00:00",
    "weekday": "Sep 2023",
    "netpnl": 29513.798186
  },
  {
    "pnl": 51168.75,
    "date": "2023-09-28T00:00:00",
    "weekday": "Sep 2023",
    "netpnl": 49947.872205
  },
  {
    "pnl": 52734.75,
    "date": "2023-09-29T00:00:00",
    "weekday": "Sep 2023",
    "netpnl": 51175.718136
  },
  {
    "pnl": 52734.75,
    "date": "2023-09-30T00:00:00",
    "weekday": "Sep 2023",
    "netpnl": 51175.718136
  },
  {
    "pnl": 52734.75,
    "date": "2023-10-01T00:00:00",
    "weekday": "Oct 2023",
    "netpnl": 51175.718136
  },
  {
    "pnl": 52734.75,
    "date": "2023-10-02T00:00:00",
    "weekday": "Oct 2023",
    "netpnl": 51175.718136
  },
  {
    "pnl": 58414.5,
    "date": "2023-10-03T00:00:00",
    "weekday": "Oct 2023",
    "netpnl": 56729.096017
  },
  {
    "pnl": 80549.25,
    "date": "2023-10-04T00:00:00",
    "weekday": "Oct 2023",
    "netpnl": 78771.09968900001
  },
  {
    "pnl": 65371.5,
    "date": "2023-10-05T00:00:00",
    "weekday": "Oct 2023",
    "netpnl": 62721.513791000005
  },
  {
    "pnl": 56191.5,
    "date": "2023-10-06T00:00:00",
    "weekday": "Oct 2023",
    "netpnl": 52004.398438000004
  },
  {
    "pnl": 56191.5,
    "date": "2023-10-07T00:00:00",
    "weekday": "Oct 2023",
    "netpnl": 52004.398438000004
  },
  {
    "pnl": 56191.5,
    "date": "2023-10-08T00:00:00",
    "weekday": "Oct 2023",
    "netpnl": 52004.398438000004
  },
  {
    "pnl": 66074.25,
    "date": "2023-10-09T00:00:00",
    "weekday": "Oct 2023",
    "netpnl": 61173.823884000005
  },
  {
    "pnl": 80456.25,
    "date": "2023-10-10T00:00:00",
    "weekday": "Oct 2023",
    "netpnl": 75398.995843
  },
  {
    "pnl": 81038.25,
    "date": "2023-10-11T00:00:00",
    "weekday": "Oct 2023",
    "netpnl": 75421.19989500001
  },
  {
    "pnl": 88791.0,
    "date": "2023-10-12T00:00:00",
    "weekday": "Oct 2023",
    "netpnl": 82198.547351
  },
  {
    "pnl": 57935.25,
    "date": "2023-10-13T00:00:00",
    "weekday": "Oct 2023",
    "netpnl": 50618.489324
  },
  {
    "pnl": 57935.25,
    "date": "2023-10-14T00:00:00",
    "weekday": "Oct 2023",
    "netpnl": 50618.489324
  },
  {
    "pnl": 57935.25,
    "date": "2023-10-15T00:00:00",
    "weekday": "Oct 2023",
    "netpnl": 50618.489324
  },
  {
    "pnl": 25299.75,
    "date": "2023-10-16T00:00:00",
    "weekday": "Oct 2023",
    "netpnl": 17252.463171
  },
  {
    "pnl": 44676.75,
    "date": "2023-10-17T00:00:00",
    "weekday": "Oct 2023",
    "netpnl": 35229.985303
  },
  {
    "pnl": 49024.5,
    "date": "2023-10-18T00:00:00",
    "weekday": "Oct 2023",
    "netpnl": 39081.871669
  },
  {
    "pnl": 56668.5,
    "date": "2023-10-19T00:00:00",
    "weekday": "Oct 2023",
    "netpnl": 46121.823430000004
  },
  {
    "pnl": 68224.5,
    "date": "2023-10-20T00:00:00",
    "weekday": "Oct 2023",
    "netpnl": 57125.418608
  },
  {
    "pnl": 68224.5,
    "date": "2023-10-21T00:00:00",
    "weekday": "Oct 2023",
    "netpnl": 57125.418608
  },
  {
    "pnl": 68224.5,
    "date": "2023-10-22T00:00:00",
    "weekday": "Oct 2023",
    "netpnl": 57125.418608
  },
  {
    "pnl": 87793.5,
    "date": "2023-10-23T00:00:00",
    "weekday": "Oct 2023",
    "netpnl": 76035.19748700001
  },
  {
    "pnl": 87793.5,
    "date": "2023-10-24T00:00:00",
    "weekday": "Oct 2023",
    "netpnl": 76035.19748700001
  },
  {
    "pnl": 89079.0,
    "date": "2023-10-25T00:00:00",
    "weekday": "Oct 2023",
    "netpnl": 76874.51089300001
  },
  {
    "pnl": 122195.25,
    "date": "2023-10-26T00:00:00",
    "weekday": "Oct 2023",
    "netpnl": 109702.61135500002
  },
  {
    "pnl": 156750.0,
    "date": "2023-10-27T00:00:00",
    "weekday": "Oct 2023",
    "netpnl": 143491.861324
  },
  {
    "pnl": 156750.0,
    "date": "2023-10-28T00:00:00",
    "weekday": "Oct 2023",
    "netpnl": 143491.861324
  },
  {
    "pnl": 156750.0,
    "date": "2023-10-29T00:00:00",
    "weekday": "Oct 2023",
    "netpnl": 143491.861324
  },
  {
    "pnl": 146074.5,
    "date": "2023-10-30T00:00:00",
    "weekday": "Oct 2023",
    "netpnl": 132321.443564
  },
  {
    "pnl": 167553.0,
    "date": "2023-10-31T00:00:00",
    "weekday": "Oct 2023",
    "netpnl": 153677.62975599998
  },
  {
    "pnl": 193610.25,
    "date": "2023-11-01T00:00:00",
    "weekday": "Nov 2023",
    "netpnl": 179371.25231799996
  },
  {
    "pnl": 245082.75,
    "date": "2023-11-02T00:00:00",
    "weekday": "Nov 2023",
    "netpnl": 229627.03489899996
  },
  {
    "pnl": 238547.25,
    "date": "2023-11-03T00:00:00",
    "weekday": "Nov 2023",
    "netpnl": 221935.06944099994
  },
  {
    "pnl": 238547.25,
    "date": "2023-11-04T00:00:00",
    "weekday": "Nov 2023",
    "netpnl": 221935.06944099994
  },
  {
    "pnl": 238547.25,
    "date": "2023-11-05T00:00:00",
    "weekday": "Nov 2023",
    "netpnl": 221935.06944099994
  },
  {
    "pnl": 249849.75,
    "date": "2023-11-06T00:00:00",
    "weekday": "Nov 2023",
    "netpnl": 232734.25111599997
  },
  {
    "pnl": 293370.0,
    "date": "2023-11-07T00:00:00",
    "weekday": "Nov 2023",
    "netpnl": 275495.941374
  },
  {
    "pnl": 268119.0,
    "date": "2023-11-08T00:00:00",
    "weekday": "Nov 2023",
    "netpnl": 249666.37416799992
  },
  {
    "pnl": 245826.75,
    "date": "2023-11-09T00:00:00",
    "weekday": "Nov 2023",
    "netpnl": 223885.33170899993
  },
  {
    "pnl": 216127.5,
    "date": "2023-11-10T00:00:00",
    "weekday": "Nov 2023",
    "netpnl": 193646.80344399993
  },
  {
    "pnl": 216127.5,
    "date": "2023-11-11T00:00:00",
    "weekday": "Nov 2023",
    "netpnl": 193646.80344399993
  },
  {
    "pnl": 212444.25,
    "date": "2023-11-12T00:00:00",
    "weekday": "Nov 2023",
    "netpnl": 189687.39006399992
  },
  {
    "pnl": 175464.75,
    "date": "2023-11-13T00:00:00",
    "weekday": "Nov 2023",
    "netpnl": 152084.4805709999
  },
  {
    "pnl": 175464.75,
    "date": "2023-11-14T00:00:00",
    "weekday": "Nov 2023",
    "netpnl": 152084.4805709999
  },
  {
    "pnl": 171897.75,
    "date": "2023-11-15T00:00:00",
    "weekday": "Nov 2023",
    "netpnl": 148162.2167959999
  },
  {
    "pnl": 192129.0,
    "date": "2023-11-16T00:00:00",
    "weekday": "Nov 2023",
    "netpnl": 167838.1290279999
  },
  {
    "pnl": 156773.25,
    "date": "2023-11-17T00:00:00",
    "weekday": "Nov 2023",
    "netpnl": 131881.4959169999
  },
  {
    "pnl": 156773.25,
    "date": "2023-11-18T00:00:00",
    "weekday": "Nov 2023",
    "netpnl": 131881.4959169999
  },
  {
    "pnl": 156773.25,
    "date": "2023-11-19T00:00:00",
    "weekday": "Nov 2023",
    "netpnl": 131881.4959169999
  },
  {
    "pnl": 110538.75,
    "date": "2023-11-20T00:00:00",
    "weekday": "Nov 2023",
    "netpnl": 84931.7297779999
  },
  {
    "pnl": 91316.25,
    "date": "2023-11-21T00:00:00",
    "weekday": "Nov 2023",
    "netpnl": 64980.78343399991
  },
  {
    "pnl": 109092.75,
    "date": "2023-11-22T00:00:00",
    "weekday": "Nov 2023",
    "netpnl": 82547.00753799992
  },
  {
    "pnl": 91438.5,
    "date": "2023-11-23T00:00:00",
    "weekday": "Nov 2023",
    "netpnl": 64415.76836299992
  },
  {
    "pnl": 81300.0,
    "date": "2023-11-24T00:00:00",
    "weekday": "Nov 2023",
    "netpnl": 53869.012482999926
  },
  {
    "pnl": 81300.0,
    "date": "2023-11-25T00:00:00",
    "weekday": "Nov 2023",
    "netpnl": 53869.012482999926
  },
  {
    "pnl": 81300.0,
    "date": "2023-11-26T00:00:00",
    "weekday": "Nov 2023",
    "netpnl": 53869.012482999926
  },
  {
    "pnl": 81300.0,
    "date": "2023-11-27T00:00:00",
    "weekday": "Nov 2023",
    "netpnl": 53869.012482999926
  },
  {
    "pnl": 79061.25,
    "date": "2023-11-28T00:00:00",
    "weekday": "Nov 2023",
    "netpnl": 51379.06271599993
  },
  {
    "pnl": 67693.5,
    "date": "2023-11-29T00:00:00",
    "weekday": "Nov 2023",
    "netpnl": 39615.742358999996
  },
  {
    "pnl": 85125.0,
    "date": "2023-11-30T00:00:00",
    "weekday": "Nov 2023",
    "netpnl": 56886.72688999996
  },
  {
    "pnl": 91646.25,
    "date": "2023-12-01T00:00:00",
    "weekday": "Dec 2023",
    "netpnl": 62927.6863439999
  },
  {
    "pnl": 91646.25,
    "date": "2023-12-02T00:00:00",
    "weekday": "Dec 2023",
    "netpnl": 62927.6863439999
  },
  {
    "pnl": 91646.25,
    "date": "2023-12-03T00:00:00",
    "weekday": "Dec 2023",
    "netpnl": 62927.6863439999
  },
  {
    "pnl": 91646.25,
    "date": "2023-12-04T00:00:00",
    "weekday": "Dec 2023",
    "netpnl": 62927.6863439999
  },
  {
    "pnl": 114819.0,
    "date": "2023-12-05T00:00:00",
    "weekday": "Dec 2023",
    "netpnl": 85209.95055600003
  },
  {
    "pnl": 146017.5,
    "date": "2023-12-06T00:00:00",
    "weekday": "Dec 2023",
    "netpnl": 116295.76569799994
  },
  {
    "pnl": 145573.5,
    "date": "2023-12-07T00:00:00",
    "weekday": "Dec 2023",
    "netpnl": 115553.848448
  },
  {
    "pnl": 131095.5,
    "date": "2023-12-08T00:00:00",
    "weekday": "Dec 2023",
    "netpnl": 100113.10895599992
  },
  {
    "pnl": 131095.5,
    "date": "2023-12-09T00:00:00",
    "weekday": "Dec 2023",
    "netpnl": 100113.10895599992
  },
  {
    "pnl": 131095.5,
    "date": "2023-12-10T00:00:00",
    "weekday": "Dec 2023",
    "netpnl": 100113.10895599992
  },
  {
    "pnl": 100949.25,
    "date": "2023-12-11T00:00:00",
    "weekday": "Dec 2023",
    "netpnl": 69297.00502399998
  },
  {
    "pnl": 107122.5,
    "date": "2023-12-12T00:00:00",
    "weekday": "Dec 2023",
    "netpnl": 74578.62422600001
  },
  {
    "pnl": 128631.0,
    "date": "2023-12-13T00:00:00",
    "weekday": "Dec 2023",
    "netpnl": 95770.78069299992
  },
  {
    "pnl": 151234.5,
    "date": "2023-12-14T00:00:00",
    "weekday": "Dec 2023",
    "netpnl": 116855.43431299992
  },
  {
    "pnl": 171196.5,
    "date": "2023-12-15T00:00:00",
    "weekday": "Dec 2023",
    "netpnl": 136377.75003599998
  },
  {
    "pnl": 171196.5,
    "date": "2023-12-16T00:00:00",
    "weekday": "Dec 2023",
    "netpnl": 136377.75003599998
  },
  {
    "pnl": 171196.5,
    "date": "2023-12-17T00:00:00",
    "weekday": "Dec 2023",
    "netpnl": 136377.75003599998
  },
  {
    "pnl": 173411.25,
    "date": "2023-12-18T00:00:00",
    "weekday": "Dec 2023",
    "netpnl": 138403.6083299999
  },
  {
    "pnl": 196638.75,
    "date": "2023-12-19T00:00:00",
    "weekday": "Dec 2023",
    "netpnl": 161156.95693699992
  },
  {
    "pnl": 186239.25,
    "date": "2023-12-20T00:00:00",
    "weekday": "Dec 2023",
    "netpnl": 150121.16335199983
  },
  {
    "pnl": 157992.0,
    "date": "2023-12-21T00:00:00",
    "weekday": "Dec 2023",
    "netpnl": 120958.3351799999
  },
  {
    "pnl": 183424.5,
    "date": "2023-12-22T00:00:00",
    "weekday": "Dec 2023",
    "netpnl": 145849.84923799988
  },
  {
    "pnl": 183424.5,
    "date": "2023-12-23T00:00:00",
    "weekday": "Dec 2023",
    "netpnl": 145849.84923799988
  },
  {
    "pnl": 183424.5,
    "date": "2023-12-24T00:00:00",
    "weekday": "Dec 2023",
    "netpnl": 145849.84923799988
  },
  {
    "pnl": 183424.5,
    "date": "2023-12-25T00:00:00",
    "weekday": "Dec 2023",
    "netpnl": 145849.84923799988
  },
  {
    "pnl": 182616.75,
    "date": "2023-12-26T00:00:00",
    "weekday": "Dec 2023",
    "netpnl": 144618.04966099997
  },
  {
    "pnl": 194475.0,
    "date": "2023-12-27T00:00:00",
    "weekday": "Dec 2023",
    "netpnl": 155296.8255119999
  },
  {
    "pnl": 216907.5,
    "date": "2023-12-28T00:00:00",
    "weekday": "Dec 2023",
    "netpnl": 177078.1936479999
  },
  {
    "pnl": 226888.5,
    "date": "2023-12-29T00:00:00",
    "weekday": "Dec 2023",
    "netpnl": 186698.0771009999
  },
  {
    "pnl": 226888.5,
    "date": "2023-12-30T00:00:00",
    "weekday": "Dec 2023",
    "netpnl": 186698.0771009999
  },
  {
    "pnl": 226888.5,
    "date": "2023-12-31T00:00:00",
    "weekday": "Dec 2023",
    "netpnl": 186698.0771009999
  },
  {
    "pnl": 240360.0,
    "date": "2024-01-01T00:00:00",
    "weekday": "Jan 2024",
    "netpnl": 199245.1873329999
  },
  {
    "pnl": 245625.75,
    "date": "2024-01-02T00:00:00",
    "weekday": "Jan 2024",
    "netpnl": 204322.14331999992
  },
  {
    "pnl": 235700.25,
    "date": "2024-01-03T00:00:00",
    "weekday": "Jan 2024",
    "netpnl": 193491.5252879999
  },
  {
    "pnl": 233001.0,
    "date": "2024-01-04T00:00:00",
    "weekday": "Jan 2024",
    "netpnl": 190222.28124199994
  },
  {
    "pnl": 245715.0,
    "date": "2024-01-05T00:00:00",
    "weekday": "Jan 2024",
    "netpnl": 202723.36922999995
  },
  {
    "pnl": 245715.0,
    "date": "2024-01-06T00:00:00",
    "weekday": "Jan 2024",
    "netpnl": 202723.36922999995
  },
  {
    "pnl": 245715.0,
    "date": "2024-01-07T00:00:00",
    "weekday": "Jan 2024",
    "netpnl": 202723.36922999995
  },
  {
    "pnl": 180027.75,
    "date": "2024-01-08T00:00:00",
    "weekday": "Jan 2024",
    "netpnl": 136320.6726329999
  },
  {
    "pnl": 204637.5,
    "date": "2024-01-09T00:00:00",
    "weekday": "Jan 2024",
    "netpnl": 160594.1879609999
  },
  {
    "pnl": 225300.75,
    "date": "2024-01-10T00:00:00",
    "weekday": "Jan 2024",
    "netpnl": 180966.55296699982
  },
  {
    "pnl": 238068.75,
    "date": "2024-01-11T00:00:00",
    "weekday": "Jan 2024",
    "netpnl": 193474.22373299988
  },
  {
    "pnl": 243562.5,
    "date": "2024-01-12T00:00:00",
    "weekday": "Jan 2024",
    "netpnl": 198189.8808719999
  },
  {
    "pnl": 243562.5,
    "date": "2024-01-13T00:00:00",
    "weekday": "Jan 2024",
    "netpnl": 198189.8808719999
  },
  {
    "pnl": 243562.5,
    "date": "2024-01-14T00:00:00",
    "weekday": "Jan 2024",
    "netpnl": 198189.8808719999
  },
  {
    "pnl": 191952.0,
    "date": "2024-01-15T00:00:00",
    "weekday": "Jan 2024",
    "netpnl": 145166.83592499996
  },
  {
    "pnl": 189624.0,
    "date": "2024-01-16T00:00:00",
    "weekday": "Jan 2024",
    "netpnl": 141632.81381199992
  },
  {
    "pnl": 249241.5,
    "date": "2024-01-17T00:00:00",
    "weekday": "Jan 2024",
    "netpnl": 201069.62096999993
  },
  {
    "pnl": 260397.0,
    "date": "2024-01-18T00:00:00",
    "weekday": "Jan 2024",
    "netpnl": 211761.57306999993
  },
  {
    "pnl": 314493.0,
    "date": "2024-01-19T00:00:00",
    "weekday": "Jan 2024",
    "netpnl": 265284.511658
  },
  {
    "pnl": 313334.25,
    "date": "2024-01-20T00:00:00",
    "weekday": "Jan 2024",
    "netpnl": 261023.37242699988
  },
  {
    "pnl": 313334.25,
    "date": "2024-01-21T00:00:00",
    "weekday": "Jan 2024",
    "netpnl": 261023.37242699988
  },
  {
    "pnl": 313334.25,
    "date": "2024-01-22T00:00:00",
    "weekday": "Jan 2024",
    "netpnl": 261023.37242699988
  },
  {
    "pnl": 260322.25,
    "date": "2024-01-23T00:00:00",
    "weekday": "Jan 2024",
    "netpnl": 201423.8965129999
  },
  {
    "pnl": 276588.25,
    "date": "2024-01-24T00:00:00",
    "weekday": "Jan 2024",
    "netpnl": 216849.81457199994
  },
  {
    "pnl": 216481.75,
    "date": "2024-01-25T00:00:00",
    "weekday": "Jan 2024",
    "netpnl": 154879.7987279998
  },
  {
    "pnl": 216481.75,
    "date": "2024-01-26T00:00:00",
    "weekday": "Jan 2024",
    "netpnl": 154879.7987279998
  },
  {
    "pnl": 216481.75,
    "date": "2024-01-27T00:00:00",
    "weekday": "Jan 2024",
    "netpnl": 154879.7987279998
  },
  {
    "pnl": 216481.75,
    "date": "2024-01-28T00:00:00",
    "weekday": "Jan 2024",
    "netpnl": 154879.7987279998
  },
  {
    "pnl": 168801.25,
    "date": "2024-01-29T00:00:00",
    "weekday": "Jan 2024",
    "netpnl": 106395.66447699987
  },
  {
    "pnl": 189673.75,
    "date": "2024-01-30T00:00:00",
    "weekday": "Jan 2024",
    "netpnl": 126647.44977199993
  },
  {
    "pnl": 206302.0,
    "date": "2024-01-31T00:00:00",
    "weekday": "Jan 2024",
    "netpnl": 143039.3590939999
  },
  {
    "pnl": 215494.75,
    "date": "2024-02-01T00:00:00",
    "weekday": "Feb 2024",
    "netpnl": 152030.01739899977
  },
  {
    "pnl": 228514.75,
    "date": "2024-02-02T00:00:00",
    "weekday": "Feb 2024",
    "netpnl": 164560.95401999983
  },
  {
    "pnl": 228514.75,
    "date": "2024-02-03T00:00:00",
    "weekday": "Feb 2024",
    "netpnl": 164560.95401999983
  },
  {
    "pnl": 228514.75,
    "date": "2024-02-04T00:00:00",
    "weekday": "Feb 2024",
    "netpnl": 164560.95401999983
  },
  {
    "pnl": 171206.5,
    "date": "2024-02-05T00:00:00",
    "weekday": "Feb 2024",
    "netpnl": 106696.01596199998
  },
  {
    "pnl": 157666.75,
    "date": "2024-02-06T00:00:00",
    "weekday": "Feb 2024",
    "netpnl": 92729.33490999995
  },
  {
    "pnl": 177952.75,
    "date": "2024-02-07T00:00:00",
    "weekday": "Feb 2024",
    "netpnl": 112939.4880349999
  },
  {
    "pnl": 197959.0,
    "date": "2024-02-08T00:00:00",
    "weekday": "Feb 2024",
    "netpnl": 132593.92674199987
  },
  {
    "pnl": 221692.0,
    "date": "2024-02-09T00:00:00",
    "weekday": "Feb 2024",
    "netpnl": 156146.5575349999
  },
  {
    "pnl": 221692.0,
    "date": "2024-02-10T00:00:00",
    "weekday": "Feb 2024",
    "netpnl": 156146.5575349999
  },
  {
    "pnl": 221692.0,
    "date": "2024-02-11T00:00:00",
    "weekday": "Feb 2024",
    "netpnl": 156146.5575349999
  },
  {
    "pnl": 246132.25,
    "date": "2024-02-12T00:00:00",
    "weekday": "Feb 2024",
    "netpnl": 180278.7136029998
  },
  {
    "pnl": 253168.75,
    "date": "2024-02-13T00:00:00",
    "weekday": "Feb 2024",
    "netpnl": 187007.22661999986
  },
  {
    "pnl": 240077.5,
    "date": "2024-02-14T00:00:00",
    "weekday": "Feb 2024",
    "netpnl": 173380.39490999992
  },
  {
    "pnl": 198548.5,
    "date": "2024-02-15T00:00:00",
    "weekday": "Feb 2024",
    "netpnl": 131146.24475499982
  },
  {
    "pnl": 203776.75,
    "date": "2024-02-16T00:00:00",
    "weekday": "Feb 2024",
    "netpnl": 136155.8127269998
  },
  {
    "pnl": 203776.75,
    "date": "2024-02-17T00:00:00",
    "weekday": "Feb 2024",
    "netpnl": 136155.8127269998
  },
  {
    "pnl": 203776.75,
    "date": "2024-02-18T00:00:00",
    "weekday": "Feb 2024",
    "netpnl": 136155.8127269998
  },
  {
    "pnl": 210259.75,
    "date": "2024-02-19T00:00:00",
    "weekday": "Feb 2024",
    "netpnl": 142315.5368729998
  },
  {
    "pnl": 218137.75,
    "date": "2024-02-20T00:00:00",
    "weekday": "Feb 2024",
    "netpnl": 149900.7117359998
  },
  {
    "pnl": 233894.5,
    "date": "2024-02-21T00:00:00",
    "weekday": "Feb 2024",
    "netpnl": 165420.21783999982
  },
  {
    "pnl": 265983.25,
    "date": "2024-02-22T00:00:00",
    "weekday": "Feb 2024",
    "netpnl": 197330.50004499988
  },
  {
    "pnl": 200285.5,
    "date": "2024-02-23T00:00:00",
    "weekday": "Feb 2024",
    "netpnl": 130773.64287999988
  },
  {
    "pnl": 200285.5,
    "date": "2024-02-24T00:00:00",
    "weekday": "Feb 2024",
    "netpnl": 130773.64287999988
  },
  {
    "pnl": 200285.5,
    "date": "2024-02-25T00:00:00",
    "weekday": "Feb 2024",
    "netpnl": 130773.64287999988
  },
  {
    "pnl": 203002.75,
    "date": "2024-02-26T00:00:00",
    "weekday": "Feb 2024",
    "netpnl": 133126.82644299988
  },
  {
    "pnl": 198680.5,
    "date": "2024-02-27T00:00:00",
    "weekday": "Feb 2024",
    "netpnl": 128466.55831099988
  },
  {
    "pnl": 225181.75,
    "date": "2024-02-28T00:00:00",
    "weekday": "Feb 2024",
    "netpnl": 154860.2314059999
  },
  {
    "pnl": 186965.5,
    "date": "2024-02-29T00:00:00",
    "weekday": "Feb 2024",
    "netpnl": 116364.17980299989
  },
  {
    "pnl": 216263.5,
    "date": "2024-03-01T00:00:00",
    "weekday": "Mar 2024",
    "netpnl": 145477.7111039999
  },
  {
    "pnl": 216263.5,
    "date": "2024-03-02T00:00:00",
    "weekday": "Mar 2024",
    "netpnl": 145477.7111039999
  },
  {
    "pnl": 216263.5,
    "date": "2024-03-03T00:00:00",
    "weekday": "Mar 2024",
    "netpnl": 145477.7111039999
  },
  {
    "pnl": 249577.0,
    "date": "2024-03-04T00:00:00",
    "weekday": "Mar 2024",
    "netpnl": 178582.9617919999
  },
  {
    "pnl": 263643.25,
    "date": "2024-03-05T00:00:00",
    "weekday": "Mar 2024",
    "netpnl": 192270.9640159999
  },
  {
    "pnl": 295765.75,
    "date": "2024-03-06T00:00:00",
    "weekday": "Mar 2024",
    "netpnl": 224073.6854759999
  },
  {
    "pnl": 331099.0,
    "date": "2024-03-07T00:00:00",
    "weekday": "Mar 2024",
    "netpnl": 259178.7493629999
  },
  {
    "pnl": 331099.0,
    "date": "2024-03-08T00:00:00",
    "weekday": "Mar 2024",
    "netpnl": 259178.7493629999
  },
  {
    "pnl": 331099.0,
    "date": "2024-03-09T00:00:00",
    "weekday": "Mar 2024",
    "netpnl": 259178.7493629999
  },
  {
    "pnl": 331099.0,
    "date": "2024-03-10T00:00:00",
    "weekday": "Mar 2024",
    "netpnl": 259178.7493629999
  },
  {
    "pnl": 379998.25,
    "date": "2024-03-11T00:00:00",
    "weekday": "Mar 2024",
    "netpnl": 307899.48811899987
  },
  {
    "pnl": 310156.0,
    "date": "2024-03-12T00:00:00",
    "weekday": "Mar 2024",
    "netpnl": 237572.63048799988
  },
  {
    "pnl": 360704.5,
    "date": "2024-03-13T00:00:00",
    "weekday": "Mar 2024",
    "netpnl": 287702.4320959999
  },
  {
    "pnl": 352552.75,
    "date": "2024-03-14T00:00:00",
    "weekday": "Mar 2024",
    "netpnl": 278665.1110399999
  },
  {
    "pnl": 367657.75,
    "date": "2024-03-15T00:00:00",
    "weekday": "Mar 2024",
    "netpnl": 293189.8766879999
  },
  {
    "pnl": 367657.75,
    "date": "2024-03-16T00:00:00",
    "weekday": "Mar 2024",
    "netpnl": 293189.8766879999
  },
  {
    "pnl": 367657.75,
    "date": "2024-03-17T00:00:00",
    "weekday": "Mar 2024",
    "netpnl": 293189.8766879999
  },
  {
    "pnl": 391187.5,
    "date": "2024-03-18T00:00:00",
    "weekday": "Mar 2024",
    "netpnl": 315977.24225899985
  },
  {
    "pnl": 433718.5,
    "date": "2024-03-19T00:00:00",
    "weekday": "Mar 2024",
    "netpnl": 358105.3392629998
  }
]