[
  {
    "pnl": 52734.75,
    "date": "2023-09-30T00:00:00",
    "weekday": "Sep 2023",
    "netpnl": 51175.718136
  },
  {
    "pnl": 167553.0,
    "date": "2023-10-31T00:00:00",
    "weekday": "Oct 2023",
    "netpnl": 153677.62975599998
  },
  {
    "pnl": 85125.0,
    "date": "2023-11-30T00:00:00",
    "weekday": "Nov 2023",
    "netpnl": 56886.72688999996
  },
  {
    "pnl": 226888.5,
    "date": "2023-12-31T00:00:00",
    "weekday": "Dec 2023",
    "netpnl": 186698.0771009999
  },
  {
    "pnl": 206302.0,
    "date": "2024-01-31T00:00:00",
    "weekday": "Jan 2024",
    "netpnl": 143039.3590939999
  },
  {
    "pnl": 186965.5,
    "date": "2024-02-29T00:00:00",
    "weekday": "Feb 2024",
    "netpnl": 116364.17980299989
  },
  {
    "pnl": 433718.5,
    "date": "2024-03-31T00:00:00",
    "weekday": "Mar 2024",
    "netpnl": 358105.3392629998
  }
]