[
  {
    "pnl": 51175.72,
    "pnlstr": null,
    "date": "2023-09-30T00:00:00",
    "weekday": "Sep 2023",
    "charges": 0.0,
    "color": null
  },
  {
    "pnl": 102501.91,
    "pnlstr": null,
    "date": "2023-10-31T00:00:00",
    "weekday": "Oct 2023",
    "charges": 0.0,
    "color": null
  },
  {
    "pnl": -96790.9,
    "pnlstr": null,
    "date": "2023-11-30T00:00:00",
    "weekday": "Nov 2023",
    "charges": 0.0,
    "color": null
  },
  {
    "pnl": 129811.35,
    "pnlstr": null,
    "date": "2023-12-31T00:00:00",
    "weekday": "Dec 2023",
    "charges": 0.0,
    "color": null
  },
  {
    "pnl": -43658.72,
    "pnlstr": null,
    "date": "2024-01-31T00:00:00",
    "weekday": "Jan 2024",
    "charges": 0.0,
    "color": null
  },
  {
    "pnl": -26675.18,
    "pnlstr": null,
    "date": "2024-02-29T00:00:00",
    "weekday": "Feb 2024",
    "charges": 0.0,
    "color": null
  },
  {
    "pnl": 241741.16,
    "pnlstr": null,
    "date": "2024-03-31T00:00:00",
    "weekday": "Mar 2024",
    "charges": 0.0,
    "color": null
  }
]