{
  "capital": 0.0,
  "totaltradingdays": 120,
  "windays": 77,
  "lossdays": 43,
  "maxwinningstreakdays": 8,
  "maxlosingstreakdays": 6,
  "maxdddays": 124,
  "maxdddaysstr": "07/11/2023 to 10/03/2024",
  "rewardtorisk": 0.0,
  "winrate": 64.16666666666667,
  "lossrate": 35.833333333333336,
  "avgmonthlyprofit": 44763.16740787498,
  "totalprofit": 358105.3392629998,
  "maxprofitaday": 59436.81,
  "maxlossaday": -70326.86,
  "avgprofit_lossdaily": 2000.5883798882678,
  "avgprofitonprofitdays": 18939.952987012988,
  "avglossonlossdays": -25587.69906976745,
  "maxdrawdown": 235880.199015,
  "maxdrawdownper": 0.0,
  "avgmonthlyprofitstr": "44.76K",
  "totalprofitstr": "3.58L",
  "maxprofitadaystr": "59.44K",
  "maxlossadaystr": "-70.33K",
  "avgprofit_lossdailystr": "2K",
  "avgprofitonprofitdaysstr": "18.94K",
  "avglossonlossdaysstr": "-25.59K",
  "maxdrawdownstr": "2.36L",
  "expectancyratio": 0.0
}