[
  {
    "pnl": 0.0,
    "date": "2023-09-24T00:00:00",
    "weekday": "Sep 2023",
    "netpnl": 0.0
  },
  {
    "pnl": 52734.75,
    "date": "2023-10-01T00:00:00",
    "weekday": "Oct 2023",
    "netpnl": 51175.718136
  },
  {
    "pnl": 56191.5,
    "date": "2023-10-08T00:00:00",
    "weekday": "Oct 2023",
    "netpnl": 52004.398438000004
  },
  {
    "pnl": 57935.25,
    "date": "2023-10-15T00:00:00",
    "weekday": "Oct 2023",
    "netpnl": 50618.489324
  },
  {
    "pnl": 68224.5,
    "date": "2023-10-22T00:00:00",
    "weekday": "Oct 2023",
    "netpnl": 57125.418608
  },
  {
    "pnl": 156750.0,
    "date": "2023-10-29T00:00:00",
    "weekday": "Oct 2023",
    "netpnl": 143491.861324
  },
  {
    "pnl": 238547.25,
    "date": "2023-11-05T00:00:00",
    "weekday": "Nov 2023",
    "netpnl": 221935.06944099994
  },
  {
    "pnl": 212444.25,
    "date": "2023-11-12T00:00:00",
    "weekday": "Nov 2023",
    "netpnl": 189687.39006399992
  },
  {
    "pnl": 156773.25,
    "date": "2023-11-19T00:00:00",
    "weekday": "Nov 2023",
    "netpnl": 131881.4959169999
  },
  {
    "pnl": 81300.0,
    "date": "2023-11-26T00:00:00",
    "weekday": "Nov 2023",
    "netpnl": 53869.012482999926
  },
  {
    "pnl": 91646.25,
    "date": "2023-12-03T00:00:00",
    "weekday": "Dec 2023",
    "netpnl": 62927.6863439999
  },
  {
    "pnl": 131095.5,
    "date": "2023-12-10T00:00:00",
    "weekday": "Dec 2023",
    "netpnl": 100113.10895599992
  },
  {
    "pnl": 171196.5,
    "date": "2023-12-17T00:00:00",
    "weekday": "Dec 2023",
    "netpnl": 136377.75003599998
  },
  {
    "pnl": 183424.5,
    "date": "2023-12-24T00:00:00",
    "weekday": "Dec 2023",
    "netpnl": 145849.84923799988
  },
  {
    "pnl": 226888.5,
    "date": "2023-12-31T00:00:00",
    "weekday": "Dec 2023",
    "netpnl": 186698.0771009999
  },
  {
    "pnl": 245715.0,
    "date": "2024-01-07T00:00:00",
    "weekday": "Jan 2024",
    "netpnl": 202723.36922999995
  },
  {
    "pnl": 243562.5,
    "date": "2024-01-14T00:00:00",
    "weekday": "Jan 2024",
    "netpnl": 198189.8808719999
  },
  {
    "pnl": 313334.25,
    "date": "2024-01-21T00:00:00",
    "weekday": "Jan 2024",
    "netpnl": 261023.37242699988
  },
  {
    "pnl": 216481.75,
    "date": "2024-01-28T00:00:00",
    "weekday": "Jan 2024",
    "netpnl": 154879.7987279998
  },
  {
    "pnl": 228514.75,
    "date": "2024-02-04T00:00:00",
    "weekday": "Feb 2024",
    "netpnl": 164560.95401999983
  },
  {
    "pnl": 221692.0,
    "date": "2024-02-11T00:00:00",
    "weekday": "Feb 2024",
    "netpnl": 156146.5575349999
  },
  {
    "pnl": 203776.75,
    "date": "2024-02-18T00:00:00",
    "weekday": "Feb 2024",
    "netpnl": 136155.8127269998
  },
  {
    "pnl": 200285.5,
    "date": "2024-02-25T00:00:00",
    "weekday": "Feb 2024",
    "netpnl": 130773.64287999988
  },
  {
    "pnl": 216263.5,
    "date": "2024-03-03T00:00:00",
    "weekday": "Mar 2024",
    "netpnl": 145477.7111039999
  },
  {
    "pnl": 331099.0,
    "date": "2024-03-10T00:00:00",
    "weekday": "Mar 2024",
    "netpnl": 259178.7493629999
  },
  {
    "pnl": 367657.75,
    "date": "2024-03-17T00:00:00",
    "weekday": "Mar 2024",
    "netpnl": 293189.8766879999
  },
  {
    "pnl": 433718.5,
    "date": "2024-03-24T00:00:00",
    "weekday": "Mar 2024",
    "netpnl": 358105.3392629998
  }
]