{
  "realisedpnl": {
    "endvalue": 2.46753,
    "actualvalue": 246753.0,
    "decimalplaces": 2,
    "suffix": "L",
    "color": "#f5803e",
    "name": "Realised PNL",
    "prefix": "+"
  },
  "totalpnl": {
    "endvalue": 2.5176484054,
    "actualvalue": 251764.84054,
    "decimalplaces": 2,
    "suffix": "L",
    "color": "#f5803e",
    "name": "Total PNL",
    "prefix": ""
  },
  "chargestaxes": {
    "endvalue": 5.011840540000001,
    "actualvalue": 5011.84054,
    "decimalplaces": 2,
    "suffix": "K",
    "color": "#27bcfd",
    "name": "Charges Taxes",
    "prefix": ""
  },
  "netrealisedpnl": {
    "endvalue": 2.4174115946,
    "actualvalue": 241741.15946,
    "decimalplaces": 2,
    "suffix": "L",
    "color": "#00d27a",
    "name": "NetRealised PNL",
    "prefix": "+"
  },
  "unrealisedpnl": {
    "endvalue": 0.0,
    "actualvalue": 0.0,
    "decimalplaces": 2,
    "suffix": "",
    "color": "#2c7be5",
    "name": "Unrealised PNL",
    "prefix": ""
  },
  "name": null,
  "total": 0,
  "totaltradingdays": 0,
  "barchart": null,
  "winrate": 83.33333333333334,
  "pnlddratio": 3.4373945829969905,
  "maxdrawdownint": 0.0,
  "maxdrawdown": null,
  "maxdate": null,
  "mindate": null
}