[
  {
    "pnl": 29298.0,
    "date": "2024-03-01T00:00:00",
    "weekday": "Mar 2024",
    "netpnl": 29113.531301
  },
  {
    "pnl": 29298.0,
    "date": "2024-03-02T00:00:00",
    "weekday": "Mar 2024",
    "netpnl": 29113.531301
  },
  {
    "pnl": 29298.0,
    "date": "2024-03-03T00:00:00",
    "weekday": "Mar 2024",
    "netpnl": 29113.531301
  },
  {
    "pnl": 62611.5,
    "date": "2024-03-04T00:00:00",
    "weekday": "Mar 2024",
    "netpnl": 62218.781988999996
  },
  {
    "pnl": 76677.75,
    "date": "2024-03-05T00:00:00",
    "weekday": "Mar 2024",
    "netpnl": 75906.78421299999
  },
  {
    "pnl": 108800.25,
    "date": "2024-03-06T00:00:00",
    "weekday": "Mar 2024",
    "netpnl": 107709.50567299999
  },
  {
    "pnl": 144133.5,
    "date": "2024-03-07T00:00:00",
    "weekday": "Mar 2024",
    "netpnl": 142814.56955999997
  },
  {
    "pnl": 144133.5,
    "date": "2024-03-08T00:00:00",
    "weekday": "Mar 2024",
    "netpnl": 142814.56955999997
  },
  {
    "pnl": 144133.5,
    "date": "2024-03-09T00:00:00",
    "weekday": "Mar 2024",
    "netpnl": 142814.56955999997
  },
  {
    "pnl": 144133.5,
    "date": "2024-03-10T00:00:00",
    "weekday": "Mar 2024",
    "netpnl": 142814.56955999997
  },
  {
    "pnl": 193032.75,
    "date": "2024-03-11T00:00:00",
    "weekday": "Mar 2024",
    "netpnl": 191535.30831599998
  },
  {
    "pnl": 123190.5,
    "date": "2024-03-12T00:00:00",
    "weekday": "Mar 2024",
    "netpnl": 121208.45068499997
  },
  {
    "pnl": 173739.0,
    "date": "2024-03-13T00:00:00",
    "weekday": "Mar 2024",
    "netpnl": 171338.25229299997
  },
  {
    "pnl": 165587.25,
    "date": "2024-03-14T00:00:00",
    "weekday": "Mar 2024",
    "netpnl": 162300.93123699998
  },
  {
    "pnl": 180692.25,
    "date": "2024-03-15T00:00:00",
    "weekday": "Mar 2024",
    "netpnl": 176825.69688499998
  },
  {
    "pnl": 180692.25,
    "date": "2024-03-16T00:00:00",
    "weekday": "Mar 2024",
    "netpnl": 176825.69688499998
  },
  {
    "pnl": 180692.25,
    "date": "2024-03-17T00:00:00",
    "weekday": "Mar 2024",
    "netpnl": 176825.69688499998
  },
  {
    "pnl": 204222.0,
    "date": "2024-03-18T00:00:00",
    "weekday": "Mar 2024",
    "netpnl": 199613.06245599999
  },
  {
    "pnl": 246753.0,
    "date": "2024-03-19T00:00:00",
    "weekday": "Mar 2024",
    "netpnl": 241741.15946
  }
]