{
  "capital": 0.0,
  "totaltradingdays": 12,
  "windays": 10,
  "lossdays": 2,
  "maxwinningstreakdays": 6,
  "maxlosingstreakdays": 1,
  "maxdddays": 6,
  "maxdddaysstr": "11/03/2024 to 17/03/2024",
  "rewardtorisk": 0.0,
  "winrate": 83.33333333333334,
  "lossrate": 16.666666666666664,
  "avgmonthlyprofit": 0.0,
  "totalprofit": 241741.15946,
  "maxprofitaday": 50129.8,
  "maxlossaday": -70326.86,
  "avgprofit_lossdaily": 12723.21894736842,
  "avgprofitonprofitdays": 32110.533999999996,
  "avglossonlossdays": -39682.09,
  "maxdrawdown": 70326.857631,
  "maxdrawdownper": 0.0,
  "avgmonthlyprofitstr": "",
  "totalprofitstr": "2.42L",
  "maxprofitadaystr": "50.13K",
  "maxlossadaystr": "-70.33K",
  "avgprofit_lossdailystr": "12.72K",
  "avgprofitonprofitdaysstr": "32.11K",
  "avglossonlossdaysstr": "-39.68K",
  "maxdrawdownstr": "70.33K",
  "expectancyratio": 0.0
}