[
  {
    "pnl": 29298.0,
    "date": "2024-03-03T00:00:00",
    "weekday": "Mar 2024",
    "netpnl": 29113.531301
  },
  {
    "pnl": 144133.5,
    "date": "2024-03-10T00:00:00",
    "weekday": "Mar 2024",
    "netpnl": 142814.56955999997
  },
  {
    "pnl": 180692.25,
    "date": "2024-03-17T00:00:00",
    "weekday": "Mar 2024",
    "netpnl": 176825.69688499998
  },
  {
    "pnl": 246753.0,
    "date": "2024-03-24T00:00:00",
    "weekday": "Mar 2024",
    "netpnl": 241741.15946
  }
]