[
  {
    "pnl": 29298.0,
    "netpnl": 29113.531301,
    "date": "2024-03-03T00:00:00",
    "weekday": "Mar 2024",
    "charges": 184.46869900000002,
    "color": null
  },
  {
    "pnl": 114835.5,
    "netpnl": 113701.038259,
    "date": "2024-03-10T00:00:00",
    "weekday": "Mar 2024",
    "charges": 1134.461741,
    "color": null
  },
  {
    "pnl": 36558.75,
    "netpnl": 34011.127324999994,
    "date": "2024-03-17T00:00:00",
    "weekday": "Mar 2024",
    "charges": 2547.622675,
    "color": null
  },
  {
    "pnl": 66060.75,
    "netpnl": 64915.462575,
    "date": "2024-03-24T00:00:00",
    "weekday": "Mar 2024",
    "charges": 1145.287425,
    "color": null
  }
]