{
  "realisedpnl": {
    "endvalue": 3.35142,
    "actualvalue": 335142.0,
    "decimalplaces": 2,
    "suffix": "L",
    "color": "#f5803e",
    "name": "Realised PNL",
    "prefix": "+"
  },
  "totalpnl": {
    "endvalue": 3.49541820493,
    "actualvalue": 349541.820493,
    "decimalplaces": 2,
    "suffix": "L",
    "color": "#f5803e",
    "name": "Total PNL",
    "prefix": ""
  },
  "chargestaxes": {
    "endvalue": 14.399820493,
    "actualvalue": 14399.820493,
    "decimalplaces": 2,
    "suffix": "K",
    "color": "#27bcfd",
    "name": "Charges Taxes",
    "prefix": ""
  },
  "netrealisedpnl": {
    "endvalue": 3.20742179507,
    "actualvalue": 320742.179507,
    "decimalplaces": 2,
    "suffix": "L",
    "color": "#00d27a",
    "name": "NetRealised PNL",
    "prefix": "+"
  },
  "unrealisedpnl": {
    "endvalue": 0.0,
    "actualvalue": 0.0,
    "decimalplaces": 2,
    "suffix": "",
    "color": "#2c7be5",
    "name": "Unrealised PNL",
    "prefix": ""
  },
  "name": null,
  "total": 0,
  "totaltradingdays": 0,
  "barchart": null,
  "winrate": 54.54545454545454,
  "pnlddratio": 3.3919396127916905,
  "maxdrawdownint": 0.0,
  "maxdrawdown": null,
  "maxdate": null,
  "mindate": null
}