{
  "capital": 0.0,
  "totaltradingdays": 11,
  "windays": 6,
  "lossdays": 5,
  "maxwinningstreakdays": 5,
  "maxlosingstreakdays": 3,
  "maxdddays": 3,
  "maxdddaysstr": "17/03/2024 to 20/03/2024",
  "rewardtorisk": 0.0,
  "winrate": 54.54545454545454,
  "lossrate": 45.45454545454545,
  "avgmonthlyprofit": 0.0,
  "totalprofit": 320742.179507,
  "maxprofitaday": 113814.07,
  "maxlossaday": -61717.99,
  "avgprofit_lossdaily": 16037.109000000002,
  "avgprofitonprofitdays": 76259.62833333334,
  "avglossonlossdays": -27363.118,
  "maxdrawdown": 94560.109,
  "maxdrawdownper": 0.0,
  "avgmonthlyprofitstr": "",
  "totalprofitstr": "3.21L",
  "maxprofitadaystr": "1.14L",
  "maxlossadaystr": "-61.72K",
  "avgprofit_lossdailystr": "16.04K",
  "avgprofitonprofitdaysstr": "76.26K",
  "avglossonlossdaysstr": "-27.36K",
  "maxdrawdownstr": "94.56K",
  "expectancyratio": 0.0
}