{
  "realisedpnl": {
    "endvalue": -90.60425,
    "actualvalue": -90604.25,
    "decimalplaces": 2,
    "suffix": "K",
    "color": "#f5803e",
    "name": "Realised PNL",
    "prefix": ""
  },
  "totalpnl": {
    "endvalue": -86.648391,
    "actualvalue": -86648.391,
    "decimalplaces": 2,
    "suffix": "K",
    "color": "#f5803e",
    "name": "Total PNL",
    "prefix": ""
  },
  "chargestaxes": {
    "endvalue": 3.9558590000000002,
    "actualvalue": 3955.8590000000004,
    "decimalplaces": 2,
    "suffix": "K",
    "color": "#27bcfd",
    "name": "Charges Taxes",
    "prefix": ""
  },
  "netrealisedpnl": {
    "endvalue": -94.560109,
    "actualvalue": -94560.109,
    "decimalplaces": 2,
    "suffix": "K",
    "color": "#00d27a",
    "name": "NetRealised PNL",
    "prefix": ""
  },
  "unrealisedpnl": {
    "endvalue": 0.0,
    "actualvalue": 0.0,
    "decimalplaces": 2,
    "suffix": "",
    "color": "#2c7be5",
    "name": "Unrealised PNL",
    "prefix": ""
  },
  "name": null,
  "total": 0,
  "totaltradingdays": 0,
  "barchart": null,
  "winrate": 0.0,
  "pnlddratio": -1.0,
  "maxdrawdownint": 0.0,
  "maxdrawdown": null,
  "maxdate": null,
  "mindate": null
}