[
  {
    "pnl": 0.0,
    "netpnl": 0.0,
    "date": "2024-03-17T00:00:00",
    "weekday": "Mar 2024",
    "charges": 0.0,
    "color": null
  },
  {
    "pnl": -6926.25,
    "netpnl": -8214.648405,
    "date": "2024-03-18T00:00:00",
    "weekday": "Mar 2024",
    "charges": 1288.398405,
    "color": null
  },
  {
    "pnl": -60488.0,
    "netpnl": -61717.987989,
    "date": "2024-03-19T00:00:00",
    "weekday": "Mar 2024",
    "charges": 1229.9879890000002,
    "color": null
  },
  {
    "pnl": -23190.0,
    "netpnl": -24627.472606,
    "date": "2024-03-20T00:00:00",
    "weekday": "Mar 2024",
    "charges": 1437.472606,
    "color": null
  }
]