{
  "items": [
    {
      "data": [
        {
          "date": 1710633600,
          "value": 0.0
        },
        {
          "date": 1710720000,
          "value": -8214.65
        },
        {
          "date": 1710806400,
          "value": -61717.99
        },
        {
          "date": 1710892800,
          "value": -24627.47
        }
      ],
      "calstartdate": "2024-01-01T00:00:00",
      "range": 12
    }
  ],
  "min": -58008.937999999995,
  "max": 0.0,
  "startyear": 2024,
  "endyear": 2024
}