[
  {
    "pnl": -8214.648405,
    "pnlstr": null,
    "date": "0001-01-01T00:00:00",
    "weekday": "Monday",
    "charges": 0.0,
    "color": null
  },
  {
    "pnl": 0.0,
    "pnlstr": null,
    "date": "0001-01-01T00:00:00",
    "weekday": "Sunday",
    "charges": 0.0,
    "color": null
  },
  {
    "pnl": -61717.987989,
    "pnlstr": null,
    "date": "0001-01-01T00:00:00",
    "weekday": "Tuesday",
    "charges": 0.0,
    "color": null
  },
  {
    "pnl": -24627.472606,
    "pnlstr": null,
    "date": "0001-01-01T00:00:00",
    "weekday": "Wednesday",
    "charges": 0.0,
    "color": null
  }
]