[
  {
    "year": 2024,
    "monthly": [
      {
        "pnl": -8214.65,
        "pnlstr": "-8.21K",
        "date": "0001-01-01T00:00:00",
        "weekday": "Monday",
        "charges": 0.0,
        "color": null
      },
      {
        "pnl": -61717.99,
        "pnlstr": "-61.72K",
        "date": "0001-01-01T00:00:00",
        "weekday": "Tuesday",
        "charges": 0.0,
        "color": null
      },
      {
        "pnl": -24627.47,
        "pnlstr": "-24.63K",
        "date": "0001-01-01T00:00:00",
        "weekday": "Wednesday",
        "charges": 0.0,
        "color": null
      },
      {
        "pnl": 0.0,
        "pnlstr": "",
        "date": "0001-01-01T00:00:00",
        "weekday": "Thursday",
        "charges": 0.0,
        "color": null
      },
      {
        "pnl": 0.0,
        "pnlstr": "",
        "date": "0001-01-01T00:00:00",
        "weekday": "Friday",
        "charges": 0.0,
        "color": null
      },
      {
        "pnl": 0.0,
        "pnlstr": "",
        "date": "0001-01-01T00:00:00",
        "weekday": "Saturday",
        "charges": 0.0,
        "color": null
      },
      {
        "pnl": 0.0,
        "pnlstr": "",
        "date": "0001-01-01T00:00:00",
        "weekday": "Sunday",
        "charges": 0.0,
        "color": null
      }
    ],
    "total": -94560.11,
    "totalstr": "-94.56K"
  }
]