{
  "capital": 0.0,
  "totaltradingdays": 3,
  "windays": 0,
  "lossdays": 3,
  "maxwinningstreakdays": 0,
  "maxlosingstreakdays": 3,
  "maxdddays": 3,
  "maxdddaysstr": "17/03/2024 to 20/03/2024",
  "rewardtorisk": 0.0,
  "winrate": 0.0,
  "lossrate": 100.0,
  "avgmonthlyprofit": 0.0,
  "totalprofit": -94560.109,
  "maxprofitaday": 0.0,
  "maxlossaday": -61717.99,
  "avgprofit_lossdaily": -23640.0275,
  "avgprofitonprofitdays": 0.0,
  "avglossonlossdays": -31520.036666666667,
  "maxdrawdown": 94560.109,
  "maxdrawdownper": 0.0,
  "avgmonthlyprofitstr": "",
  "totalprofitstr": "-94.56K",
  "maxprofitadaystr": "",
  "maxlossadaystr": "-61.72K",
  "avgprofit_lossdailystr": "-23.64K",
  "avgprofitonprofitdaysstr": "",
  "avglossonlossdaysstr": "-31.52K",
  "maxdrawdownstr": "94.56K",
  "expectancyratio": 0.0
}