[
  {
    "pnl": 0.0,
    "date": "2024-02-20T00:00:00",
    "weekday": "Feb 2024",
    "netpnl": 49525.589494
  },
  {
    "pnl": 0.0,
    "date": "2024-02-21T00:00:00",
    "weekday": "Feb 2024",
    "netpnl": 83250.120377
  },
  {
    "pnl": 0.0,
    "date": "2024-02-22T00:00:00",
    "weekday": "Feb 2024",
    "netpnl": 96286.734581
  },
  {
    "pnl": 0.0,
    "date": "2024-02-23T00:00:00",
    "weekday": "Feb 2024",
    "netpnl": 96286.734581
  },
  {
    "pnl": 0.0,
    "date": "2024-02-24T00:00:00",
    "weekday": "Feb 2024",
    "netpnl": 96286.734581
  },
  {
    "pnl": 0.0,
    "date": "2024-02-25T00:00:00",
    "weekday": "Feb 2024",
    "netpnl": 96286.734581
  },
  {
    "pnl": 0.0,
    "date": "2024-02-26T00:00:00",
    "weekday": "Feb 2024",
    "netpnl": 114556.252109
  },
  {
    "pnl": 0.0,
    "date": "2024-02-27T00:00:00",
    "weekday": "Feb 2024",
    "netpnl": 245599.914453
  },
  {
    "pnl": 0.0,
    "date": "2024-02-28T00:00:00",
    "weekday": "Feb 2024",
    "netpnl": 245599.914453
  },
  {
    "pnl": -137198.865716,
    "date": "2024-02-29T00:00:00",
    "weekday": "Feb 2024",
    "netpnl": 108401.048737
  },
  {
    "pnl": -137198.865716,
    "date": "2024-03-01T00:00:00",
    "weekday": "Mar 2024",
    "netpnl": 108401.048737
  },
  {
    "pnl": -137198.865716,
    "date": "2024-03-02T00:00:00",
    "weekday": "Mar 2024",
    "netpnl": 108401.048737
  },
  {
    "pnl": -137198.865716,
    "date": "2024-03-03T00:00:00",
    "weekday": "Mar 2024",
    "netpnl": 108401.048737
  },
  {
    "pnl": -102183.617607,
    "date": "2024-03-04T00:00:00",
    "weekday": "Mar 2024",
    "netpnl": 143416.296846
  },
  {
    "pnl": -143819.34441,
    "date": "2024-03-05T00:00:00",
    "weekday": "Mar 2024",
    "netpnl": 101780.57004300001
  },
  {
    "pnl": -144439.0943,
    "date": "2024-03-06T00:00:00",
    "weekday": "Mar 2024",
    "netpnl": 101160.82015300001
  },
  {
    "pnl": -40563.349516999995,
    "date": "2024-03-07T00:00:00",
    "weekday": "Mar 2024",
    "netpnl": 205036.564936
  },
  {
    "pnl": -40563.349516999995,
    "date": "2024-03-08T00:00:00",
    "weekday": "Mar 2024",
    "netpnl": 205036.564936
  },
  {
    "pnl": -40563.349516999995,
    "date": "2024-03-09T00:00:00",
    "weekday": "Mar 2024",
    "netpnl": 205036.564936
  },
  {
    "pnl": -40563.349516999995,
    "date": "2024-03-10T00:00:00",
    "weekday": "Mar 2024",
    "netpnl": 205036.564936
  },
  {
    "pnl": 0.0,
    "date": "2024-03-11T00:00:00",
    "weekday": "Mar 2024",
    "netpnl": 281687.256139
  },
  {
    "pnl": 0.0,
    "date": "2024-03-12T00:00:00",
    "weekday": "Mar 2024",
    "netpnl": 395501.323845
  },
  {
    "pnl": 0.0,
    "date": "2024-03-13T00:00:00",
    "weekday": "Mar 2024",
    "netpnl": 442932.00967
  },
  {
    "pnl": 0.0,
    "date": "2024-03-14T00:00:00",
    "weekday": "Mar 2024",
    "netpnl": 523703.337244
  },
  {
    "pnl": 0.0,
    "date": "2024-03-15T00:00:00",
    "weekday": "Mar 2024",
    "netpnl": 523703.337244
  },
  {
    "pnl": 0.0,
    "date": "2024-03-16T00:00:00",
    "weekday": "Mar 2024",
    "netpnl": 523703.337244
  },
  {
    "pnl": 0.0,
    "date": "2024-03-17T00:00:00",
    "weekday": "Mar 2024",
    "netpnl": 523703.337244
  },
  {
    "pnl": -8214.648404999985,
    "date": "2024-03-18T00:00:00",
    "weekday": "Mar 2024",
    "netpnl": 515488.688839
  },
  {
    "pnl": -69932.63639399997,
    "date": "2024-03-19T00:00:00",
    "weekday": "Mar 2024",
    "netpnl": 453770.70085
  }
]