{
  "items": [
    {
      "data": [
        {
          "date": 1708387200,
          "value": 49525.59
        },
        {
          "date": 1708473600,
          "value": 33724.53
        },
        {
          "date": 1708560000,
          "value": 13036.61
        },
        {
          "date": 1708646400,
          "value": 0.0
        },
        {
          "date": 1708732800,
          "value": 0.0
        },
        {
          "date": 1708819200,
          "value": 0.0
        },
        {
          "date": 1708905600,
          "value": 18269.52
        },
        {
          "date": 1708992000,
          "value": 131043.66
        },
        {
          "date": 1709078400,
          "value": 0.0
        },
        {
          "date": 1709164800,
          "value": -137198.87
        },
        {
          "date": 1709251200,
          "value": 0.0
        },
        {
          "date": 1709337600,
          "value": 0.0
        },
        {
          "date": 1709424000,
          "value": 0.0
        },
        {
          "date": 1709510400,
          "value": 35015.25
        },
        {
          "date": 1709596800,
          "value": -41635.73
        },
        {
          "date": 1709683200,
          "value": -619.75
        },
        {
          "date": 1709769600,
          "value": 103875.74
        },
        {
          "date": 1709856000,
          "value": 0.0
        },
        {
          "date": 1709942400,
          "value": 0.0
        },
        {
          "date": 1710028800,
          "value": 0.0
        },
        {
          "date": 1710115200,
          "value": 76650.69
        },
        {
          "date": 1710201600,
          "value": 113814.07
        },
        {
          "date": 1710288000,
          "value": 47430.69
        },
        {
          "date": 1710374400,
          "value": 80771.33
        },
        {
          "date": 1710460800,
          "value": 0.0
        },
        {
          "date": 1710547200,
          "value": 0.0
        },
        {
          "date": 1710633600,
          "value": 0.0
        },
        {
          "date": 1710720000,
          "value": -8214.65
        },
        {
          "date": 1710806400,
          "value": -61717.99
        }
      ],
      "calstartdate": "2024-01-01T00:00:00",
      "range": 12
    }
  ],
  "min": -122102.69399999999,
  "max": 122428.865,
  "startyear": 2024,
  "endyear": 2024
}