{
  "capital": 0.0,
  "totaltradingdays": 16,
  "windays": 11,
  "lossdays": 5,
  "maxwinningstreakdays": 5,
  "maxlosingstreakdays": 2,
  "maxdddays": 11,
  "maxdddaysstr": "28/02/2024 to 10/03/2024",
  "rewardtorisk": 0.0,
  "winrate": 68.75,
  "lossrate": 31.25,
  "avgmonthlyprofit": 453770.70085,
  "totalprofit": 453770.70085,
  "maxprofitaday": 131043.66,
  "maxlossaday": -137198.87,
  "avgprofit_lossdaily": 15647.265172413794,
  "avgprofitonprofitdays": 63923.42545454546,
  "avglossonlossdays": -49877.398,
  "maxdrawdown": 144439.0943,
  "maxdrawdownper": 0.0,
  "avgmonthlyprofitstr": "4.54L",
  "totalprofitstr": "4.54L",
  "maxprofitadaystr": "1.31L",
  "maxlossadaystr": "-1.37L",
  "avgprofit_lossdailystr": "15.65K",
  "avgprofitonprofitdaysstr": "63.92K",
  "avglossonlossdaysstr": "-49.88K",
  "maxdrawdownstr": "1.44L",
  "expectancyratio": 0.0
}