[
  {
    "pnl": 100259.5,
    "netpnl": 96286.734581,
    "date": "2024-02-25T00:00:00",
    "weekday": "Feb 2024",
    "charges": 3972.765419,
    "color": null
  },
  {
    "pnl": 16705.75,
    "netpnl": 12114.314156000008,
    "date": "2024-03-03T00:00:00",
    "weekday": "Mar 2024",
    "charges": 4591.435844,
    "color": null
  },
  {
    "pnl": 101831.75,
    "netpnl": 96635.516199,
    "date": "2024-03-10T00:00:00",
    "weekday": "Mar 2024",
    "charges": 5196.233801,
    "color": null
  },
  {
    "pnl": 323914.5,
    "netpnl": 318666.772308,
    "date": "2024-03-17T00:00:00",
    "weekday": "Mar 2024",
    "charges": 5247.7276919999995,
    "color": null
  },
  {
    "pnl": -67414.25,
    "netpnl": -69932.636394,
    "date": "2024-03-24T00:00:00",
    "weekday": "Mar 2024",
    "charges": 2518.386394,
    "color": null
  }
]