[
  {
    "pnl": 100259.5,
    "date": "2024-02-25T00:00:00",
    "weekday": "Feb 2024",
    "netpnl": 96286.734581
  },
  {
    "pnl": 116965.25,
    "date": "2024-03-03T00:00:00",
    "weekday": "Mar 2024",
    "netpnl": 108401.048737
  },
  {
    "pnl": 218797.0,
    "date": "2024-03-10T00:00:00",
    "weekday": "Mar 2024",
    "netpnl": 205036.564936
  },
  {
    "pnl": 542711.5,
    "date": "2024-03-17T00:00:00",
    "weekday": "Mar 2024",
    "netpnl": 523703.337244
  },
  {
    "pnl": 475297.25,
    "date": "2024-03-24T00:00:00",
    "weekday": "Mar 2024",
    "netpnl": 453770.70085
  }
]