[
  {
    "pnl": 0.0,
    "date": "2023-04-01T00:00:00",
    "weekday": "Apr 2023",
    "netpnl": 0.0
  },
  {
    "pnl": 0.0,
    "date": "2023-04-02T00:00:00",
    "weekday": "Apr 2023",
    "netpnl": 0.0
  },
  {
    "pnl": 0.0,
    "date": "2023-04-03T00:00:00",
    "weekday": "Apr 2023",
    "netpnl": 17941.399562
  },
  {
    "pnl": 0.0,
    "date": "2023-04-04T00:00:00",
    "weekday": "Apr 2023",
    "netpnl": 17941.399562
  },
  {
    "pnl": 0.0,
    "date": "2023-04-05T00:00:00",
    "weekday": "Apr 2023",
    "netpnl": 36685.204316999996
  },
  {
    "pnl": 0.0,
    "date": "2023-04-06T00:00:00",
    "weekday": "Apr 2023",
    "netpnl": 87381.214829
  },
  {
    "pnl": 0.0,
    "date": "2023-04-07T00:00:00",
    "weekday": "Apr 2023",
    "netpnl": 87381.214829
  },
  {
    "pnl": 0.0,
    "date": "2023-04-08T00:00:00",
    "weekday": "Apr 2023",
    "netpnl": 87381.214829
  },
  {
    "pnl": 0.0,
    "date": "2023-04-09T00:00:00",
    "weekday": "Apr 2023",
    "netpnl": 87381.214829
  },
  {
    "pnl": -16281.621851999997,
    "date": "2023-04-10T00:00:00",
    "weekday": "Apr 2023",
    "netpnl": 71099.59297700001
  },
  {
    "pnl": -17057.10975399999,
    "date": "2023-04-11T00:00:00",
    "weekday": "Apr 2023",
    "netpnl": 70324.10507500001
  },
  {
    "pnl": -10080.933828999987,
    "date": "2023-04-12T00:00:00",
    "weekday": "Apr 2023",
    "netpnl": 77300.28100000002
  },
  {
    "pnl": -37019.98064999998,
    "date": "2023-04-13T00:00:00",
    "weekday": "Apr 2023",
    "netpnl": 50361.23417900002
  },
  {
    "pnl": -37019.98064999998,
    "date": "2023-04-14T00:00:00",
    "weekday": "Apr 2023",
    "netpnl": 50361.23417900002
  },
  {
    "pnl": -37019.98064999998,
    "date": "2023-04-15T00:00:00",
    "weekday": "Apr 2023",
    "netpnl": 50361.23417900002
  },
  {
    "pnl": -37019.98064999998,
    "date": "2023-04-16T00:00:00",
    "weekday": "Apr 2023",
    "netpnl": 50361.23417900002
  },
  {
    "pnl": -52638.63029699998,
    "date": "2023-04-17T00:00:00",
    "weekday": "Apr 2023",
    "netpnl": 34742.58453200002
  },
  {
    "pnl": -76222.37623699999,
    "date": "2023-04-18T00:00:00",
    "weekday": "Apr 2023",
    "netpnl": 11158.838592000022
  },
  {
    "pnl": -67019.88899199998,
    "date": "2023-04-19T00:00:00",
    "weekday": "Apr 2023",
    "netpnl": 20361.325837000022
  },
  {
    "pnl": -50342.05977699999,
    "date": "2023-04-20T00:00:00",
    "weekday": "Apr 2023",
    "netpnl": 37039.15505200002
  },
  {
    "pnl": -50342.05977699999,
    "date": "2023-04-21T00:00:00",
    "weekday": "Apr 2023",
    "netpnl": 37039.15505200002
  },
  {
    "pnl": -50342.05977699999,
    "date": "2023-04-22T00:00:00",
    "weekday": "Apr 2023",
    "netpnl": 37039.15505200002
  },
  {
    "pnl": -50342.05977699999,
    "date": "2023-04-23T00:00:00",
    "weekday": "Apr 2023",
    "netpnl": 37039.15505200002
  },
  {
    "pnl": -66919.67362699998,
    "date": "2023-04-24T00:00:00",
    "weekday": "Apr 2023",
    "netpnl": 20461.541202000015
  },
  {
    "pnl": -74937.23017199998,
    "date": "2023-04-25T00:00:00",
    "weekday": "Apr 2023",
    "netpnl": 12443.984657000015
  },
  {
    "pnl": -69443.99204499999,
    "date": "2023-04-26T00:00:00",
    "weekday": "Apr 2023",
    "netpnl": 17937.222784000016
  },
  {
    "pnl": -59719.42596599999,
    "date": "2023-04-27T00:00:00",
    "weekday": "Apr 2023",
    "netpnl": 27661.788863000016
  },
  {
    "pnl": -59719.42596599999,
    "date": "2023-04-28T00:00:00",
    "weekday": "Apr 2023",
    "netpnl": 27661.788863000016
  },
  {
    "pnl": -59719.42596599999,
    "date": "2023-04-29T00:00:00",
    "weekday": "Apr 2023",
    "netpnl": 27661.788863000016
  },
  {
    "pnl": -59719.42596599999,
    "date": "2023-04-30T00:00:00",
    "weekday": "Apr 2023",
    "netpnl": 27661.788863000016
  },
  {
    "pnl": -59719.42596599999,
    "date": "2023-05-01T00:00:00",
    "weekday": "May 2023",
    "netpnl": 27661.788863000016
  },
  {
    "pnl": -32553.402371999982,
    "date": "2023-05-02T00:00:00",
    "weekday": "May 2023",
    "netpnl": 54827.81245700002
  },
  {
    "pnl": -31301.28154699999,
    "date": "2023-05-03T00:00:00",
    "weekday": "May 2023",
    "netpnl": 56079.93328200001
  },
  {
    "pnl": -66028.687902,
    "date": "2023-05-04T00:00:00",
    "weekday": "May 2023",
    "netpnl": 21352.52692699999
  },
  {
    "pnl": -66028.687902,
    "date": "2023-05-05T00:00:00",
    "weekday": "May 2023",
    "netpnl": 21352.52692699999
  },
  {
    "pnl": -66028.687902,
    "date": "2023-05-06T00:00:00",
    "weekday": "May 2023",
    "netpnl": 21352.52692699999
  },
  {
    "pnl": -66028.687902,
    "date": "2023-05-07T00:00:00",
    "weekday": "May 2023",
    "netpnl": 21352.52692699999
  },
  {
    "pnl": -51566.906043,
    "date": "2023-05-08T00:00:00",
    "weekday": "May 2023",
    "netpnl": 35814.308786
  },
  {
    "pnl": -72963.10030300001,
    "date": "2023-05-09T00:00:00",
    "weekday": "May 2023",
    "netpnl": 14418.114525999985
  },
  {
    "pnl": -89163.65440400003,
    "date": "2023-05-10T00:00:00",
    "weekday": "May 2023",
    "netpnl": -1782.4395750000222
  },
  {
    "pnl": -93123.69074000002,
    "date": "2023-05-11T00:00:00",
    "weekday": "May 2023",
    "netpnl": -5742.475911000012
  },
  {
    "pnl": -93123.69074000002,
    "date": "2023-05-12T00:00:00",
    "weekday": "May 2023",
    "netpnl": -5742.475911000012
  },
  {
    "pnl": -93123.69074000002,
    "date": "2023-05-13T00:00:00",
    "weekday": "May 2023",
    "netpnl": -5742.475911000012
  },
  {
    "pnl": -93123.69074000002,
    "date": "2023-05-14T00:00:00",
    "weekday": "May 2023",
    "netpnl": -5742.475911000012
  },
  {
    "pnl": -79735.00420200003,
    "date": "2023-05-15T00:00:00",
    "weekday": "May 2023",
    "netpnl": 7646.210626999984
  },
  {
    "pnl": -87280.20082800002,
    "date": "2023-05-16T00:00:00",
    "weekday": "May 2023",
    "netpnl": 101.014000999985
  },
  {
    "pnl": -91341.04218000002,
    "date": "2023-05-17T00:00:00",
    "weekday": "May 2023",
    "netpnl": -3959.8273510000145
  },
  {
    "pnl": -132621.74386000002,
    "date": "2023-05-18T00:00:00",
    "weekday": "May 2023",
    "netpnl": -45240.52903100001
  },
  {
    "pnl": -132621.74386000002,
    "date": "2023-05-19T00:00:00",
    "weekday": "May 2023",
    "netpnl": -45240.52903100001
  },
  {
    "pnl": -132621.74386000002,
    "date": "2023-05-20T00:00:00",
    "weekday": "May 2023",
    "netpnl": -45240.52903100001
  },
  {
    "pnl": -132621.74386000002,
    "date": "2023-05-21T00:00:00",
    "weekday": "May 2023",
    "netpnl": -45240.52903100001
  },
  {
    "pnl": -157191.164415,
    "date": "2023-05-22T00:00:00",
    "weekday": "May 2023",
    "netpnl": -69809.949586
  },
  {
    "pnl": -137484.29139600002,
    "date": "2023-05-23T00:00:00",
    "weekday": "May 2023",
    "netpnl": -50103.07656700001
  },
  {
    "pnl": -163835.40882300003,
    "date": "2023-05-24T00:00:00",
    "weekday": "May 2023",
    "netpnl": -76454.19399400002
  },
  {
    "pnl": -140764.51197600004,
    "date": "2023-05-25T00:00:00",
    "weekday": "May 2023",
    "netpnl": -53383.29714700002
  },
  {
    "pnl": -140764.51197600004,
    "date": "2023-05-26T00:00:00",
    "weekday": "May 2023",
    "netpnl": -53383.29714700002
  },
  {
    "pnl": -140764.51197600004,
    "date": "2023-05-27T00:00:00",
    "weekday": "May 2023",
    "netpnl": -53383.29714700002
  },
  {
    "pnl": -140764.51197600004,
    "date": "2023-05-28T00:00:00",
    "weekday": "May 2023",
    "netpnl": -53383.29714700002
  },
  {
    "pnl": -153051.28028,
    "date": "2023-05-29T00:00:00",
    "weekday": "May 2023",
    "netpnl": -65670.06545100002
  },
  {
    "pnl": -117154.50234800002,
    "date": "2023-05-30T00:00:00",
    "weekday": "May 2023",
    "netpnl": -29773.28751900002
  },
  {
    "pnl": -132219.12100900002,
    "date": "2023-05-31T00:00:00",
    "weekday": "May 2023",
    "netpnl": -44837.90618000002
  },
  {
    "pnl": -79601.13983100001,
    "date": "2023-06-01T00:00:00",
    "weekday": "Jun 2023",
    "netpnl": 7780.074997999989
  },
  {
    "pnl": -79601.13983100001,
    "date": "2023-06-02T00:00:00",
    "weekday": "Jun 2023",
    "netpnl": 7780.074997999989
  },
  {
    "pnl": -79601.13983100001,
    "date": "2023-06-03T00:00:00",
    "weekday": "Jun 2023",
    "netpnl": 7780.074997999989
  },
  {
    "pnl": -79601.13983100001,
    "date": "2023-06-04T00:00:00",
    "weekday": "Jun 2023",
    "netpnl": 7780.074997999989
  },
  {
    "pnl": -52540.463288,
    "date": "2023-06-05T00:00:00",
    "weekday": "Jun 2023",
    "netpnl": 34840.751541000005
  },
  {
    "pnl": -13126.47302299994,
    "date": "2023-06-06T00:00:00",
    "weekday": "Jun 2023",
    "netpnl": 74254.74180600006
  },
  {
    "pnl": -4600.024609999964,
    "date": "2023-06-07T00:00:00",
    "weekday": "Jun 2023",
    "netpnl": 82781.19021900004
  },
  {
    "pnl": 0.0,
    "date": "2023-06-08T00:00:00",
    "weekday": "Jun 2023",
    "netpnl": 113301.18893600008
  },
  {
    "pnl": 0.0,
    "date": "2023-06-09T00:00:00",
    "weekday": "Jun 2023",
    "netpnl": 113301.18893600008
  },
  {
    "pnl": 0.0,
    "date": "2023-06-10T00:00:00",
    "weekday": "Jun 2023",
    "netpnl": 113301.18893600008
  },
  {
    "pnl": 0.0,
    "date": "2023-06-11T00:00:00",
    "weekday": "Jun 2023",
    "netpnl": 113301.18893600008
  },
  {
    "pnl": 0.0,
    "date": "2023-06-12T00:00:00",
    "weekday": "Jun 2023",
    "netpnl": 129850.04696200007
  },
  {
    "pnl": 0.0,
    "date": "2023-06-13T00:00:00",
    "weekday": "Jun 2023",
    "netpnl": 141690.94563400012
  },
  {
    "pnl": 0.0,
    "date": "2023-06-14T00:00:00",
    "weekday": "Jun 2023",
    "netpnl": 143897.89350200008
  },
  {
    "pnl": 0.0,
    "date": "2023-06-15T00:00:00",
    "weekday": "Jun 2023",
    "netpnl": 183426.3536250001
  },
  {
    "pnl": 0.0,
    "date": "2023-06-16T00:00:00",
    "weekday": "Jun 2023",
    "netpnl": 183426.3536250001
  },
  {
    "pnl": 0.0,
    "date": "2023-06-17T00:00:00",
    "weekday": "Jun 2023",
    "netpnl": 183426.3536250001
  },
  {
    "pnl": 0.0,
    "date": "2023-06-18T00:00:00",
    "weekday": "Jun 2023",
    "netpnl": 183426.3536250001
  },
  {
    "pnl": 0.0,
    "date": "2023-06-19T00:00:00",
    "weekday": "Jun 2023",
    "netpnl": 205271.46481600008
  },
  {
    "pnl": -10318.989215999958,
    "date": "2023-06-20T00:00:00",
    "weekday": "Jun 2023",
    "netpnl": 194952.47560000012
  },
  {
    "pnl": -24730.32705999998,
    "date": "2023-06-21T00:00:00",
    "weekday": "Jun 2023",
    "netpnl": 180541.1377560001
  },
  {
    "pnl": -36670.387880999944,
    "date": "2023-06-22T00:00:00",
    "weekday": "Jun 2023",
    "netpnl": 168601.07693500014
  },
  {
    "pnl": -36670.387880999944,
    "date": "2023-06-23T00:00:00",
    "weekday": "Jun 2023",
    "netpnl": 168601.07693500014
  },
  {
    "pnl": -36670.387880999944,
    "date": "2023-06-24T00:00:00",
    "weekday": "Jun 2023",
    "netpnl": 168601.07693500014
  },
  {
    "pnl": -36670.387880999944,
    "date": "2023-06-25T00:00:00",
    "weekday": "Jun 2023",
    "netpnl": 168601.07693500014
  },
  {
    "pnl": -30575.496858999948,
    "date": "2023-06-26T00:00:00",
    "weekday": "Jun 2023",
    "netpnl": 174695.96795700013
  },
  {
    "pnl": -14050.52465399995,
    "date": "2023-06-27T00:00:00",
    "weekday": "Jun 2023",
    "netpnl": 191220.94016200013
  },
  {
    "pnl": -9350.830018999986,
    "date": "2023-06-28T00:00:00",
    "weekday": "Jun 2023",
    "netpnl": 195920.6347970001
  },
  {
    "pnl": -9350.830018999986,
    "date": "2023-06-29T00:00:00",
    "weekday": "Jun 2023",
    "netpnl": 195920.6347970001
  },
  {
    "pnl": -9350.830018999986,
    "date": "2023-06-30T00:00:00",
    "weekday": "Jun 2023",
    "netpnl": 195920.6347970001
  },
  {
    "pnl": -9350.830018999986,
    "date": "2023-07-01T00:00:00",
    "weekday": "Jul 2023",
    "netpnl": 195920.6347970001
  },
  {
    "pnl": -9350.830018999986,
    "date": "2023-07-02T00:00:00",
    "weekday": "Jul 2023",
    "netpnl": 195920.6347970001
  },
  {
    "pnl": -25340.734116999956,
    "date": "2023-07-03T00:00:00",
    "weekday": "Jul 2023",
    "netpnl": 179930.73069900012
  },
  {
    "pnl": -39597.98120499996,
    "date": "2023-07-04T00:00:00",
    "weekday": "Jul 2023",
    "netpnl": 165673.48361100012
  },
  {
    "pnl": -10082.468751999957,
    "date": "2023-07-05T00:00:00",
    "weekday": "Jul 2023",
    "netpnl": 195188.99606400012
  },
  {
    "pnl": 0.0,
    "date": "2023-07-06T00:00:00",
    "weekday": "Jul 2023",
    "netpnl": 268445.5208519999
  },
  {
    "pnl": 0.0,
    "date": "2023-07-07T00:00:00",
    "weekday": "Jul 2023",
    "netpnl": 268445.5208519999
  },
  {
    "pnl": 0.0,
    "date": "2023-07-08T00:00:00",
    "weekday": "Jul 2023",
    "netpnl": 268445.5208519999
  },
  {
    "pnl": 0.0,
    "date": "2023-07-09T00:00:00",
    "weekday": "Jul 2023",
    "netpnl": 268445.5208519999
  },
  {
    "pnl": -20572.4459569999,
    "date": "2023-07-10T00:00:00",
    "weekday": "Jul 2023",
    "netpnl": 247873.07489500003
  },
  {
    "pnl": -8805.989725999883,
    "date": "2023-07-11T00:00:00",
    "weekday": "Jul 2023",
    "netpnl": 259639.53112600005
  },
  {
    "pnl": -30749.607570999884,
    "date": "2023-07-12T00:00:00",
    "weekday": "Jul 2023",
    "netpnl": 237695.91328100004
  },
  {
    "pnl": -48671.359039999836,
    "date": "2023-07-13T00:00:00",
    "weekday": "Jul 2023",
    "netpnl": 219774.1618120001
  },
  {
    "pnl": -48671.359039999836,
    "date": "2023-07-14T00:00:00",
    "weekday": "Jul 2023",
    "netpnl": 219774.1618120001
  },
  {
    "pnl": -48671.359039999836,
    "date": "2023-07-15T00:00:00",
    "weekday": "Jul 2023",
    "netpnl": 219774.1618120001
  },
  {
    "pnl": -48671.359039999836,
    "date": "2023-07-16T00:00:00",
    "weekday": "Jul 2023",
    "netpnl": 219774.1618120001
  },
  {
    "pnl": -44648.99000299984,
    "date": "2023-07-17T00:00:00",
    "weekday": "Jul 2023",
    "netpnl": 223796.5308490001
  },
  {
    "pnl": -59717.966294999875,
    "date": "2023-07-18T00:00:00",
    "weekday": "Jul 2023",
    "netpnl": 208727.55455700005
  },
  {
    "pnl": -26893.635355999868,
    "date": "2023-07-19T00:00:00",
    "weekday": "Jul 2023",
    "netpnl": 241551.88549600006
  },
  {
    "pnl": -63138.94869799988,
    "date": "2023-07-20T00:00:00",
    "weekday": "Jul 2023",
    "netpnl": 205306.57215400005
  },
  {
    "pnl": -63138.94869799988,
    "date": "2023-07-21T00:00:00",
    "weekday": "Jul 2023",
    "netpnl": 205306.57215400005
  },
  {
    "pnl": -63138.94869799988,
    "date": "2023-07-22T00:00:00",
    "weekday": "Jul 2023",
    "netpnl": 205306.57215400005
  },
  {
    "pnl": -63138.94869799988,
    "date": "2023-07-23T00:00:00",
    "weekday": "Jul 2023",
    "netpnl": 205306.57215400005
  },
  {
    "pnl": -89602.87750199984,
    "date": "2023-07-24T00:00:00",
    "weekday": "Jul 2023",
    "netpnl": 178842.6433500001
  },
  {
    "pnl": -101617.26002499985,
    "date": "2023-07-25T00:00:00",
    "weekday": "Jul 2023",
    "netpnl": 166828.26082700008
  },
  {
    "pnl": -93524.72223599983,
    "date": "2023-07-26T00:00:00",
    "weekday": "Jul 2023",
    "netpnl": 174920.7986160001
  },
  {
    "pnl": -70599.65715899982,
    "date": "2023-07-27T00:00:00",
    "weekday": "Jul 2023",
    "netpnl": 197845.8636930001
  },
  {
    "pnl": -70599.65715899982,
    "date": "2023-07-28T00:00:00",
    "weekday": "Jul 2023",
    "netpnl": 197845.8636930001
  },
  {
    "pnl": -70599.65715899982,
    "date": "2023-07-29T00:00:00",
    "weekday": "Jul 2023",
    "netpnl": 197845.8636930001
  },
  {
    "pnl": -70599.65715899982,
    "date": "2023-07-30T00:00:00",
    "weekday": "Jul 2023",
    "netpnl": 197845.8636930001
  },
  {
    "pnl": -41291.76705999981,
    "date": "2023-07-31T00:00:00",
    "weekday": "Jul 2023",
    "netpnl": 227153.75379200012
  },
  {
    "pnl": 0.0,
    "date": "2023-08-01T00:00:00",
    "weekday": "Aug 2023",
    "netpnl": 273015.1085869998
  },
  {
    "pnl": -19430.591400999925,
    "date": "2023-08-02T00:00:00",
    "weekday": "Aug 2023",
    "netpnl": 253584.5171859999
  },
  {
    "pnl": -14890.14121199993,
    "date": "2023-08-03T00:00:00",
    "weekday": "Aug 2023",
    "netpnl": 258124.9673749999
  },
  {
    "pnl": -14890.14121199993,
    "date": "2023-08-04T00:00:00",
    "weekday": "Aug 2023",
    "netpnl": 258124.9673749999
  },
  {
    "pnl": -14890.14121199993,
    "date": "2023-08-05T00:00:00",
    "weekday": "Aug 2023",
    "netpnl": 258124.9673749999
  },
  {
    "pnl": -14890.14121199993,
    "date": "2023-08-06T00:00:00",
    "weekday": "Aug 2023",
    "netpnl": 258124.9673749999
  },
  {
    "pnl": -41407.99695099989,
    "date": "2023-08-07T00:00:00",
    "weekday": "Aug 2023",
    "netpnl": 231607.11163599993
  },
  {
    "pnl": 0.0,
    "date": "2023-08-08T00:00:00",
    "weekday": "Aug 2023",
    "netpnl": 281992.3773459998
  },
  {
    "pnl": 0.0,
    "date": "2023-08-09T00:00:00",
    "weekday": "Aug 2023",
    "netpnl": 281992.3773459998
  },
  {
    "pnl": 0.0,
    "date": "2023-08-10T00:00:00",
    "weekday": "Aug 2023",
    "netpnl": 298798.6652549998
  },
  {
    "pnl": 0.0,
    "date": "2023-08-11T00:00:00",
    "weekday": "Aug 2023",
    "netpnl": 298798.6652549998
  },
  {
    "pnl": 0.0,
    "date": "2023-08-12T00:00:00",
    "weekday": "Aug 2023",
    "netpnl": 298798.6652549998
  },
  {
    "pnl": 0.0,
    "date": "2023-08-13T00:00:00",
    "weekday": "Aug 2023",
    "netpnl": 298798.6652549998
  },
  {
    "pnl": 0.0,
    "date": "2023-08-14T00:00:00",
    "weekday": "Aug 2023",
    "netpnl": 364362.2770819998
  },
  {
    "pnl": 0.0,
    "date": "2023-08-15T00:00:00",
    "weekday": "Aug 2023",
    "netpnl": 364362.2770819998
  },
  {
    "pnl": 0.0,
    "date": "2023-08-16T00:00:00",
    "weekday": "Aug 2023",
    "netpnl": 377953.3848049998
  },
  {
    "pnl": 0.0,
    "date": "2023-08-17T00:00:00",
    "weekday": "Aug 2023",
    "netpnl": 431604.81448099983
  },
  {
    "pnl": 0.0,
    "date": "2023-08-18T00:00:00",
    "weekday": "Aug 2023",
    "netpnl": 431604.81448099983
  },
  {
    "pnl": 0.0,
    "date": "2023-08-19T00:00:00",
    "weekday": "Aug 2023",
    "netpnl": 431604.81448099983
  },
  {
    "pnl": 0.0,
    "date": "2023-08-20T00:00:00",
    "weekday": "Aug 2023",
    "netpnl": 431604.81448099983
  },
  {
    "pnl": 0.0,
    "date": "2023-08-21T00:00:00",
    "weekday": "Aug 2023",
    "netpnl": 431604.81448099983
  },
  {
    "pnl": -5531.738722999988,
    "date": "2023-08-22T00:00:00",
    "weekday": "Aug 2023",
    "netpnl": 426073.07575799985
  },
  {
    "pnl": -8634.08957499999,
    "date": "2023-08-23T00:00:00",
    "weekday": "Aug 2023",
    "netpnl": 422970.72490599984
  },
  {
    "pnl": -13139.040891000011,
    "date": "2023-08-24T00:00:00",
    "weekday": "Aug 2023",
    "netpnl": 418465.7735899998
  },
  {
    "pnl": -13139.040891000011,
    "date": "2023-08-25T00:00:00",
    "weekday": "Aug 2023",
    "netpnl": 418465.7735899998
  },
  {
    "pnl": -13139.040891000011,
    "date": "2023-08-26T00:00:00",
    "weekday": "Aug 2023",
    "netpnl": 418465.7735899998
  },
  {
    "pnl": -13139.040891000011,
    "date": "2023-08-27T00:00:00",
    "weekday": "Aug 2023",
    "netpnl": 418465.7735899998
  },
  {
    "pnl": -2731.9684439999983,
    "date": "2023-08-28T00:00:00",
    "weekday": "Aug 2023",
    "netpnl": 428872.84603699984
  },
  {
    "pnl": 0.0,
    "date": "2023-08-29T00:00:00",
    "weekday": "Aug 2023",
    "netpnl": 487837.62575299985
  },
  {
    "pnl": -12291.757114999986,
    "date": "2023-08-30T00:00:00",
    "weekday": "Aug 2023",
    "netpnl": 475545.86863799987
  },
  {
    "pnl": 0.0,
    "date": "2023-08-31T00:00:00",
    "weekday": "Aug 2023",
    "netpnl": 542442.6792829997
  },
  {
    "pnl": 0.0,
    "date": "2023-09-01T00:00:00",
    "weekday": "Sep 2023",
    "netpnl": 542442.6792829997
  },
  {
    "pnl": 0.0,
    "date": "2023-09-02T00:00:00",
    "weekday": "Sep 2023",
    "netpnl": 542442.6792829997
  },
  {
    "pnl": 0.0,
    "date": "2023-09-03T00:00:00",
    "weekday": "Sep 2023",
    "netpnl": 542442.6792829997
  },
  {
    "pnl": 0.0,
    "date": "2023-09-04T00:00:00",
    "weekday": "Sep 2023",
    "netpnl": 542442.6792829997
  },
  {
    "pnl": 0.0,
    "date": "2023-09-05T00:00:00",
    "weekday": "Sep 2023",
    "netpnl": 596820.9889349997
  },
  {
    "pnl": 0.0,
    "date": "2023-09-06T00:00:00",
    "weekday": "Sep 2023",
    "netpnl": 617164.9622729998
  },
  {
    "pnl": -36711.44184500014,
    "date": "2023-09-07T00:00:00",
    "weekday": "Sep 2023",
    "netpnl": 580453.5204279997
  },
  {
    "pnl": -36711.44184500014,
    "date": "2023-09-08T00:00:00",
    "weekday": "Sep 2023",
    "netpnl": 580453.5204279997
  },
  {
    "pnl": -36711.44184500014,
    "date": "2023-09-09T00:00:00",
    "weekday": "Sep 2023",
    "netpnl": 580453.5204279997
  },
  {
    "pnl": -36711.44184500014,
    "date": "2023-09-10T00:00:00",
    "weekday": "Sep 2023",
    "netpnl": 580453.5204279997
  },
  {
    "pnl": -36711.44184500014,
    "date": "2023-09-11T00:00:00",
    "weekday": "Sep 2023",
    "netpnl": 580453.5204279997
  },
  {
    "pnl": -38777.376984000206,
    "date": "2023-09-12T00:00:00",
    "weekday": "Sep 2023",
    "netpnl": 578387.5852889996
  },
  {
    "pnl": -35987.61014800018,
    "date": "2023-09-13T00:00:00",
    "weekday": "Sep 2023",
    "netpnl": 581177.3521249996
  },
  {
    "pnl": 0.0,
    "date": "2023-09-14T00:00:00",
    "weekday": "Sep 2023",
    "netpnl": 626508.0952169998
  },
  {
    "pnl": 0.0,
    "date": "2023-09-15T00:00:00",
    "weekday": "Sep 2023",
    "netpnl": 626508.0952169998
  },
  {
    "pnl": 0.0,
    "date": "2023-09-16T00:00:00",
    "weekday": "Sep 2023",
    "netpnl": 626508.0952169998
  },
  {
    "pnl": 0.0,
    "date": "2023-09-17T00:00:00",
    "weekday": "Sep 2023",
    "netpnl": 626508.0952169998
  },
  {
    "pnl": -10785.877854000079,
    "date": "2023-09-18T00:00:00",
    "weekday": "Sep 2023",
    "netpnl": 615722.2173629997
  },
  {
    "pnl": -10785.877854000079,
    "date": "2023-09-19T00:00:00",
    "weekday": "Sep 2023",
    "netpnl": 615722.2173629997
  },
  {
    "pnl": -23178.921923000133,
    "date": "2023-09-20T00:00:00",
    "weekday": "Sep 2023",
    "netpnl": 603329.1732939996
  },
  {
    "pnl": 0.0,
    "date": "2023-09-21T00:00:00",
    "weekday": "Sep 2023",
    "netpnl": 666844.5229809996
  },
  {
    "pnl": 0.0,
    "date": "2023-09-22T00:00:00",
    "weekday": "Sep 2023",
    "netpnl": 666844.5229809996
  },
  {
    "pnl": 0.0,
    "date": "2023-09-23T00:00:00",
    "weekday": "Sep 2023",
    "netpnl": 666844.5229809996
  },
  {
    "pnl": 0.0,
    "date": "2023-09-24T00:00:00",
    "weekday": "Sep 2023",
    "netpnl": 666844.5229809996
  },
  {
    "pnl": 0.0,
    "date": "2023-09-25T00:00:00",
    "weekday": "Sep 2023",
    "netpnl": 666844.5229809996
  },
  {
    "pnl": -25057.21085100004,
    "date": "2023-09-26T00:00:00",
    "weekday": "Sep 2023",
    "netpnl": 641787.3121299995
  },
  {
    "pnl": -25057.21085100004,
    "date": "2023-09-27T00:00:00",
    "weekday": "Sep 2023",
    "netpnl": 641787.3121299995
  },
  {
    "pnl": -41961.92854999995,
    "date": "2023-09-28T00:00:00",
    "weekday": "Sep 2023",
    "netpnl": 624882.5944309996
  },
  {
    "pnl": -41961.92854999995,
    "date": "2023-09-29T00:00:00",
    "weekday": "Sep 2023",
    "netpnl": 624882.5944309996
  },
  {
    "pnl": -41961.92854999995,
    "date": "2023-09-30T00:00:00",
    "weekday": "Sep 2023",
    "netpnl": 624882.5944309996
  },
  {
    "pnl": -41961.92854999995,
    "date": "2023-10-01T00:00:00",
    "weekday": "Oct 2023",
    "netpnl": 624882.5944309996
  },
  {
    "pnl": -41961.92854999995,
    "date": "2023-10-02T00:00:00",
    "weekday": "Oct 2023",
    "netpnl": 624882.5944309996
  },
  {
    "pnl": -27005.646375000128,
    "date": "2023-10-03T00:00:00",
    "weekday": "Oct 2023",
    "netpnl": 639838.8766059994
  },
  {
    "pnl": 0.0,
    "date": "2023-10-04T00:00:00",
    "weekday": "Oct 2023",
    "netpnl": 671759.3363999994
  },
  {
    "pnl": 0.0,
    "date": "2023-10-05T00:00:00",
    "weekday": "Oct 2023",
    "netpnl": 717333.9621569995
  },
  {
    "pnl": 0.0,
    "date": "2023-10-06T00:00:00",
    "weekday": "Oct 2023",
    "netpnl": 717333.9621569995
  },
  {
    "pnl": 0.0,
    "date": "2023-10-07T00:00:00",
    "weekday": "Oct 2023",
    "netpnl": 717333.9621569995
  },
  {
    "pnl": 0.0,
    "date": "2023-10-08T00:00:00",
    "weekday": "Oct 2023",
    "netpnl": 717333.9621569995
  },
  {
    "pnl": 0.0,
    "date": "2023-10-09T00:00:00",
    "weekday": "Oct 2023",
    "netpnl": 717333.9621569995
  },
  {
    "pnl": 0.0,
    "date": "2023-10-10T00:00:00",
    "weekday": "Oct 2023",
    "netpnl": 815484.5900789996
  },
  {
    "pnl": -10223.56213700003,
    "date": "2023-10-11T00:00:00",
    "weekday": "Oct 2023",
    "netpnl": 805261.0279419996
  },
  {
    "pnl": 0.0,
    "date": "2023-10-12T00:00:00",
    "weekday": "Oct 2023",
    "netpnl": 832632.8421779996
  },
  {
    "pnl": 0.0,
    "date": "2023-10-13T00:00:00",
    "weekday": "Oct 2023",
    "netpnl": 832632.8421779996
  },
  {
    "pnl": 0.0,
    "date": "2023-10-14T00:00:00",
    "weekday": "Oct 2023",
    "netpnl": 832632.8421779996
  },
  {
    "pnl": 0.0,
    "date": "2023-10-15T00:00:00",
    "weekday": "Oct 2023",
    "netpnl": 832632.8421779996
  },
  {
    "pnl": 0.0,
    "date": "2023-10-16T00:00:00",
    "weekday": "Oct 2023",
    "netpnl": 832632.8421779996
  },
  {
    "pnl": 0.0,
    "date": "2023-10-17T00:00:00",
    "weekday": "Oct 2023",
    "netpnl": 921079.9372709995
  },
  {
    "pnl": 0.0,
    "date": "2023-10-18T00:00:00",
    "weekday": "Oct 2023",
    "netpnl": 935027.0636419995
  },
  {
    "pnl": 0.0,
    "date": "2023-10-19T00:00:00",
    "weekday": "Oct 2023",
    "netpnl": 949955.8581519995
  },
  {
    "pnl": 0.0,
    "date": "2023-10-20T00:00:00",
    "weekday": "Oct 2023",
    "netpnl": 949955.8581519995
  },
  {
    "pnl": 0.0,
    "date": "2023-10-21T00:00:00",
    "weekday": "Oct 2023",
    "netpnl": 949955.8581519995
  },
  {
    "pnl": 0.0,
    "date": "2023-10-22T00:00:00",
    "weekday": "Oct 2023",
    "netpnl": 949955.8581519995
  },
  {
    "pnl": 0.0,
    "date": "2023-10-23T00:00:00",
    "weekday": "Oct 2023",
    "netpnl": 974413.8843169996
  },
  {
    "pnl": 0.0,
    "date": "2023-10-24T00:00:00",
    "weekday": "Oct 2023",
    "netpnl": 974413.8843169996
  },
  {
    "pnl": 0.0,
    "date": "2023-10-25T00:00:00",
    "weekday": "Oct 2023",
    "netpnl": 974413.8843169996
  },
  {
    "pnl": -20928.103775999974,
    "date": "2023-10-26T00:00:00",
    "weekday": "Oct 2023",
    "netpnl": 953485.7805409996
  },
  {
    "pnl": -20928.103775999974,
    "date": "2023-10-27T00:00:00",
    "weekday": "Oct 2023",
    "netpnl": 953485.7805409996
  },
  {
    "pnl": -20928.103775999974,
    "date": "2023-10-28T00:00:00",
    "weekday": "Oct 2023",
    "netpnl": 953485.7805409996
  },
  {
    "pnl": -20928.103775999974,
    "date": "2023-10-29T00:00:00",
    "weekday": "Oct 2023",
    "netpnl": 953485.7805409996
  },
  {
    "pnl": 0.0,
    "date": "2023-10-30T00:00:00",
    "weekday": "Oct 2023",
    "netpnl": 981687.2288019996
  },
  {
    "pnl": 0.0,
    "date": "2023-10-31T00:00:00",
    "weekday": "Oct 2023",
    "netpnl": 998217.7780229996
  },
  {
    "pnl": 0.0,
    "date": "2023-11-01T00:00:00",
    "weekday": "Nov 2023",
    "netpnl": 1132583.0712089997
  },
  {
    "pnl": 0.0,
    "date": "2023-11-02T00:00:00",
    "weekday": "Nov 2023",
    "netpnl": 1166338.4782319998
  },
  {
    "pnl": 0.0,
    "date": "2023-11-03T00:00:00",
    "weekday": "Nov 2023",
    "netpnl": 1166338.4782319998
  },
  {
    "pnl": 0.0,
    "date": "2023-11-04T00:00:00",
    "weekday": "Nov 2023",
    "netpnl": 1166338.4782319998
  },
  {
    "pnl": 0.0,
    "date": "2023-11-05T00:00:00",
    "weekday": "Nov 2023",
    "netpnl": 1166338.4782319998
  },
  {
    "pnl": 0.0,
    "date": "2023-11-06T00:00:00",
    "weekday": "Nov 2023",
    "netpnl": 1199667.524848
  },
  {
    "pnl": -88951.2198600003,
    "date": "2023-11-07T00:00:00",
    "weekday": "Nov 2023",
    "netpnl": 1110716.3049879996
  },
  {
    "pnl": -49013.850390000036,
    "date": "2023-11-08T00:00:00",
    "weekday": "Nov 2023",
    "netpnl": 1150653.6744579999
  },
  {
    "pnl": 0.0,
    "date": "2023-11-09T00:00:00",
    "weekday": "Nov 2023",
    "netpnl": 1255005.0152210004
  },
  {
    "pnl": 0.0,
    "date": "2023-11-10T00:00:00",
    "weekday": "Nov 2023",
    "netpnl": 1255005.0152210004
  },
  {
    "pnl": 0.0,
    "date": "2023-11-11T00:00:00",
    "weekday": "Nov 2023",
    "netpnl": 1255005.0152210004
  },
  {
    "pnl": 0.0,
    "date": "2023-11-12T00:00:00",
    "weekday": "Nov 2023",
    "netpnl": 1255005.0152210004
  },
  {
    "pnl": 0.0,
    "date": "2023-11-13T00:00:00",
    "weekday": "Nov 2023",
    "netpnl": 1278067.148001
  },
  {
    "pnl": 0.0,
    "date": "2023-11-14T00:00:00",
    "weekday": "Nov 2023",
    "netpnl": 1278067.148001
  },
  {
    "pnl": 0.0,
    "date": "2023-11-15T00:00:00",
    "weekday": "Nov 2023",
    "netpnl": 1379353.6964400003
  },
  {
    "pnl": -21881.62594600022,
    "date": "2023-11-16T00:00:00",
    "weekday": "Nov 2023",
    "netpnl": 1357472.070494
  },
  {
    "pnl": -21881.62594600022,
    "date": "2023-11-17T00:00:00",
    "weekday": "Nov 2023",
    "netpnl": 1357472.070494
  },
  {
    "pnl": -21881.62594600022,
    "date": "2023-11-18T00:00:00",
    "weekday": "Nov 2023",
    "netpnl": 1357472.070494
  },
  {
    "pnl": -21881.62594600022,
    "date": "2023-11-19T00:00:00",
    "weekday": "Nov 2023",
    "netpnl": 1357472.070494
  },
  {
    "pnl": -49009.769040999934,
    "date": "2023-11-20T00:00:00",
    "weekday": "Nov 2023",
    "netpnl": 1330343.9273990004
  },
  {
    "pnl": 0.0,
    "date": "2023-11-21T00:00:00",
    "weekday": "Nov 2023",
    "netpnl": 1417082.0756340001
  },
  {
    "pnl": 0.0,
    "date": "2023-11-22T00:00:00",
    "weekday": "Nov 2023",
    "netpnl": 1464025.4746430002
  },
  {
    "pnl": 0.0,
    "date": "2023-11-23T00:00:00",
    "weekday": "Nov 2023",
    "netpnl": 1512705.0658090005
  },
  {
    "pnl": 0.0,
    "date": "2023-11-24T00:00:00",
    "weekday": "Nov 2023",
    "netpnl": 1563800.1260360002
  },
  {
    "pnl": 0.0,
    "date": "2023-11-25T00:00:00",
    "weekday": "Nov 2023",
    "netpnl": 1563800.1260360002
  },
  {
    "pnl": 0.0,
    "date": "2023-11-26T00:00:00",
    "weekday": "Nov 2023",
    "netpnl": 1563800.1260360002
  },
  {
    "pnl": 0.0,
    "date": "2023-11-27T00:00:00",
    "weekday": "Nov 2023",
    "netpnl": 1563800.1260360002
  },
  {
    "pnl": -1968.5917409998365,
    "date": "2023-11-28T00:00:00",
    "weekday": "Nov 2023",
    "netpnl": 1561831.5342950004
  },
  {
    "pnl": -1968.5917409998365,
    "date": "2023-11-29T00:00:00",
    "weekday": "Nov 2023",
    "netpnl": 1561831.5342950004
  },
  {
    "pnl": -9785.07337099989,
    "date": "2023-11-30T00:00:00",
    "weekday": "Nov 2023",
    "netpnl": 1554015.0526650003
  },
  {
    "pnl": -9785.07337099989,
    "date": "2023-12-01T00:00:00",
    "weekday": "Dec 2023",
    "netpnl": 1554015.0526650003
  },
  {
    "pnl": -9785.07337099989,
    "date": "2023-12-02T00:00:00",
    "weekday": "Dec 2023",
    "netpnl": 1554015.0526650003
  },
  {
    "pnl": -9785.07337099989,
    "date": "2023-12-03T00:00:00",
    "weekday": "Dec 2023",
    "netpnl": 1554015.0526650003
  },
  {
    "pnl": -54926.428928000154,
    "date": "2023-12-04T00:00:00",
    "weekday": "Dec 2023",
    "netpnl": 1508873.697108
  },
  {
    "pnl": -41844.30049000005,
    "date": "2023-12-05T00:00:00",
    "weekday": "Dec 2023",
    "netpnl": 1521955.8255460002
  },
  {
    "pnl": -35494.026849000016,
    "date": "2023-12-06T00:00:00",
    "weekday": "Dec 2023",
    "netpnl": 1528306.0991870002
  },
  {
    "pnl": 0.0,
    "date": "2023-12-07T00:00:00",
    "weekday": "Dec 2023",
    "netpnl": 1611128.250542
  },
  {
    "pnl": 0.0,
    "date": "2023-12-08T00:00:00",
    "weekday": "Dec 2023",
    "netpnl": 1611128.250542
  },
  {
    "pnl": 0.0,
    "date": "2023-12-09T00:00:00",
    "weekday": "Dec 2023",
    "netpnl": 1611128.250542
  },
  {
    "pnl": 0.0,
    "date": "2023-12-10T00:00:00",
    "weekday": "Dec 2023",
    "netpnl": 1611128.250542
  },
  {
    "pnl": -46876.91578599997,
    "date": "2023-12-11T00:00:00",
    "weekday": "Dec 2023",
    "netpnl": 1564251.334756
  },
  {
    "pnl": -29932.048332999926,
    "date": "2023-12-12T00:00:00",
    "weekday": "Dec 2023",
    "netpnl": 1581196.202209
  },
  {
    "pnl": 0.0,
    "date": "2023-12-13T00:00:00",
    "weekday": "Dec 2023",
    "netpnl": 1618107.7507350002
  },
  {
    "pnl": -40839.66583500011,
    "date": "2023-12-14T00:00:00",
    "weekday": "Dec 2023",
    "netpnl": 1577268.0849000001
  },
  {
    "pnl": -40839.66583500011,
    "date": "2023-12-15T00:00:00",
    "weekday": "Dec 2023",
    "netpnl": 1577268.0849000001
  },
  {
    "pnl": -40839.66583500011,
    "date": "2023-12-16T00:00:00",
    "weekday": "Dec 2023",
    "netpnl": 1577268.0849000001
  },
  {
    "pnl": -40839.66583500011,
    "date": "2023-12-17T00:00:00",
    "weekday": "Dec 2023",
    "netpnl": 1577268.0849000001
  },
  {
    "pnl": -35769.52665599994,
    "date": "2023-12-18T00:00:00",
    "weekday": "Dec 2023",
    "netpnl": 1582338.2240790003
  },
  {
    "pnl": -11716.402207999956,
    "date": "2023-12-19T00:00:00",
    "weekday": "Dec 2023",
    "netpnl": 1606391.3485270003
  },
  {
    "pnl": 0.0,
    "date": "2023-12-20T00:00:00",
    "weekday": "Dec 2023",
    "netpnl": 1625498.9697180004
  },
  {
    "pnl": -670.9003449999727,
    "date": "2023-12-21T00:00:00",
    "weekday": "Dec 2023",
    "netpnl": 1624828.0693730004
  },
  {
    "pnl": 0.0,
    "date": "2023-12-22T00:00:00",
    "weekday": "Dec 2023",
    "netpnl": 1631117.7260430004
  },
  {
    "pnl": 0.0,
    "date": "2023-12-23T00:00:00",
    "weekday": "Dec 2023",
    "netpnl": 1631117.7260430004
  },
  {
    "pnl": 0.0,
    "date": "2023-12-24T00:00:00",
    "weekday": "Dec 2023",
    "netpnl": 1631117.7260430004
  },
  {
    "pnl": 0.0,
    "date": "2023-12-25T00:00:00",
    "weekday": "Dec 2023",
    "netpnl": 1631117.7260430004
  },
  {
    "pnl": -98728.06027700007,
    "date": "2023-12-26T00:00:00",
    "weekday": "Dec 2023",
    "netpnl": 1532389.6657660003
  },
  {
    "pnl": -98728.06027700007,
    "date": "2023-12-27T00:00:00",
    "weekday": "Dec 2023",
    "netpnl": 1532389.6657660003
  },
  {
    "pnl": -51777.06076100003,
    "date": "2023-12-28T00:00:00",
    "weekday": "Dec 2023",
    "netpnl": 1579340.6652820003
  },
  {
    "pnl": -51777.06076100003,
    "date": "2023-12-29T00:00:00",
    "weekday": "Dec 2023",
    "netpnl": 1579340.6652820003
  },
  {
    "pnl": -51777.06076100003,
    "date": "2023-12-30T00:00:00",
    "weekday": "Dec 2023",
    "netpnl": 1579340.6652820003
  },
  {
    "pnl": -51777.06076100003,
    "date": "2023-12-31T00:00:00",
    "weekday": "Dec 2023",
    "netpnl": 1579340.6652820003
  },
  {
    "pnl": -29584.373980999924,
    "date": "2024-01-01T00:00:00",
    "weekday": "Jan 2024",
    "netpnl": 1601533.3520620004
  },
  {
    "pnl": 0.0,
    "date": "2024-01-02T00:00:00",
    "weekday": "Jan 2024",
    "netpnl": 1651403.8905360005
  },
  {
    "pnl": 0.0,
    "date": "2024-01-03T00:00:00",
    "weekday": "Jan 2024",
    "netpnl": 1657315.1849510004
  },
  {
    "pnl": 0.0,
    "date": "2024-01-04T00:00:00",
    "weekday": "Jan 2024",
    "netpnl": 1731344.080515
  },
  {
    "pnl": 0.0,
    "date": "2024-01-05T00:00:00",
    "weekday": "Jan 2024",
    "netpnl": 1731344.080515
  },
  {
    "pnl": 0.0,
    "date": "2024-01-06T00:00:00",
    "weekday": "Jan 2024",
    "netpnl": 1731344.080515
  },
  {
    "pnl": 0.0,
    "date": "2024-01-07T00:00:00",
    "weekday": "Jan 2024",
    "netpnl": 1731344.080515
  },
  {
    "pnl": -8778.571006999817,
    "date": "2024-01-08T00:00:00",
    "weekday": "Jan 2024",
    "netpnl": 1722565.5095080002
  },
  {
    "pnl": -43313.22951600002,
    "date": "2024-01-09T00:00:00",
    "weekday": "Jan 2024",
    "netpnl": 1688030.850999
  },
  {
    "pnl": -98354.64710099995,
    "date": "2024-01-10T00:00:00",
    "weekday": "Jan 2024",
    "netpnl": 1632989.433414
  },
  {
    "pnl": -71101.70582299959,
    "date": "2024-01-11T00:00:00",
    "weekday": "Jan 2024",
    "netpnl": 1660242.3746920004
  },
  {
    "pnl": -71101.70582299959,
    "date": "2024-01-12T00:00:00",
    "weekday": "Jan 2024",
    "netpnl": 1660242.3746920004
  },
  {
    "pnl": -71101.70582299959,
    "date": "2024-01-13T00:00:00",
    "weekday": "Jan 2024",
    "netpnl": 1660242.3746920004
  },
  {
    "pnl": -71101.70582299959,
    "date": "2024-01-14T00:00:00",
    "weekday": "Jan 2024",
    "netpnl": 1660242.3746920004
  },
  {
    "pnl": -11384.250159000047,
    "date": "2024-01-15T00:00:00",
    "weekday": "Jan 2024",
    "netpnl": 1719959.830356
  },
  {
    "pnl": -80620.73272700002,
    "date": "2024-01-16T00:00:00",
    "weekday": "Jan 2024",
    "netpnl": 1650723.347788
  },
  {
    "pnl": -84744.38471299969,
    "date": "2024-01-17T00:00:00",
    "weekday": "Jan 2024",
    "netpnl": 1646599.6958020004
  },
  {
    "pnl": -133210.55606699968,
    "date": "2024-01-18T00:00:00",
    "weekday": "Jan 2024",
    "netpnl": 1598133.5244480004
  },
  {
    "pnl": -133210.55606699968,
    "date": "2024-01-19T00:00:00",
    "weekday": "Jan 2024",
    "netpnl": 1598133.5244480004
  },
  {
    "pnl": -133210.55606699968,
    "date": "2024-01-20T00:00:00",
    "weekday": "Jan 2024",
    "netpnl": 1598133.5244480004
  },
  {
    "pnl": -133210.55606699968,
    "date": "2024-01-21T00:00:00",
    "weekday": "Jan 2024",
    "netpnl": 1598133.5244480004
  },
  {
    "pnl": -133210.55606699968,
    "date": "2024-01-22T00:00:00",
    "weekday": "Jan 2024",
    "netpnl": 1598133.5244480004
  },
  {
    "pnl": -102227.22752099996,
    "date": "2024-01-23T00:00:00",
    "weekday": "Jan 2024",
    "netpnl": 1629116.852994
  },
  {
    "pnl": -102227.22752099996,
    "date": "2024-01-24T00:00:00",
    "weekday": "Jan 2024",
    "netpnl": 1629116.852994
  },
  {
    "pnl": -115972.64870500006,
    "date": "2024-01-25T00:00:00",
    "weekday": "Jan 2024",
    "netpnl": 1615371.43181
  },
  {
    "pnl": -115972.64870500006,
    "date": "2024-01-26T00:00:00",
    "weekday": "Jan 2024",
    "netpnl": 1615371.43181
  },
  {
    "pnl": -115972.64870500006,
    "date": "2024-01-27T00:00:00",
    "weekday": "Jan 2024",
    "netpnl": 1615371.43181
  },
  {
    "pnl": -115972.64870500006,
    "date": "2024-01-28T00:00:00",
    "weekday": "Jan 2024",
    "netpnl": 1615371.43181
  },
  {
    "pnl": -204955.10417600023,
    "date": "2024-01-29T00:00:00",
    "weekday": "Jan 2024",
    "netpnl": 1526388.9763389998
  },
  {
    "pnl": -168720.09207500028,
    "date": "2024-01-30T00:00:00",
    "weekday": "Jan 2024",
    "netpnl": 1562623.9884399998
  },
  {
    "pnl": -169846.65251300018,
    "date": "2024-01-31T00:00:00",
    "weekday": "Jan 2024",
    "netpnl": 1561497.4280019999
  },
  {
    "pnl": -62223.352829000214,
    "date": "2024-02-01T00:00:00",
    "weekday": "Feb 2024",
    "netpnl": 1669120.7276859998
  },
  {
    "pnl": -62223.352829000214,
    "date": "2024-02-02T00:00:00",
    "weekday": "Feb 2024",
    "netpnl": 1669120.7276859998
  },
  {
    "pnl": -62223.352829000214,
    "date": "2024-02-03T00:00:00",
    "weekday": "Feb 2024",
    "netpnl": 1669120.7276859998
  },
  {
    "pnl": -62223.352829000214,
    "date": "2024-02-04T00:00:00",
    "weekday": "Feb 2024",
    "netpnl": 1669120.7276859998
  },
  {
    "pnl": -113790.66481900029,
    "date": "2024-02-05T00:00:00",
    "weekday": "Feb 2024",
    "netpnl": 1617553.4156959997
  },
  {
    "pnl": -55916.95549100032,
    "date": "2024-02-06T00:00:00",
    "weekday": "Feb 2024",
    "netpnl": 1675427.1250239997
  },
  {
    "pnl": -55321.17730500037,
    "date": "2024-02-07T00:00:00",
    "weekday": "Feb 2024",
    "netpnl": 1676022.9032099997
  },
  {
    "pnl": -60242.8520280004,
    "date": "2024-02-08T00:00:00",
    "weekday": "Feb 2024",
    "netpnl": 1671101.2284869996
  },
  {
    "pnl": -60242.8520280004,
    "date": "2024-02-09T00:00:00",
    "weekday": "Feb 2024",
    "netpnl": 1671101.2284869996
  },
  {
    "pnl": -60242.8520280004,
    "date": "2024-02-10T00:00:00",
    "weekday": "Feb 2024",
    "netpnl": 1671101.2284869996
  },
  {
    "pnl": -60242.8520280004,
    "date": "2024-02-11T00:00:00",
    "weekday": "Feb 2024",
    "netpnl": 1671101.2284869996
  },
  {
    "pnl": -29571.140771000413,
    "date": "2024-02-12T00:00:00",
    "weekday": "Feb 2024",
    "netpnl": 1701772.9397439996
  },
  {
    "pnl": 0.0,
    "date": "2024-02-13T00:00:00",
    "weekday": "Feb 2024",
    "netpnl": 1742054.6896639997
  },
  {
    "pnl": -16588.014367999975,
    "date": "2024-02-14T00:00:00",
    "weekday": "Feb 2024",
    "netpnl": 1725466.6752959997
  },
  {
    "pnl": 0.0,
    "date": "2024-02-15T00:00:00",
    "weekday": "Feb 2024",
    "netpnl": 1821711.0531069997
  },
  {
    "pnl": 0.0,
    "date": "2024-02-16T00:00:00",
    "weekday": "Feb 2024",
    "netpnl": 1821711.0531069997
  },
  {
    "pnl": 0.0,
    "date": "2024-02-17T00:00:00",
    "weekday": "Feb 2024",
    "netpnl": 1821711.0531069997
  },
  {
    "pnl": 0.0,
    "date": "2024-02-18T00:00:00",
    "weekday": "Feb 2024",
    "netpnl": 1821711.0531069997
  },
  {
    "pnl": 0.0,
    "date": "2024-02-19T00:00:00",
    "weekday": "Feb 2024",
    "netpnl": 1846891.5984209997
  },
  {
    "pnl": 0.0,
    "date": "2024-02-20T00:00:00",
    "weekday": "Feb 2024",
    "netpnl": 1896417.1879149997
  },
  {
    "pnl": 0.0,
    "date": "2024-02-21T00:00:00",
    "weekday": "Feb 2024",
    "netpnl": 1930141.7187979997
  },
  {
    "pnl": 0.0,
    "date": "2024-02-22T00:00:00",
    "weekday": "Feb 2024",
    "netpnl": 1943178.3330019997
  },
  {
    "pnl": 0.0,
    "date": "2024-02-23T00:00:00",
    "weekday": "Feb 2024",
    "netpnl": 1943178.3330019997
  },
  {
    "pnl": 0.0,
    "date": "2024-02-24T00:00:00",
    "weekday": "Feb 2024",
    "netpnl": 1943178.3330019997
  },
  {
    "pnl": 0.0,
    "date": "2024-02-25T00:00:00",
    "weekday": "Feb 2024",
    "netpnl": 1943178.3330019997
  },
  {
    "pnl": 0.0,
    "date": "2024-02-26T00:00:00",
    "weekday": "Feb 2024",
    "netpnl": 1961447.8505299997
  },
  {
    "pnl": 0.0,
    "date": "2024-02-27T00:00:00",
    "weekday": "Feb 2024",
    "netpnl": 2092491.5128739998
  },
  {
    "pnl": 0.0,
    "date": "2024-02-28T00:00:00",
    "weekday": "Feb 2024",
    "netpnl": 2092491.5128739998
  },
  {
    "pnl": -137198.8657160001,
    "date": "2024-02-29T00:00:00",
    "weekday": "Feb 2024",
    "netpnl": 1955292.6471579997
  },
  {
    "pnl": -137198.8657160001,
    "date": "2024-03-01T00:00:00",
    "weekday": "Mar 2024",
    "netpnl": 1955292.6471579997
  },
  {
    "pnl": -137198.8657160001,
    "date": "2024-03-02T00:00:00",
    "weekday": "Mar 2024",
    "netpnl": 1955292.6471579997
  },
  {
    "pnl": -137198.8657160001,
    "date": "2024-03-03T00:00:00",
    "weekday": "Mar 2024",
    "netpnl": 1955292.6471579997
  },
  {
    "pnl": -102183.61760700005,
    "date": "2024-03-04T00:00:00",
    "weekday": "Mar 2024",
    "netpnl": 1990307.8952669997
  },
  {
    "pnl": -143819.34441000014,
    "date": "2024-03-05T00:00:00",
    "weekday": "Mar 2024",
    "netpnl": 1948672.1684639996
  },
  {
    "pnl": -144439.09430000023,
    "date": "2024-03-06T00:00:00",
    "weekday": "Mar 2024",
    "netpnl": 1948052.4185739995
  },
  {
    "pnl": -40563.34951700014,
    "date": "2024-03-07T00:00:00",
    "weekday": "Mar 2024",
    "netpnl": 2051928.1633569996
  },
  {
    "pnl": -40563.34951700014,
    "date": "2024-03-08T00:00:00",
    "weekday": "Mar 2024",
    "netpnl": 2051928.1633569996
  },
  {
    "pnl": -40563.34951700014,
    "date": "2024-03-09T00:00:00",
    "weekday": "Mar 2024",
    "netpnl": 2051928.1633569996
  },
  {
    "pnl": -40563.34951700014,
    "date": "2024-03-10T00:00:00",
    "weekday": "Mar 2024",
    "netpnl": 2051928.1633569996
  },
  {
    "pnl": 0.0,
    "date": "2024-03-11T00:00:00",
    "weekday": "Mar 2024",
    "netpnl": 2128578.8545599994
  },
  {
    "pnl": 0.0,
    "date": "2024-03-12T00:00:00",
    "weekday": "Mar 2024",
    "netpnl": 2242392.9222659995
  },
  {
    "pnl": 0.0,
    "date": "2024-03-13T00:00:00",
    "weekday": "Mar 2024",
    "netpnl": 2289823.6080909995
  },
  {
    "pnl": 0.0,
    "date": "2024-03-14T00:00:00",
    "weekday": "Mar 2024",
    "netpnl": 2370594.9356649993
  },
  {
    "pnl": 0.0,
    "date": "2024-03-15T00:00:00",
    "weekday": "Mar 2024",
    "netpnl": 2370594.9356649993
  },
  {
    "pnl": 0.0,
    "date": "2024-03-16T00:00:00",
    "weekday": "Mar 2024",
    "netpnl": 2370594.9356649993
  },
  {
    "pnl": 0.0,
    "date": "2024-03-17T00:00:00",
    "weekday": "Mar 2024",
    "netpnl": 2370594.9356649993
  },
  {
    "pnl": -8214.648405000102,
    "date": "2024-03-18T00:00:00",
    "weekday": "Mar 2024",
    "netpnl": 2362380.287259999
  },
  {
    "pnl": -69932.63639400015,
    "date": "2024-03-19T00:00:00",
    "weekday": "Mar 2024",
    "netpnl": 2300662.299270999
  }
]