[
  {
    "pnl": 0.0,
    "netpnl": 0.0,
    "date": "2023-04-01T00:00:00",
    "weekday": "Apr 2023",
    "charges": 0.0,
    "color": null
  },
  {
    "pnl": 0.0,
    "netpnl": 0.0,
    "date": "2023-04-02T00:00:00",
    "weekday": "Apr 2023",
    "charges": 0.0,
    "color": null
  },
  {
    "pnl": 18775.0,
    "netpnl": 17941.399562,
    "date": "2023-04-03T00:00:00",
    "weekday": "Apr 2023",
    "charges": 833.600438,
    "color": null
  },
  {
    "pnl": 0.0,
    "netpnl": 0.0,
    "date": "2023-04-04T00:00:00",
    "weekday": "Apr 2023",
    "charges": 0.0,
    "color": null
  },
  {
    "pnl": 18903.75,
    "netpnl": 18743.804755,
    "date": "2023-04-05T00:00:00",
    "weekday": "Apr 2023",
    "charges": 159.94524500000003,
    "color": null
  },
  {
    "pnl": 52782.5,
    "netpnl": 50696.010512,
    "date": "2023-04-06T00:00:00",
    "weekday": "Apr 2023",
    "charges": 2086.489488,
    "color": null
  },
  {
    "pnl": 0.0,
    "netpnl": 0.0,
    "date": "2023-04-07T00:00:00",
    "weekday": "Apr 2023",
    "charges": 0.0,
    "color": null
  },
  {
    "pnl": 0.0,
    "netpnl": 0.0,
    "date": "2023-04-08T00:00:00",
    "weekday": "Apr 2023",
    "charges": 0.0,
    "color": null
  },
  {
    "pnl": 0.0,
    "netpnl": 0.0,
    "date": "2023-04-09T00:00:00",
    "weekday": "Apr 2023",
    "charges": 0.0,
    "color": null
  },
  {
    "pnl": -15748.75,
    "netpnl": -16281.621852,
    "date": "2023-04-10T00:00:00",
    "weekday": "Apr 2023",
    "charges": 532.8718520000001,
    "color": null
  },
  {
    "pnl": -598.75,
    "netpnl": -775.487902,
    "date": "2023-04-11T00:00:00",
    "weekday": "Apr 2023",
    "charges": 176.737902,
    "color": null
  },
  {
    "pnl": 7118.75,
    "netpnl": 6976.175925,
    "date": "2023-04-12T00:00:00",
    "weekday": "Apr 2023",
    "charges": 142.574075,
    "color": null
  },
  {
    "pnl": -24772.5,
    "netpnl": -26939.046821,
    "date": "2023-04-13T00:00:00",
    "weekday": "Apr 2023",
    "charges": 2166.546821,
    "color": null
  },
  {
    "pnl": 0.0,
    "netpnl": 0.0,
    "date": "2023-04-14T00:00:00",
    "weekday": "Apr 2023",
    "charges": 0.0,
    "color": null
  },
  {
    "pnl": 0.0,
    "netpnl": 0.0,
    "date": "2023-04-15T00:00:00",
    "weekday": "Apr 2023",
    "charges": 0.0,
    "color": null
  },
  {
    "pnl": 0.0,
    "netpnl": 0.0,
    "date": "2023-04-16T00:00:00",
    "weekday": "Apr 2023",
    "charges": 0.0,
    "color": null
  },
  {
    "pnl": -15290.0,
    "netpnl": -15618.649647,
    "date": "2023-04-17T00:00:00",
    "weekday": "Apr 2023",
    "charges": 328.64964699999996,
    "color": null
  },
  {
    "pnl": -23352.5,
    "netpnl": -23583.74594,
    "date": "2023-04-18T00:00:00",
    "weekday": "Apr 2023",
    "charges": 231.24594,
    "color": null
  },
  {
    "pnl": 9353.75,
    "netpnl": 9202.487245,
    "date": "2023-04-19T00:00:00",
    "weekday": "Apr 2023",
    "charges": 151.262755,
    "color": null
  },
  {
    "pnl": 18763.75,
    "netpnl": 16677.829214999998,
    "date": "2023-04-20T00:00:00",
    "weekday": "Apr 2023",
    "charges": 2085.9207850000003,
    "color": null
  },
  {
    "pnl": 0.0,
    "netpnl": 0.0,
    "date": "2023-04-21T00:00:00",
    "weekday": "Apr 2023",
    "charges": 0.0,
    "color": null
  },
  {
    "pnl": 0.0,
    "netpnl": 0.0,
    "date": "2023-04-22T00:00:00",
    "weekday": "Apr 2023",
    "charges": 0.0,
    "color": null
  },
  {
    "pnl": 0.0,
    "netpnl": 0.0,
    "date": "2023-04-23T00:00:00",
    "weekday": "Apr 2023",
    "charges": 0.0,
    "color": null
  },
  {
    "pnl": -16248.75,
    "netpnl": -16577.61385,
    "date": "2023-04-24T00:00:00",
    "weekday": "Apr 2023",
    "charges": 328.86384999999996,
    "color": null
  },
  {
    "pnl": -7821.25,
    "netpnl": -8017.556545,
    "date": "2023-04-25T00:00:00",
    "weekday": "Apr 2023",
    "charges": 196.306545,
    "color": null
  },
  {
    "pnl": 5641.25,
    "netpnl": 5493.238127,
    "date": "2023-04-26T00:00:00",
    "weekday": "Apr 2023",
    "charges": 148.011873,
    "color": null
  },
  {
    "pnl": 11910.0,
    "netpnl": 9724.566079,
    "date": "2023-04-27T00:00:00",
    "weekday": "Apr 2023",
    "charges": 2185.4339210000003,
    "color": null
  },
  {
    "pnl": 0.0,
    "netpnl": 0.0,
    "date": "2023-04-28T00:00:00",
    "weekday": "Apr 2023",
    "charges": 0.0,
    "color": null
  },
  {
    "pnl": 0.0,
    "netpnl": 0.0,
    "date": "2023-04-29T00:00:00",
    "weekday": "Apr 2023",
    "charges": 0.0,
    "color": null
  },
  {
    "pnl": 0.0,
    "netpnl": 0.0,
    "date": "2023-04-30T00:00:00",
    "weekday": "Apr 2023",
    "charges": 0.0,
    "color": null
  },
  {
    "pnl": 0.0,
    "netpnl": 0.0,
    "date": "2023-05-01T00:00:00",
    "weekday": "May 2023",
    "charges": 0.0,
    "color": null
  },
  {
    "pnl": 27485.0,
    "netpnl": 27166.023594,
    "date": "2023-05-02T00:00:00",
    "weekday": "May 2023",
    "charges": 318.97640600000005,
    "color": null
  },
  {
    "pnl": 1411.25,
    "netpnl": 1252.120825,
    "date": "2023-05-03T00:00:00",
    "weekday": "May 2023",
    "charges": 159.12917499999998,
    "color": null
  },
  {
    "pnl": -32590.0,
    "netpnl": -34727.406355,
    "date": "2023-05-04T00:00:00",
    "weekday": "May 2023",
    "charges": 2137.4063549999996,
    "color": null
  },
  {
    "pnl": 0.0,
    "netpnl": 0.0,
    "date": "2023-05-05T00:00:00",
    "weekday": "May 2023",
    "charges": 0.0,
    "color": null
  },
  {
    "pnl": 0.0,
    "netpnl": 0.0,
    "date": "2023-05-06T00:00:00",
    "weekday": "May 2023",
    "charges": 0.0,
    "color": null
  },
  {
    "pnl": 0.0,
    "netpnl": 0.0,
    "date": "2023-05-07T00:00:00",
    "weekday": "May 2023",
    "charges": 0.0,
    "color": null
  },
  {
    "pnl": 15465.0,
    "netpnl": 14461.781859,
    "date": "2023-05-08T00:00:00",
    "weekday": "May 2023",
    "charges": 1003.218141,
    "color": null
  },
  {
    "pnl": -19575.0,
    "netpnl": -21396.19426,
    "date": "2023-05-09T00:00:00",
    "weekday": "May 2023",
    "charges": 1821.19426,
    "color": null
  },
  {
    "pnl": -15173.75,
    "netpnl": -16200.554101,
    "date": "2023-05-10T00:00:00",
    "weekday": "May 2023",
    "charges": 1026.8041009999997,
    "color": null
  },
  {
    "pnl": -1658.75,
    "netpnl": -3960.0363359999997,
    "date": "2023-05-11T00:00:00",
    "weekday": "May 2023",
    "charges": 2301.2863359999997,
    "color": null
  },
  {
    "pnl": 0.0,
    "netpnl": 0.0,
    "date": "2023-05-12T00:00:00",
    "weekday": "May 2023",
    "charges": 0.0,
    "color": null
  },
  {
    "pnl": 0.0,
    "netpnl": 0.0,
    "date": "2023-05-13T00:00:00",
    "weekday": "May 2023",
    "charges": 0.0,
    "color": null
  },
  {
    "pnl": 0.0,
    "netpnl": 0.0,
    "date": "2023-05-14T00:00:00",
    "weekday": "May 2023",
    "charges": 0.0,
    "color": null
  },
  {
    "pnl": 14436.25,
    "netpnl": 13388.686538,
    "date": "2023-05-15T00:00:00",
    "weekday": "May 2023",
    "charges": 1047.5634619999998,
    "color": null
  },
  {
    "pnl": -6328.0,
    "netpnl": -7545.196626,
    "date": "2023-05-16T00:00:00",
    "weekday": "May 2023",
    "charges": 1217.196626,
    "color": null
  },
  {
    "pnl": -2968.75,
    "netpnl": -4060.8413520000004,
    "date": "2023-05-17T00:00:00",
    "weekday": "May 2023",
    "charges": 1092.0913520000001,
    "color": null
  },
  {
    "pnl": -38788.75,
    "netpnl": -41280.70168,
    "date": "2023-05-18T00:00:00",
    "weekday": "May 2023",
    "charges": 2491.9516799999997,
    "color": null
  },
  {
    "pnl": 0.0,
    "netpnl": 0.0,
    "date": "2023-05-19T00:00:00",
    "weekday": "May 2023",
    "charges": 0.0,
    "color": null
  },
  {
    "pnl": 0.0,
    "netpnl": 0.0,
    "date": "2023-05-20T00:00:00",
    "weekday": "May 2023",
    "charges": 0.0,
    "color": null
  },
  {
    "pnl": 0.0,
    "netpnl": 0.0,
    "date": "2023-05-21T00:00:00",
    "weekday": "May 2023",
    "charges": 0.0,
    "color": null
  },
  {
    "pnl": -23591.25,
    "netpnl": -24569.420555,
    "date": "2023-05-22T00:00:00",
    "weekday": "May 2023",
    "charges": 978.170555,
    "color": null
  },
  {
    "pnl": 20918.0,
    "netpnl": 19706.873019,
    "date": "2023-05-23T00:00:00",
    "weekday": "May 2023",
    "charges": 1211.1269810000001,
    "color": null
  },
  {
    "pnl": -25271.25,
    "netpnl": -26351.117427,
    "date": "2023-05-24T00:00:00",
    "weekday": "May 2023",
    "charges": 1079.867427,
    "color": null
  },
  {
    "pnl": 25310.0,
    "netpnl": 23070.896847,
    "date": "2023-05-25T00:00:00",
    "weekday": "May 2023",
    "charges": 2239.1031530000005,
    "color": null
  },
  {
    "pnl": 0.0,
    "netpnl": 0.0,
    "date": "2023-05-26T00:00:00",
    "weekday": "May 2023",
    "charges": 0.0,
    "color": null
  },
  {
    "pnl": 0.0,
    "netpnl": 0.0,
    "date": "2023-05-27T00:00:00",
    "weekday": "May 2023",
    "charges": 0.0,
    "color": null
  },
  {
    "pnl": 0.0,
    "netpnl": 0.0,
    "date": "2023-05-28T00:00:00",
    "weekday": "May 2023",
    "charges": 0.0,
    "color": null
  },
  {
    "pnl": -11415.0,
    "netpnl": -12286.768304,
    "date": "2023-05-29T00:00:00",
    "weekday": "May 2023",
    "charges": 871.7683040000001,
    "color": null
  },
  {
    "pnl": 37072.0,
    "netpnl": 35896.777932,
    "date": "2023-05-30T00:00:00",
    "weekday": "May 2023",
    "charges": 1175.222068,
    "color": null
  },
  {
    "pnl": -14901.25,
    "netpnl": -15064.618661,
    "date": "2023-05-31T00:00:00",
    "weekday": "May 2023",
    "charges": 163.368661,
    "color": null
  },
  {
    "pnl": 55110.0,
    "netpnl": 52617.981178,
    "date": "2023-06-01T00:00:00",
    "weekday": "Jun 2023",
    "charges": 2492.0188219999995,
    "color": null
  },
  {
    "pnl": 0.0,
    "netpnl": 0.0,
    "date": "2023-06-02T00:00:00",
    "weekday": "Jun 2023",
    "charges": 0.0,
    "color": null
  },
  {
    "pnl": 0.0,
    "netpnl": 0.0,
    "date": "2023-06-03T00:00:00",
    "weekday": "Jun 2023",
    "charges": 0.0,
    "color": null
  },
  {
    "pnl": 0.0,
    "netpnl": 0.0,
    "date": "2023-06-04T00:00:00",
    "weekday": "Jun 2023",
    "charges": 0.0,
    "color": null
  },
  {
    "pnl": 27990.0,
    "netpnl": 27060.676543,
    "date": "2023-06-05T00:00:00",
    "weekday": "Jun 2023",
    "charges": 929.3234570000001,
    "color": null
  },
  {
    "pnl": 40628.0,
    "netpnl": 39413.990265,
    "date": "2023-06-06T00:00:00",
    "weekday": "Jun 2023",
    "charges": 1214.0097349999999,
    "color": null
  },
  {
    "pnl": 8656.25,
    "netpnl": 8526.448413,
    "date": "2023-06-07T00:00:00",
    "weekday": "Jun 2023",
    "charges": 129.80158699999998,
    "color": null
  },
  {
    "pnl": 32503.75,
    "netpnl": 30519.998717,
    "date": "2023-06-08T00:00:00",
    "weekday": "Jun 2023",
    "charges": 1983.7512830000003,
    "color": null
  },
  {
    "pnl": 0.0,
    "netpnl": 0.0,
    "date": "2023-06-09T00:00:00",
    "weekday": "Jun 2023",
    "charges": 0.0,
    "color": null
  },
  {
    "pnl": 0.0,
    "netpnl": 0.0,
    "date": "2023-06-10T00:00:00",
    "weekday": "Jun 2023",
    "charges": 0.0,
    "color": null
  },
  {
    "pnl": 0.0,
    "netpnl": 0.0,
    "date": "2023-06-11T00:00:00",
    "weekday": "Jun 2023",
    "charges": 0.0,
    "color": null
  },
  {
    "pnl": 17483.75,
    "netpnl": 16548.858026,
    "date": "2023-06-12T00:00:00",
    "weekday": "Jun 2023",
    "charges": 934.891974,
    "color": null
  },
  {
    "pnl": 13002.0,
    "netpnl": 11840.898672,
    "date": "2023-06-13T00:00:00",
    "weekday": "Jun 2023",
    "charges": 1161.101328,
    "color": null
  },
  {
    "pnl": 2343.75,
    "netpnl": 2206.947868,
    "date": "2023-06-14T00:00:00",
    "weekday": "Jun 2023",
    "charges": 136.802132,
    "color": null
  },
  {
    "pnl": 42023.75,
    "netpnl": 39528.460123,
    "date": "2023-06-15T00:00:00",
    "weekday": "Jun 2023",
    "charges": 2495.289877,
    "color": null
  },
  {
    "pnl": 0.0,
    "netpnl": 0.0,
    "date": "2023-06-16T00:00:00",
    "weekday": "Jun 2023",
    "charges": 0.0,
    "color": null
  },
  {
    "pnl": 0.0,
    "netpnl": 0.0,
    "date": "2023-06-17T00:00:00",
    "weekday": "Jun 2023",
    "charges": 0.0,
    "color": null
  },
  {
    "pnl": 0.0,
    "netpnl": 0.0,
    "date": "2023-06-18T00:00:00",
    "weekday": "Jun 2023",
    "charges": 0.0,
    "color": null
  },
  {
    "pnl": 22767.5,
    "netpnl": 21845.111191,
    "date": "2023-06-19T00:00:00",
    "weekday": "Jun 2023",
    "charges": 922.388809,
    "color": null
  },
  {
    "pnl": -9124.0,
    "netpnl": -10318.989216,
    "date": "2023-06-20T00:00:00",
    "weekday": "Jun 2023",
    "charges": 1194.989216,
    "color": null
  },
  {
    "pnl": -14250.0,
    "netpnl": -14411.337844,
    "date": "2023-06-21T00:00:00",
    "weekday": "Jun 2023",
    "charges": 161.33784400000002,
    "color": null
  },
  {
    "pnl": -9566.25,
    "netpnl": -11940.060821,
    "date": "2023-06-22T00:00:00",
    "weekday": "Jun 2023",
    "charges": 2373.810821,
    "color": null
  },
  {
    "pnl": 0.0,
    "netpnl": 0.0,
    "date": "2023-06-23T00:00:00",
    "weekday": "Jun 2023",
    "charges": 0.0,
    "color": null
  },
  {
    "pnl": 0.0,
    "netpnl": 0.0,
    "date": "2023-06-24T00:00:00",
    "weekday": "Jun 2023",
    "charges": 0.0,
    "color": null
  },
  {
    "pnl": 0.0,
    "netpnl": 0.0,
    "date": "2023-06-25T00:00:00",
    "weekday": "Jun 2023",
    "charges": 0.0,
    "color": null
  },
  {
    "pnl": 7045.0,
    "netpnl": 6094.891022,
    "date": "2023-06-26T00:00:00",
    "weekday": "Jun 2023",
    "charges": 950.1089780000001,
    "color": null
  },
  {
    "pnl": 17504.0,
    "netpnl": 16524.972205,
    "date": "2023-06-27T00:00:00",
    "weekday": "Jun 2023",
    "charges": 979.027795,
    "color": null
  },
  {
    "pnl": 7183.75,
    "netpnl": 4699.694635,
    "date": "2023-06-28T00:00:00",
    "weekday": "Jun 2023",
    "charges": 2484.055365,
    "color": null
  },
  {
    "pnl": 0.0,
    "netpnl": 0.0,
    "date": "2023-06-29T00:00:00",
    "weekday": "Jun 2023",
    "charges": 0.0,
    "color": null
  },
  {
    "pnl": 0.0,
    "netpnl": 0.0,
    "date": "2023-06-30T00:00:00",
    "weekday": "Jun 2023",
    "charges": 0.0,
    "color": null
  },
  {
    "pnl": 0.0,
    "netpnl": 0.0,
    "date": "2023-07-01T00:00:00",
    "weekday": "Jul 2023",
    "charges": 0.0,
    "color": null
  },
  {
    "pnl": 0.0,
    "netpnl": 0.0,
    "date": "2023-07-02T00:00:00",
    "weekday": "Jul 2023",
    "charges": 0.0,
    "color": null
  },
  {
    "pnl": -15106.25,
    "netpnl": -15989.904098,
    "date": "2023-07-03T00:00:00",
    "weekday": "Jul 2023",
    "charges": 883.6540980000001,
    "color": null
  },
  {
    "pnl": -12832.0,
    "netpnl": -14257.247088,
    "date": "2023-07-04T00:00:00",
    "weekday": "Jul 2023",
    "charges": 1425.247088,
    "color": null
  },
  {
    "pnl": 29693.75,
    "netpnl": 29515.512453,
    "date": "2023-07-05T00:00:00",
    "weekday": "Jul 2023",
    "charges": 178.23754699999998,
    "color": null
  },
  {
    "pnl": 75643.75,
    "netpnl": 73256.524788,
    "date": "2023-07-06T00:00:00",
    "weekday": "Jul 2023",
    "charges": 2387.225212,
    "color": null
  },
  {
    "pnl": 0.0,
    "netpnl": 0.0,
    "date": "2023-07-07T00:00:00",
    "weekday": "Jul 2023",
    "charges": 0.0,
    "color": null
  },
  {
    "pnl": 0.0,
    "netpnl": 0.0,
    "date": "2023-07-08T00:00:00",
    "weekday": "Jul 2023",
    "charges": 0.0,
    "color": null
  },
  {
    "pnl": 0.0,
    "netpnl": 0.0,
    "date": "2023-07-09T00:00:00",
    "weekday": "Jul 2023",
    "charges": 0.0,
    "color": null
  },
  {
    "pnl": -19803.75,
    "netpnl": -20572.445957,
    "date": "2023-07-10T00:00:00",
    "weekday": "Jul 2023",
    "charges": 768.695957,
    "color": null
  },
  {
    "pnl": 13152.0,
    "netpnl": 11766.456231,
    "date": "2023-07-11T00:00:00",
    "weekday": "Jul 2023",
    "charges": 1385.5437689999999,
    "color": null
  },
  {
    "pnl": -21776.25,
    "netpnl": -21943.617845,
    "date": "2023-07-12T00:00:00",
    "weekday": "Jul 2023",
    "charges": 167.36784500000002,
    "color": null
  },
  {
    "pnl": -15488.75,
    "netpnl": -17921.751469,
    "date": "2023-07-13T00:00:00",
    "weekday": "Jul 2023",
    "charges": 2433.0014690000003,
    "color": null
  },
  {
    "pnl": 0.0,
    "netpnl": 0.0,
    "date": "2023-07-14T00:00:00",
    "weekday": "Jul 2023",
    "charges": 0.0,
    "color": null
  },
  {
    "pnl": 0.0,
    "netpnl": 0.0,
    "date": "2023-07-15T00:00:00",
    "weekday": "Jul 2023",
    "charges": 0.0,
    "color": null
  },
  {
    "pnl": 0.0,
    "netpnl": 0.0,
    "date": "2023-07-16T00:00:00",
    "weekday": "Jul 2023",
    "charges": 0.0,
    "color": null
  },
  {
    "pnl": 4973.75,
    "netpnl": 4022.369037,
    "date": "2023-07-17T00:00:00",
    "weekday": "Jul 2023",
    "charges": 951.380963,
    "color": null
  },
  {
    "pnl": -13544.0,
    "netpnl": -15068.976292,
    "date": "2023-07-18T00:00:00",
    "weekday": "Jul 2023",
    "charges": 1524.976292,
    "color": null
  },
  {
    "pnl": 33007.5,
    "netpnl": 32824.330939,
    "date": "2023-07-19T00:00:00",
    "weekday": "Jul 2023",
    "charges": 183.169061,
    "color": null
  },
  {
    "pnl": -33740.0,
    "netpnl": -36245.313342,
    "date": "2023-07-20T00:00:00",
    "weekday": "Jul 2023",
    "charges": 2505.313342,
    "color": null
  },
  {
    "pnl": 0.0,
    "netpnl": 0.0,
    "date": "2023-07-21T00:00:00",
    "weekday": "Jul 2023",
    "charges": 0.0,
    "color": null
  },
  {
    "pnl": 0.0,
    "netpnl": 0.0,
    "date": "2023-07-22T00:00:00",
    "weekday": "Jul 2023",
    "charges": 0.0,
    "color": null
  },
  {
    "pnl": 0.0,
    "netpnl": 0.0,
    "date": "2023-07-23T00:00:00",
    "weekday": "Jul 2023",
    "charges": 0.0,
    "color": null
  },
  {
    "pnl": -25511.25,
    "netpnl": -26463.928804,
    "date": "2023-07-24T00:00:00",
    "weekday": "Jul 2023",
    "charges": 952.6788040000001,
    "color": null
  },
  {
    "pnl": -10566.0,
    "netpnl": -12014.382523,
    "date": "2023-07-25T00:00:00",
    "weekday": "Jul 2023",
    "charges": 1448.382523,
    "color": null
  },
  {
    "pnl": 8232.75,
    "netpnl": 8092.537789,
    "date": "2023-07-26T00:00:00",
    "weekday": "Jul 2023",
    "charges": 140.212211,
    "color": null
  },
  {
    "pnl": 25273.5,
    "netpnl": 22925.065077,
    "date": "2023-07-27T00:00:00",
    "weekday": "Jul 2023",
    "charges": 2348.4349230000003,
    "color": null
  },
  {
    "pnl": 0.0,
    "netpnl": 0.0,
    "date": "2023-07-28T00:00:00",
    "weekday": "Jul 2023",
    "charges": 0.0,
    "color": null
  },
  {
    "pnl": 0.0,
    "netpnl": 0.0,
    "date": "2023-07-29T00:00:00",
    "weekday": "Jul 2023",
    "charges": 0.0,
    "color": null
  },
  {
    "pnl": 0.0,
    "netpnl": 0.0,
    "date": "2023-07-30T00:00:00",
    "weekday": "Jul 2023",
    "charges": 0.0,
    "color": null
  },
  {
    "pnl": 30231.0,
    "netpnl": 29307.890099,
    "date": "2023-07-31T00:00:00",
    "weekday": "Jul 2023",
    "charges": 923.109901,
    "color": null
  },
  {
    "pnl": 47078.0,
    "netpnl": 45861.354795,
    "date": "2023-08-01T00:00:00",
    "weekday": "Aug 2023",
    "charges": 1216.645205,
    "color": null
  },
  {
    "pnl": -19257.0,
    "netpnl": -19430.591401,
    "date": "2023-08-02T00:00:00",
    "weekday": "Aug 2023",
    "charges": 173.591401,
    "color": null
  },
  {
    "pnl": 6929.25,
    "netpnl": 4540.450189,
    "date": "2023-08-03T00:00:00",
    "weekday": "Aug 2023",
    "charges": 2388.799811,
    "color": null
  },
  {
    "pnl": 0.0,
    "netpnl": 0.0,
    "date": "2023-08-04T00:00:00",
    "weekday": "Aug 2023",
    "charges": 0.0,
    "color": null
  },
  {
    "pnl": 0.0,
    "netpnl": 0.0,
    "date": "2023-08-05T00:00:00",
    "weekday": "Aug 2023",
    "charges": 0.0,
    "color": null
  },
  {
    "pnl": 0.0,
    "netpnl": 0.0,
    "date": "2023-08-06T00:00:00",
    "weekday": "Aug 2023",
    "charges": 0.0,
    "color": null
  },
  {
    "pnl": -25555.5,
    "netpnl": -26517.855739,
    "date": "2023-08-07T00:00:00",
    "weekday": "Aug 2023",
    "charges": 962.355739,
    "color": null
  },
  {
    "pnl": 51546.0,
    "netpnl": 50385.26571,
    "date": "2023-08-08T00:00:00",
    "weekday": "Aug 2023",
    "charges": 1160.73429,
    "color": null
  },
  {
    "pnl": 0.0,
    "netpnl": 0.0,
    "date": "2023-08-09T00:00:00",
    "weekday": "Aug 2023",
    "charges": 0.0,
    "color": null
  },
  {
    "pnl": 17945.25,
    "netpnl": 16806.287909,
    "date": "2023-08-10T00:00:00",
    "weekday": "Aug 2023",
    "charges": 1138.962091,
    "color": null
  },
  {
    "pnl": 0.0,
    "netpnl": 0.0,
    "date": "2023-08-11T00:00:00",
    "weekday": "Aug 2023",
    "charges": 0.0,
    "color": null
  },
  {
    "pnl": 0.0,
    "netpnl": 0.0,
    "date": "2023-08-12T00:00:00",
    "weekday": "Aug 2023",
    "charges": 0.0,
    "color": null
  },
  {
    "pnl": 0.0,
    "netpnl": 0.0,
    "date": "2023-08-13T00:00:00",
    "weekday": "Aug 2023",
    "charges": 0.0,
    "color": null
  },
  {
    "pnl": 66802.0,
    "netpnl": 65563.611827,
    "date": "2023-08-14T00:00:00",
    "weekday": "Aug 2023",
    "charges": 1238.388173,
    "color": null
  },
  {
    "pnl": 0.0,
    "netpnl": 0.0,
    "date": "2023-08-15T00:00:00",
    "weekday": "Aug 2023",
    "charges": 0.0,
    "color": null
  },
  {
    "pnl": 13741.5,
    "netpnl": 13591.107723,
    "date": "2023-08-16T00:00:00",
    "weekday": "Aug 2023",
    "charges": 150.392277,
    "color": null
  },
  {
    "pnl": 55918.5,
    "netpnl": 53651.429676,
    "date": "2023-08-17T00:00:00",
    "weekday": "Aug 2023",
    "charges": 2267.0703240000003,
    "color": null
  },
  {
    "pnl": 0.0,
    "netpnl": 0.0,
    "date": "2023-08-18T00:00:00",
    "weekday": "Aug 2023",
    "charges": 0.0,
    "color": null
  },
  {
    "pnl": 0.0,
    "netpnl": 0.0,
    "date": "2023-08-19T00:00:00",
    "weekday": "Aug 2023",
    "charges": 0.0,
    "color": null
  },
  {
    "pnl": 0.0,
    "netpnl": 0.0,
    "date": "2023-08-20T00:00:00",
    "weekday": "Aug 2023",
    "charges": 0.0,
    "color": null
  },
  {
    "pnl": 0.0,
    "netpnl": 0.0,
    "date": "2023-08-21T00:00:00",
    "weekday": "Aug 2023",
    "charges": 0.0,
    "color": null
  },
  {
    "pnl": -4436.0,
    "netpnl": -5531.738723,
    "date": "2023-08-22T00:00:00",
    "weekday": "Aug 2023",
    "charges": 1095.738723,
    "color": null
  },
  {
    "pnl": -2965.5,
    "netpnl": -3102.350852,
    "date": "2023-08-23T00:00:00",
    "weekday": "Aug 2023",
    "charges": 136.850852,
    "color": null
  },
  {
    "pnl": -2340.0,
    "netpnl": -4504.951316,
    "date": "2023-08-24T00:00:00",
    "weekday": "Aug 2023",
    "charges": 2164.9513159999997,
    "color": null
  },
  {
    "pnl": 0.0,
    "netpnl": 0.0,
    "date": "2023-08-25T00:00:00",
    "weekday": "Aug 2023",
    "charges": 0.0,
    "color": null
  },
  {
    "pnl": 0.0,
    "netpnl": 0.0,
    "date": "2023-08-26T00:00:00",
    "weekday": "Aug 2023",
    "charges": 0.0,
    "color": null
  },
  {
    "pnl": 0.0,
    "netpnl": 0.0,
    "date": "2023-08-27T00:00:00",
    "weekday": "Aug 2023",
    "charges": 0.0,
    "color": null
  },
  {
    "pnl": 10560.0,
    "netpnl": 10407.072447,
    "date": "2023-08-28T00:00:00",
    "weekday": "Aug 2023",
    "charges": 152.927553,
    "color": null
  },
  {
    "pnl": 60042.0,
    "netpnl": 58964.779716,
    "date": "2023-08-29T00:00:00",
    "weekday": "Aug 2023",
    "charges": 1077.220284,
    "color": null
  },
  {
    "pnl": -12149.25,
    "netpnl": -12291.757115,
    "date": "2023-08-30T00:00:00",
    "weekday": "Aug 2023",
    "charges": 142.50711500000003,
    "color": null
  },
  {
    "pnl": 69303.75,
    "netpnl": 66896.810645,
    "date": "2023-08-31T00:00:00",
    "weekday": "Aug 2023",
    "charges": 2406.939355,
    "color": null
  },
  {
    "pnl": 0.0,
    "netpnl": 0.0,
    "date": "2023-09-01T00:00:00",
    "weekday": "Sep 2023",
    "charges": 0.0,
    "color": null
  },
  {
    "pnl": 0.0,
    "netpnl": 0.0,
    "date": "2023-09-02T00:00:00",
    "weekday": "Sep 2023",
    "charges": 0.0,
    "color": null
  },
  {
    "pnl": 0.0,
    "netpnl": 0.0,
    "date": "2023-09-03T00:00:00",
    "weekday": "Sep 2023",
    "charges": 0.0,
    "color": null
  },
  {
    "pnl": 0.0,
    "netpnl": 0.0,
    "date": "2023-09-04T00:00:00",
    "weekday": "Sep 2023",
    "charges": 0.0,
    "color": null
  },
  {
    "pnl": 55524.0,
    "netpnl": 54378.309651999996,
    "date": "2023-09-05T00:00:00",
    "weekday": "Sep 2023",
    "charges": 1145.690348,
    "color": null
  },
  {
    "pnl": 21353.25,
    "netpnl": 20343.973338,
    "date": "2023-09-06T00:00:00",
    "weekday": "Sep 2023",
    "charges": 1009.276662,
    "color": null
  },
  {
    "pnl": -35347.5,
    "netpnl": -36711.441845,
    "date": "2023-09-07T00:00:00",
    "weekday": "Sep 2023",
    "charges": 1363.9418449999998,
    "color": null
  },
  {
    "pnl": 0.0,
    "netpnl": 0.0,
    "date": "2023-09-08T00:00:00",
    "weekday": "Sep 2023",
    "charges": 0.0,
    "color": null
  },
  {
    "pnl": 0.0,
    "netpnl": 0.0,
    "date": "2023-09-09T00:00:00",
    "weekday": "Sep 2023",
    "charges": 0.0,
    "color": null
  },
  {
    "pnl": 0.0,
    "netpnl": 0.0,
    "date": "2023-09-10T00:00:00",
    "weekday": "Sep 2023",
    "charges": 0.0,
    "color": null
  },
  {
    "pnl": 0.0,
    "netpnl": 0.0,
    "date": "2023-09-11T00:00:00",
    "weekday": "Sep 2023",
    "charges": 0.0,
    "color": null
  },
  {
    "pnl": -898.0,
    "netpnl": -2065.935139,
    "date": "2023-09-12T00:00:00",
    "weekday": "Sep 2023",
    "charges": 1167.9351390000002,
    "color": null
  },
  {
    "pnl": 3935.25,
    "netpnl": 2789.766836,
    "date": "2023-09-13T00:00:00",
    "weekday": "Sep 2023",
    "charges": 1145.483164,
    "color": null
  },
  {
    "pnl": 46540.0,
    "netpnl": 45330.743092,
    "date": "2023-09-14T00:00:00",
    "weekday": "Sep 2023",
    "charges": 1209.256908,
    "color": null
  },
  {
    "pnl": 0.0,
    "netpnl": 0.0,
    "date": "2023-09-15T00:00:00",
    "weekday": "Sep 2023",
    "charges": 0.0,
    "color": null
  },
  {
    "pnl": 0.0,
    "netpnl": 0.0,
    "date": "2023-09-16T00:00:00",
    "weekday": "Sep 2023",
    "charges": 0.0,
    "color": null
  },
  {
    "pnl": 0.0,
    "netpnl": 0.0,
    "date": "2023-09-17T00:00:00",
    "weekday": "Sep 2023",
    "charges": 0.0,
    "color": null
  },
  {
    "pnl": -9548.0,
    "netpnl": -10785.877854,
    "date": "2023-09-18T00:00:00",
    "weekday": "Sep 2023",
    "charges": 1237.877854,
    "color": null
  },
  {
    "pnl": 0.0,
    "netpnl": 0.0,
    "date": "2023-09-19T00:00:00",
    "weekday": "Sep 2023",
    "charges": 0.0,
    "color": null
  },
  {
    "pnl": -11176.5,
    "netpnl": -12393.044069,
    "date": "2023-09-20T00:00:00",
    "weekday": "Sep 2023",
    "charges": 1216.544069,
    "color": null
  },
  {
    "pnl": 64722.5,
    "netpnl": 63515.349687,
    "date": "2023-09-21T00:00:00",
    "weekday": "Sep 2023",
    "charges": 1207.1503129999999,
    "color": null
  },
  {
    "pnl": 0.0,
    "netpnl": 0.0,
    "date": "2023-09-22T00:00:00",
    "weekday": "Sep 2023",
    "charges": 0.0,
    "color": null
  },
  {
    "pnl": 0.0,
    "netpnl": 0.0,
    "date": "2023-09-23T00:00:00",
    "weekday": "Sep 2023",
    "charges": 0.0,
    "color": null
  },
  {
    "pnl": 0.0,
    "netpnl": 0.0,
    "date": "2023-09-24T00:00:00",
    "weekday": "Sep 2023",
    "charges": 0.0,
    "color": null
  },
  {
    "pnl": 0.0,
    "netpnl": 0.0,
    "date": "2023-09-25T00:00:00",
    "weekday": "Sep 2023",
    "charges": 0.0,
    "color": null
  },
  {
    "pnl": -23892.0,
    "netpnl": -25057.210851,
    "date": "2023-09-26T00:00:00",
    "weekday": "Sep 2023",
    "charges": 1165.2108509999998,
    "color": null
  },
  {
    "pnl": 0.0,
    "netpnl": 0.0,
    "date": "2023-09-27T00:00:00",
    "weekday": "Sep 2023",
    "charges": 0.0,
    "color": null
  },
  {
    "pnl": -15729.75,
    "netpnl": -16904.717699,
    "date": "2023-09-28T00:00:00",
    "weekday": "Sep 2023",
    "charges": 1174.967699,
    "color": null
  },
  {
    "pnl": 0.0,
    "netpnl": 0.0,
    "date": "2023-09-29T00:00:00",
    "weekday": "Sep 2023",
    "charges": 0.0,
    "color": null
  },
  {
    "pnl": 0.0,
    "netpnl": 0.0,
    "date": "2023-09-30T00:00:00",
    "weekday": "Sep 2023",
    "charges": 0.0,
    "color": null
  },
  {
    "pnl": 0.0,
    "netpnl": 0.0,
    "date": "2023-10-01T00:00:00",
    "weekday": "Oct 2023",
    "charges": 0.0,
    "color": null
  },
  {
    "pnl": 0.0,
    "netpnl": 0.0,
    "date": "2023-10-02T00:00:00",
    "weekday": "Oct 2023",
    "charges": 0.0,
    "color": null
  },
  {
    "pnl": 16094.0,
    "netpnl": 14956.282175,
    "date": "2023-10-03T00:00:00",
    "weekday": "Oct 2023",
    "charges": 1137.717825,
    "color": null
  },
  {
    "pnl": 33133.5,
    "netpnl": 31920.459794,
    "date": "2023-10-04T00:00:00",
    "weekday": "Oct 2023",
    "charges": 1213.0402060000001,
    "color": null
  },
  {
    "pnl": 46667.5,
    "netpnl": 45574.625757,
    "date": "2023-10-05T00:00:00",
    "weekday": "Oct 2023",
    "charges": 1092.874243,
    "color": null
  },
  {
    "pnl": 0.0,
    "netpnl": 0.0,
    "date": "2023-10-06T00:00:00",
    "weekday": "Oct 2023",
    "charges": 0.0,
    "color": null
  },
  {
    "pnl": 0.0,
    "netpnl": 0.0,
    "date": "2023-10-07T00:00:00",
    "weekday": "Oct 2023",
    "charges": 0.0,
    "color": null
  },
  {
    "pnl": 0.0,
    "netpnl": 0.0,
    "date": "2023-10-08T00:00:00",
    "weekday": "Oct 2023",
    "charges": 0.0,
    "color": null
  },
  {
    "pnl": 0.0,
    "netpnl": 0.0,
    "date": "2023-10-09T00:00:00",
    "weekday": "Oct 2023",
    "charges": 0.0,
    "color": null
  },
  {
    "pnl": 99388.0,
    "netpnl": 98150.627922,
    "date": "2023-10-10T00:00:00",
    "weekday": "Oct 2023",
    "charges": 1237.372078,
    "color": null
  },
  {
    "pnl": -8971.5,
    "netpnl": -10223.562137,
    "date": "2023-10-11T00:00:00",
    "weekday": "Oct 2023",
    "charges": 1252.0621370000001,
    "color": null
  },
  {
    "pnl": 28487.5,
    "netpnl": 27371.814236,
    "date": "2023-10-12T00:00:00",
    "weekday": "Oct 2023",
    "charges": 1115.685764,
    "color": null
  },
  {
    "pnl": 0.0,
    "netpnl": 0.0,
    "date": "2023-10-13T00:00:00",
    "weekday": "Oct 2023",
    "charges": 0.0,
    "color": null
  },
  {
    "pnl": 0.0,
    "netpnl": 0.0,
    "date": "2023-10-14T00:00:00",
    "weekday": "Oct 2023",
    "charges": 0.0,
    "color": null
  },
  {
    "pnl": 0.0,
    "netpnl": 0.0,
    "date": "2023-10-15T00:00:00",
    "weekday": "Oct 2023",
    "charges": 0.0,
    "color": null
  },
  {
    "pnl": 0.0,
    "netpnl": 0.0,
    "date": "2023-10-16T00:00:00",
    "weekday": "Oct 2023",
    "charges": 0.0,
    "color": null
  },
  {
    "pnl": 89436.0,
    "netpnl": 88447.095093,
    "date": "2023-10-17T00:00:00",
    "weekday": "Oct 2023",
    "charges": 988.9049069999999,
    "color": null
  },
  {
    "pnl": 15095.25,
    "netpnl": 13947.126371,
    "date": "2023-10-18T00:00:00",
    "weekday": "Oct 2023",
    "charges": 1148.123629,
    "color": null
  },
  {
    "pnl": 16127.5,
    "netpnl": 14928.79451,
    "date": "2023-10-19T00:00:00",
    "weekday": "Oct 2023",
    "charges": 1198.70549,
    "color": null
  },
  {
    "pnl": 0.0,
    "netpnl": 0.0,
    "date": "2023-10-20T00:00:00",
    "weekday": "Oct 2023",
    "charges": 0.0,
    "color": null
  },
  {
    "pnl": 0.0,
    "netpnl": 0.0,
    "date": "2023-10-21T00:00:00",
    "weekday": "Oct 2023",
    "charges": 0.0,
    "color": null
  },
  {
    "pnl": 0.0,
    "netpnl": 0.0,
    "date": "2023-10-22T00:00:00",
    "weekday": "Oct 2023",
    "charges": 0.0,
    "color": null
  },
  {
    "pnl": 25554.0,
    "netpnl": 24458.026165,
    "date": "2023-10-23T00:00:00",
    "weekday": "Oct 2023",
    "charges": 1095.973835,
    "color": null
  },
  {
    "pnl": 0.0,
    "netpnl": 0.0,
    "date": "2023-10-24T00:00:00",
    "weekday": "Oct 2023",
    "charges": 0.0,
    "color": null
  },
  {
    "pnl": 0.0,
    "netpnl": 0.0,
    "date": "2023-10-25T00:00:00",
    "weekday": "Oct 2023",
    "charges": 0.0,
    "color": null
  },
  {
    "pnl": -19639.5,
    "netpnl": -20928.103776,
    "date": "2023-10-26T00:00:00",
    "weekday": "Oct 2023",
    "charges": 1288.603776,
    "color": null
  },
  {
    "pnl": 0.0,
    "netpnl": 0.0,
    "date": "2023-10-27T00:00:00",
    "weekday": "Oct 2023",
    "charges": 0.0,
    "color": null
  },
  {
    "pnl": 0.0,
    "netpnl": 0.0,
    "date": "2023-10-28T00:00:00",
    "weekday": "Oct 2023",
    "charges": 0.0,
    "color": null
  },
  {
    "pnl": 0.0,
    "netpnl": 0.0,
    "date": "2023-10-29T00:00:00",
    "weekday": "Oct 2023",
    "charges": 0.0,
    "color": null
  },
  {
    "pnl": 29302.5,
    "netpnl": 28201.448261,
    "date": "2023-10-30T00:00:00",
    "weekday": "Oct 2023",
    "charges": 1101.051739,
    "color": null
  },
  {
    "pnl": 17892.0,
    "netpnl": 16530.549221,
    "date": "2023-10-31T00:00:00",
    "weekday": "Oct 2023",
    "charges": 1361.450779,
    "color": null
  },
  {
    "pnl": 135510.0,
    "netpnl": 134365.293186,
    "date": "2023-11-01T00:00:00",
    "weekday": "Nov 2023",
    "charges": 1144.7068140000001,
    "color": null
  },
  {
    "pnl": 35145.0,
    "netpnl": 33755.407023,
    "date": "2023-11-02T00:00:00",
    "weekday": "Nov 2023",
    "charges": 1389.5929770000002,
    "color": null
  },
  {
    "pnl": 0.0,
    "netpnl": 0.0,
    "date": "2023-11-03T00:00:00",
    "weekday": "Nov 2023",
    "charges": 0.0,
    "color": null
  },
  {
    "pnl": 0.0,
    "netpnl": 0.0,
    "date": "2023-11-04T00:00:00",
    "weekday": "Nov 2023",
    "charges": 0.0,
    "color": null
  },
  {
    "pnl": 0.0,
    "netpnl": 0.0,
    "date": "2023-11-05T00:00:00",
    "weekday": "Nov 2023",
    "charges": 0.0,
    "color": null
  },
  {
    "pnl": 34481.25,
    "netpnl": 33329.046616,
    "date": "2023-11-06T00:00:00",
    "weekday": "Nov 2023",
    "charges": 1152.203384,
    "color": null
  },
  {
    "pnl": -87438.0,
    "netpnl": -88951.21986,
    "date": "2023-11-07T00:00:00",
    "weekday": "Nov 2023",
    "charges": 1513.21986,
    "color": null
  },
  {
    "pnl": 41085.0,
    "netpnl": 39937.36947,
    "date": "2023-11-08T00:00:00",
    "weekday": "Nov 2023",
    "charges": 1147.63053,
    "color": null
  },
  {
    "pnl": 105677.5,
    "netpnl": 104351.340763,
    "date": "2023-11-09T00:00:00",
    "weekday": "Nov 2023",
    "charges": 1326.159237,
    "color": null
  },
  {
    "pnl": 0.0,
    "netpnl": 0.0,
    "date": "2023-11-10T00:00:00",
    "weekday": "Nov 2023",
    "charges": 0.0,
    "color": null
  },
  {
    "pnl": 0.0,
    "netpnl": 0.0,
    "date": "2023-11-11T00:00:00",
    "weekday": "Nov 2023",
    "charges": 0.0,
    "color": null
  },
  {
    "pnl": 0.0,
    "netpnl": 0.0,
    "date": "2023-11-12T00:00:00",
    "weekday": "Nov 2023",
    "charges": 0.0,
    "color": null
  },
  {
    "pnl": 24370.0,
    "netpnl": 23062.13278,
    "date": "2023-11-13T00:00:00",
    "weekday": "Nov 2023",
    "charges": 1307.86722,
    "color": null
  },
  {
    "pnl": 0.0,
    "netpnl": 0.0,
    "date": "2023-11-14T00:00:00",
    "weekday": "Nov 2023",
    "charges": 0.0,
    "color": null
  },
  {
    "pnl": 102491.25,
    "netpnl": 101286.548439,
    "date": "2023-11-15T00:00:00",
    "weekday": "Nov 2023",
    "charges": 1204.701561,
    "color": null
  },
  {
    "pnl": -20482.5,
    "netpnl": -21881.625946,
    "date": "2023-11-16T00:00:00",
    "weekday": "Nov 2023",
    "charges": 1399.1259459999999,
    "color": null
  },
  {
    "pnl": 0.0,
    "netpnl": 0.0,
    "date": "2023-11-17T00:00:00",
    "weekday": "Nov 2023",
    "charges": 0.0,
    "color": null
  },
  {
    "pnl": 0.0,
    "netpnl": 0.0,
    "date": "2023-11-18T00:00:00",
    "weekday": "Nov 2023",
    "charges": 0.0,
    "color": null
  },
  {
    "pnl": 0.0,
    "netpnl": 0.0,
    "date": "2023-11-19T00:00:00",
    "weekday": "Nov 2023",
    "charges": 0.0,
    "color": null
  },
  {
    "pnl": -25837.5,
    "netpnl": -27128.143095,
    "date": "2023-11-20T00:00:00",
    "weekday": "Nov 2023",
    "charges": 1290.643095,
    "color": null
  },
  {
    "pnl": 87692.0,
    "netpnl": 86738.148235,
    "date": "2023-11-21T00:00:00",
    "weekday": "Nov 2023",
    "charges": 953.851765,
    "color": null
  },
  {
    "pnl": 48112.5,
    "netpnl": 46943.399009,
    "date": "2023-11-22T00:00:00",
    "weekday": "Nov 2023",
    "charges": 1169.100991,
    "color": null
  },
  {
    "pnl": 49992.5,
    "netpnl": 48679.591166,
    "date": "2023-11-23T00:00:00",
    "weekday": "Nov 2023",
    "charges": 1312.908834,
    "color": null
  },
  {
    "pnl": 52233.75,
    "netpnl": 51095.060227,
    "date": "2023-11-24T00:00:00",
    "weekday": "Nov 2023",
    "charges": 1138.689773,
    "color": null
  },
  {
    "pnl": 0.0,
    "netpnl": 0.0,
    "date": "2023-11-25T00:00:00",
    "weekday": "Nov 2023",
    "charges": 0.0,
    "color": null
  },
  {
    "pnl": 0.0,
    "netpnl": 0.0,
    "date": "2023-11-26T00:00:00",
    "weekday": "Nov 2023",
    "charges": 0.0,
    "color": null
  },
  {
    "pnl": 0.0,
    "netpnl": 0.0,
    "date": "2023-11-27T00:00:00",
    "weekday": "Nov 2023",
    "charges": 0.0,
    "color": null
  },
  {
    "pnl": -746.0,
    "netpnl": -1968.5917410000002,
    "date": "2023-11-28T00:00:00",
    "weekday": "Nov 2023",
    "charges": 1222.5917410000002,
    "color": null
  },
  {
    "pnl": 0.0,
    "netpnl": 0.0,
    "date": "2023-11-29T00:00:00",
    "weekday": "Nov 2023",
    "charges": 0.0,
    "color": null
  },
  {
    "pnl": -6474.0,
    "netpnl": -7816.48163,
    "date": "2023-11-30T00:00:00",
    "weekday": "Nov 2023",
    "charges": 1342.48163,
    "color": null
  },
  {
    "pnl": 0.0,
    "netpnl": 0.0,
    "date": "2023-12-01T00:00:00",
    "weekday": "Dec 2023",
    "charges": 0.0,
    "color": null
  },
  {
    "pnl": 0.0,
    "netpnl": 0.0,
    "date": "2023-12-02T00:00:00",
    "weekday": "Dec 2023",
    "charges": 0.0,
    "color": null
  },
  {
    "pnl": 0.0,
    "netpnl": 0.0,
    "date": "2023-12-03T00:00:00",
    "weekday": "Dec 2023",
    "charges": 0.0,
    "color": null
  },
  {
    "pnl": -43155.0,
    "netpnl": -45141.355557,
    "date": "2023-12-04T00:00:00",
    "weekday": "Dec 2023",
    "charges": 1986.3555569999999,
    "color": null
  },
  {
    "pnl": 14516.0,
    "netpnl": 13082.128438,
    "date": "2023-12-05T00:00:00",
    "weekday": "Dec 2023",
    "charges": 1433.871562,
    "color": null
  },
  {
    "pnl": 7767.0,
    "netpnl": 6350.273641,
    "date": "2023-12-06T00:00:00",
    "weekday": "Dec 2023",
    "charges": 1416.726359,
    "color": null
  },
  {
    "pnl": 84140.0,
    "netpnl": 82822.151355,
    "date": "2023-12-07T00:00:00",
    "weekday": "Dec 2023",
    "charges": 1317.848645,
    "color": null
  },
  {
    "pnl": 0.0,
    "netpnl": 0.0,
    "date": "2023-12-08T00:00:00",
    "weekday": "Dec 2023",
    "charges": 0.0,
    "color": null
  },
  {
    "pnl": 0.0,
    "netpnl": 0.0,
    "date": "2023-12-09T00:00:00",
    "weekday": "Dec 2023",
    "charges": 0.0,
    "color": null
  },
  {
    "pnl": 0.0,
    "netpnl": 0.0,
    "date": "2023-12-10T00:00:00",
    "weekday": "Dec 2023",
    "charges": 0.0,
    "color": null
  },
  {
    "pnl": -45648.75,
    "netpnl": -46876.915786,
    "date": "2023-12-11T00:00:00",
    "weekday": "Dec 2023",
    "charges": 1228.165786,
    "color": null
  },
  {
    "pnl": 18342.0,
    "netpnl": 16944.867453,
    "date": "2023-12-12T00:00:00",
    "weekday": "Dec 2023",
    "charges": 1397.132547,
    "color": null
  },
  {
    "pnl": 38306.25,
    "netpnl": 36911.548526,
    "date": "2023-12-13T00:00:00",
    "weekday": "Dec 2023",
    "charges": 1394.7014740000002,
    "color": null
  },
  {
    "pnl": -39430.0,
    "netpnl": -40839.665835,
    "date": "2023-12-14T00:00:00",
    "weekday": "Dec 2023",
    "charges": 1409.665835,
    "color": null
  },
  {
    "pnl": 0.0,
    "netpnl": 0.0,
    "date": "2023-12-15T00:00:00",
    "weekday": "Dec 2023",
    "charges": 0.0,
    "color": null
  },
  {
    "pnl": 0.0,
    "netpnl": 0.0,
    "date": "2023-12-16T00:00:00",
    "weekday": "Dec 2023",
    "charges": 0.0,
    "color": null
  },
  {
    "pnl": 0.0,
    "netpnl": 0.0,
    "date": "2023-12-17T00:00:00",
    "weekday": "Dec 2023",
    "charges": 0.0,
    "color": null
  },
  {
    "pnl": 6071.25,
    "netpnl": 5070.139179,
    "date": "2023-12-18T00:00:00",
    "weekday": "Dec 2023",
    "charges": 1001.110821,
    "color": null
  },
  {
    "pnl": 25410.0,
    "netpnl": 24053.124448,
    "date": "2023-12-19T00:00:00",
    "weekday": "Dec 2023",
    "charges": 1356.875552,
    "color": null
  },
  {
    "pnl": 20686.5,
    "netpnl": 19107.621191,
    "date": "2023-12-20T00:00:00",
    "weekday": "Dec 2023",
    "charges": 1578.8788089999998,
    "color": null
  },
  {
    "pnl": 850.0,
    "netpnl": -670.900345,
    "date": "2023-12-21T00:00:00",
    "weekday": "Dec 2023",
    "charges": 1520.900345,
    "color": null
  },
  {
    "pnl": 7702.5,
    "netpnl": 6289.65667,
    "date": "2023-12-22T00:00:00",
    "weekday": "Dec 2023",
    "charges": 1412.84333,
    "color": null
  },
  {
    "pnl": 0.0,
    "netpnl": 0.0,
    "date": "2023-12-23T00:00:00",
    "weekday": "Dec 2023",
    "charges": 0.0,
    "color": null
  },
  {
    "pnl": 0.0,
    "netpnl": 0.0,
    "date": "2023-12-24T00:00:00",
    "weekday": "Dec 2023",
    "charges": 0.0,
    "color": null
  },
  {
    "pnl": 0.0,
    "netpnl": 0.0,
    "date": "2023-12-25T00:00:00",
    "weekday": "Dec 2023",
    "charges": 0.0,
    "color": null
  },
  {
    "pnl": -97034.0,
    "netpnl": -98728.060277,
    "date": "2023-12-26T00:00:00",
    "weekday": "Dec 2023",
    "charges": 1694.0602769999998,
    "color": null
  },
  {
    "pnl": 0.0,
    "netpnl": 0.0,
    "date": "2023-12-27T00:00:00",
    "weekday": "Dec 2023",
    "charges": 0.0,
    "color": null
  },
  {
    "pnl": 48419.25,
    "netpnl": 46950.999516,
    "date": "2023-12-28T00:00:00",
    "weekday": "Dec 2023",
    "charges": 1468.250484,
    "color": null
  },
  {
    "pnl": 0.0,
    "netpnl": 0.0,
    "date": "2023-12-29T00:00:00",
    "weekday": "Dec 2023",
    "charges": 0.0,
    "color": null
  },
  {
    "pnl": 0.0,
    "netpnl": 0.0,
    "date": "2023-12-30T00:00:00",
    "weekday": "Dec 2023",
    "charges": 0.0,
    "color": null
  },
  {
    "pnl": 0.0,
    "netpnl": 0.0,
    "date": "2023-12-31T00:00:00",
    "weekday": "Dec 2023",
    "charges": 0.0,
    "color": null
  },
  {
    "pnl": 23377.5,
    "netpnl": 22192.68678,
    "date": "2024-01-01T00:00:00",
    "weekday": "Jan 2024",
    "charges": 1184.81322,
    "color": null
  },
  {
    "pnl": 51224.0,
    "netpnl": 49870.538474,
    "date": "2024-01-02T00:00:00",
    "weekday": "Jan 2024",
    "charges": 1353.4615259999998,
    "color": null
  },
  {
    "pnl": 7209.0,
    "netpnl": 5911.294415,
    "date": "2024-01-03T00:00:00",
    "weekday": "Jan 2024",
    "charges": 1297.705585,
    "color": null
  },
  {
    "pnl": 75280.0,
    "netpnl": 74028.895564,
    "date": "2024-01-04T00:00:00",
    "weekday": "Jan 2024",
    "charges": 1251.104436,
    "color": null
  },
  {
    "pnl": 0.0,
    "netpnl": 0.0,
    "date": "2024-01-05T00:00:00",
    "weekday": "Jan 2024",
    "charges": 0.0,
    "color": null
  },
  {
    "pnl": 0.0,
    "netpnl": 0.0,
    "date": "2024-01-06T00:00:00",
    "weekday": "Jan 2024",
    "charges": 0.0,
    "color": null
  },
  {
    "pnl": 0.0,
    "netpnl": 0.0,
    "date": "2024-01-07T00:00:00",
    "weekday": "Jan 2024",
    "charges": 0.0,
    "color": null
  },
  {
    "pnl": -7492.5,
    "netpnl": -8778.571007,
    "date": "2024-01-08T00:00:00",
    "weekday": "Jan 2024",
    "charges": 1286.071007,
    "color": null
  },
  {
    "pnl": -32876.0,
    "netpnl": -34534.658509,
    "date": "2024-01-09T00:00:00",
    "weekday": "Jan 2024",
    "charges": 1658.658509,
    "color": null
  },
  {
    "pnl": -53599.5,
    "netpnl": -55041.417585,
    "date": "2024-01-10T00:00:00",
    "weekday": "Jan 2024",
    "charges": 1441.9175850000001,
    "color": null
  },
  {
    "pnl": 28665.0,
    "netpnl": 27252.941278,
    "date": "2024-01-11T00:00:00",
    "weekday": "Jan 2024",
    "charges": 1412.058722,
    "color": null
  },
  {
    "pnl": 0.0,
    "netpnl": 0.0,
    "date": "2024-01-12T00:00:00",
    "weekday": "Jan 2024",
    "charges": 0.0,
    "color": null
  },
  {
    "pnl": 0.0,
    "netpnl": 0.0,
    "date": "2024-01-13T00:00:00",
    "weekday": "Jan 2024",
    "charges": 0.0,
    "color": null
  },
  {
    "pnl": 0.0,
    "netpnl": 0.0,
    "date": "2024-01-14T00:00:00",
    "weekday": "Jan 2024",
    "charges": 0.0,
    "color": null
  },
  {
    "pnl": 61046.25,
    "netpnl": 59717.455664,
    "date": "2024-01-15T00:00:00",
    "weekday": "Jan 2024",
    "charges": 1328.794336,
    "color": null
  },
  {
    "pnl": -67818.0,
    "netpnl": -69236.482568,
    "date": "2024-01-16T00:00:00",
    "weekday": "Jan 2024",
    "charges": 1418.4825680000001,
    "color": null
  },
  {
    "pnl": -2706.75,
    "netpnl": -4123.651986,
    "date": "2024-01-17T00:00:00",
    "weekday": "Jan 2024",
    "charges": 1416.901986,
    "color": null
  },
  {
    "pnl": -47027.5,
    "netpnl": -48466.171354,
    "date": "2024-01-18T00:00:00",
    "weekday": "Jan 2024",
    "charges": 1438.671354,
    "color": null
  },
  {
    "pnl": 0.0,
    "netpnl": 0.0,
    "date": "2024-01-19T00:00:00",
    "weekday": "Jan 2024",
    "charges": 0.0,
    "color": null
  },
  {
    "pnl": 0.0,
    "netpnl": 0.0,
    "date": "2024-01-20T00:00:00",
    "weekday": "Jan 2024",
    "charges": 0.0,
    "color": null
  },
  {
    "pnl": 0.0,
    "netpnl": 0.0,
    "date": "2024-01-21T00:00:00",
    "weekday": "Jan 2024",
    "charges": 0.0,
    "color": null
  },
  {
    "pnl": 0.0,
    "netpnl": 0.0,
    "date": "2024-01-22T00:00:00",
    "weekday": "Jan 2024",
    "charges": 0.0,
    "color": null
  },
  {
    "pnl": 32592.0,
    "netpnl": 30983.328546,
    "date": "2024-01-23T00:00:00",
    "weekday": "Jan 2024",
    "charges": 1608.671454,
    "color": null
  },
  {
    "pnl": 0.0,
    "netpnl": 0.0,
    "date": "2024-01-24T00:00:00",
    "weekday": "Jan 2024",
    "charges": 0.0,
    "color": null
  },
  {
    "pnl": -12217.5,
    "netpnl": -13745.421183999999,
    "date": "2024-01-25T00:00:00",
    "weekday": "Jan 2024",
    "charges": 1527.9211839999998,
    "color": null
  },
  {
    "pnl": 0.0,
    "netpnl": 0.0,
    "date": "2024-01-26T00:00:00",
    "weekday": "Jan 2024",
    "charges": 0.0,
    "color": null
  },
  {
    "pnl": 0.0,
    "netpnl": 0.0,
    "date": "2024-01-27T00:00:00",
    "weekday": "Jan 2024",
    "charges": 0.0,
    "color": null
  },
  {
    "pnl": 0.0,
    "netpnl": 0.0,
    "date": "2024-01-28T00:00:00",
    "weekday": "Jan 2024",
    "charges": 0.0,
    "color": null
  },
  {
    "pnl": -87581.25,
    "netpnl": -88982.455471,
    "date": "2024-01-29T00:00:00",
    "weekday": "Jan 2024",
    "charges": 1401.205471,
    "color": null
  },
  {
    "pnl": 37910.0,
    "netpnl": 36235.012101,
    "date": "2024-01-30T00:00:00",
    "weekday": "Jan 2024",
    "charges": 1674.987899,
    "color": null
  },
  {
    "pnl": 642.0,
    "netpnl": -1126.560438,
    "date": "2024-01-31T00:00:00",
    "weekday": "Jan 2024",
    "charges": 1768.560438,
    "color": null
  },
  {
    "pnl": 108935.0,
    "netpnl": 107623.299684,
    "date": "2024-02-01T00:00:00",
    "weekday": "Feb 2024",
    "charges": 1311.700316,
    "color": null
  },
  {
    "pnl": 0.0,
    "netpnl": 0.0,
    "date": "2024-02-02T00:00:00",
    "weekday": "Feb 2024",
    "charges": 0.0,
    "color": null
  },
  {
    "pnl": 0.0,
    "netpnl": 0.0,
    "date": "2024-02-03T00:00:00",
    "weekday": "Feb 2024",
    "charges": 0.0,
    "color": null
  },
  {
    "pnl": 0.0,
    "netpnl": 0.0,
    "date": "2024-02-04T00:00:00",
    "weekday": "Feb 2024",
    "charges": 0.0,
    "color": null
  },
  {
    "pnl": -49998.75,
    "netpnl": -51567.31199,
    "date": "2024-02-05T00:00:00",
    "weekday": "Feb 2024",
    "charges": 1568.56199,
    "color": null
  },
  {
    "pnl": 59388.0,
    "netpnl": 57873.709328,
    "date": "2024-02-06T00:00:00",
    "weekday": "Feb 2024",
    "charges": 1514.290672,
    "color": null
  },
  {
    "pnl": 2038.5,
    "netpnl": 595.778186,
    "date": "2024-02-07T00:00:00",
    "weekday": "Feb 2024",
    "charges": 1442.721814,
    "color": null
  },
  {
    "pnl": -3240.0,
    "netpnl": -4921.674723,
    "date": "2024-02-08T00:00:00",
    "weekday": "Feb 2024",
    "charges": 1681.6747229999999,
    "color": null
  },
  {
    "pnl": 0.0,
    "netpnl": 0.0,
    "date": "2024-02-09T00:00:00",
    "weekday": "Feb 2024",
    "charges": 0.0,
    "color": null
  },
  {
    "pnl": 0.0,
    "netpnl": 0.0,
    "date": "2024-02-10T00:00:00",
    "weekday": "Feb 2024",
    "charges": 0.0,
    "color": null
  },
  {
    "pnl": 0.0,
    "netpnl": 0.0,
    "date": "2024-02-11T00:00:00",
    "weekday": "Feb 2024",
    "charges": 0.0,
    "color": null
  },
  {
    "pnl": 31886.25,
    "netpnl": 30671.711257,
    "date": "2024-02-12T00:00:00",
    "weekday": "Feb 2024",
    "charges": 1214.5387429999998,
    "color": null
  },
  {
    "pnl": 41738.0,
    "netpnl": 40281.74992,
    "date": "2024-02-13T00:00:00",
    "weekday": "Feb 2024",
    "charges": 1456.25008,
    "color": null
  },
  {
    "pnl": -15027.75,
    "netpnl": -16588.014368,
    "date": "2024-02-14T00:00:00",
    "weekday": "Feb 2024",
    "charges": 1560.2643679999999,
    "color": null
  },
  {
    "pnl": 97572.5,
    "netpnl": 96244.377811,
    "date": "2024-02-15T00:00:00",
    "weekday": "Feb 2024",
    "charges": 1328.122189,
    "color": null
  },
  {
    "pnl": 0.0,
    "netpnl": 0.0,
    "date": "2024-02-16T00:00:00",
    "weekday": "Feb 2024",
    "charges": 0.0,
    "color": null
  },
  {
    "pnl": 0.0,
    "netpnl": 0.0,
    "date": "2024-02-17T00:00:00",
    "weekday": "Feb 2024",
    "charges": 0.0,
    "color": null
  },
  {
    "pnl": 0.0,
    "netpnl": 0.0,
    "date": "2024-02-18T00:00:00",
    "weekday": "Feb 2024",
    "charges": 0.0,
    "color": null
  },
  {
    "pnl": 26242.5,
    "netpnl": 25180.545314,
    "date": "2024-02-19T00:00:00",
    "weekday": "Feb 2024",
    "charges": 1061.954686,
    "color": null
  },
  {
    "pnl": 50846.0,
    "netpnl": 49525.589494,
    "date": "2024-02-20T00:00:00",
    "weekday": "Feb 2024",
    "charges": 1320.410506,
    "color": null
  },
  {
    "pnl": 34933.5,
    "netpnl": 33724.530883,
    "date": "2024-02-21T00:00:00",
    "weekday": "Feb 2024",
    "charges": 1208.969117,
    "color": null
  },
  {
    "pnl": 14480.0,
    "netpnl": 13036.614204,
    "date": "2024-02-22T00:00:00",
    "weekday": "Feb 2024",
    "charges": 1443.385796,
    "color": null
  },
  {
    "pnl": 0.0,
    "netpnl": 0.0,
    "date": "2024-02-23T00:00:00",
    "weekday": "Feb 2024",
    "charges": 0.0,
    "color": null
  },
  {
    "pnl": 0.0,
    "netpnl": 0.0,
    "date": "2024-02-24T00:00:00",
    "weekday": "Feb 2024",
    "charges": 0.0,
    "color": null
  },
  {
    "pnl": 0.0,
    "netpnl": 0.0,
    "date": "2024-02-25T00:00:00",
    "weekday": "Feb 2024",
    "charges": 0.0,
    "color": null
  },
  {
    "pnl": 19766.25,
    "netpnl": 18269.517528,
    "date": "2024-02-26T00:00:00",
    "weekday": "Feb 2024",
    "charges": 1496.732472,
    "color": null
  },
  {
    "pnl": 132352.0,
    "netpnl": 131043.662344,
    "date": "2024-02-27T00:00:00",
    "weekday": "Feb 2024",
    "charges": 1308.337656,
    "color": null
  },
  {
    "pnl": 0.0,
    "netpnl": 0.0,
    "date": "2024-02-28T00:00:00",
    "weekday": "Feb 2024",
    "charges": 0.0,
    "color": null
  },
  {
    "pnl": -135412.5,
    "netpnl": -137198.865716,
    "date": "2024-02-29T00:00:00",
    "weekday": "Feb 2024",
    "charges": 1786.365716,
    "color": null
  },
  {
    "pnl": 0.0,
    "netpnl": 0.0,
    "date": "2024-03-01T00:00:00",
    "weekday": "Mar 2024",
    "charges": 0.0,
    "color": null
  },
  {
    "pnl": 0.0,
    "netpnl": 0.0,
    "date": "2024-03-02T00:00:00",
    "weekday": "Mar 2024",
    "charges": 0.0,
    "color": null
  },
  {
    "pnl": 0.0,
    "netpnl": 0.0,
    "date": "2024-03-03T00:00:00",
    "weekday": "Mar 2024",
    "charges": 0.0,
    "color": null
  },
  {
    "pnl": 36318.75,
    "netpnl": 35015.248109,
    "date": "2024-03-04T00:00:00",
    "weekday": "Mar 2024",
    "charges": 1303.501891,
    "color": null
  },
  {
    "pnl": -40210.0,
    "netpnl": -41635.726803,
    "date": "2024-03-05T00:00:00",
    "weekday": "Mar 2024",
    "charges": 1425.726803,
    "color": null
  },
  {
    "pnl": 670.5,
    "netpnl": -619.74989,
    "date": "2024-03-06T00:00:00",
    "weekday": "Mar 2024",
    "charges": 1290.24989,
    "color": null
  },
  {
    "pnl": 105052.5,
    "netpnl": 103875.744783,
    "date": "2024-03-07T00:00:00",
    "weekday": "Mar 2024",
    "charges": 1176.755217,
    "color": null
  },
  {
    "pnl": 0.0,
    "netpnl": 0.0,
    "date": "2024-03-08T00:00:00",
    "weekday": "Mar 2024",
    "charges": 0.0,
    "color": null
  },
  {
    "pnl": 0.0,
    "netpnl": 0.0,
    "date": "2024-03-09T00:00:00",
    "weekday": "Mar 2024",
    "charges": 0.0,
    "color": null
  },
  {
    "pnl": 0.0,
    "netpnl": 0.0,
    "date": "2024-03-10T00:00:00",
    "weekday": "Mar 2024",
    "charges": 0.0,
    "color": null
  },
  {
    "pnl": 77921.25,
    "netpnl": 76650.691203,
    "date": "2024-03-11T00:00:00",
    "weekday": "Mar 2024",
    "charges": 1270.558797,
    "color": null
  },
  {
    "pnl": 115302.0,
    "netpnl": 113814.067706,
    "date": "2024-03-12T00:00:00",
    "weekday": "Mar 2024",
    "charges": 1487.932294,
    "color": null
  },
  {
    "pnl": 48648.75,
    "netpnl": 47430.685825,
    "date": "2024-03-13T00:00:00",
    "weekday": "Mar 2024",
    "charges": 1218.064175,
    "color": null
  },
  {
    "pnl": 82042.5,
    "netpnl": 80771.327574,
    "date": "2024-03-14T00:00:00",
    "weekday": "Mar 2024",
    "charges": 1271.1724259999999,
    "color": null
  },
  {
    "pnl": 0.0,
    "netpnl": 0.0,
    "date": "2024-03-15T00:00:00",
    "weekday": "Mar 2024",
    "charges": 0.0,
    "color": null
  },
  {
    "pnl": 0.0,
    "netpnl": 0.0,
    "date": "2024-03-16T00:00:00",
    "weekday": "Mar 2024",
    "charges": 0.0,
    "color": null
  },
  {
    "pnl": 0.0,
    "netpnl": 0.0,
    "date": "2024-03-17T00:00:00",
    "weekday": "Mar 2024",
    "charges": 0.0,
    "color": null
  },
  {
    "pnl": -6926.25,
    "netpnl": -8214.648405,
    "date": "2024-03-18T00:00:00",
    "weekday": "Mar 2024",
    "charges": 1288.398405,
    "color": null
  },
  {
    "pnl": -60488.0,
    "netpnl": -61717.987989,
    "date": "2024-03-19T00:00:00",
    "weekday": "Mar 2024",
    "charges": 1229.9879890000002,
    "color": null
  }
]