[
  {
    "pnl": 0.0,
    "date": "2023-04-30T00:00:00",
    "weekday": "Apr 2023",
    "netpnl": 27661.788863000016
  },
  {
    "pnl": -72499.69504300004,
    "date": "2023-05-31T00:00:00",
    "weekday": "May 2023",
    "netpnl": -44837.90618000002
  },
  {
    "pnl": 0.0,
    "date": "2023-06-30T00:00:00",
    "weekday": "Jun 2023",
    "netpnl": 195920.6347970001
  },
  {
    "pnl": 0.0,
    "date": "2023-07-31T00:00:00",
    "weekday": "Jul 2023",
    "netpnl": 227153.75379200012
  },
  {
    "pnl": 0.0,
    "date": "2023-08-31T00:00:00",
    "weekday": "Aug 2023",
    "netpnl": 542442.6792829997
  },
  {
    "pnl": 0.0,
    "date": "2023-09-30T00:00:00",
    "weekday": "Sep 2023",
    "netpnl": 624882.5944309996
  },
  {
    "pnl": 0.0,
    "date": "2023-10-31T00:00:00",
    "weekday": "Oct 2023",
    "netpnl": 998217.7780229996
  },
  {
    "pnl": 0.0,
    "date": "2023-11-30T00:00:00",
    "weekday": "Nov 2023",
    "netpnl": 1554015.0526650003
  },
  {
    "pnl": 0.0,
    "date": "2023-12-31T00:00:00",
    "weekday": "Dec 2023",
    "netpnl": 1579340.6652820003
  },
  {
    "pnl": -17843.237280000467,
    "date": "2024-01-31T00:00:00",
    "weekday": "Jan 2024",
    "netpnl": 1561497.4280019999
  },
  {
    "pnl": 0.0,
    "date": "2024-02-29T00:00:00",
    "weekday": "Feb 2024",
    "netpnl": 1955292.6471579997
  },
  {
    "pnl": 0.0,
    "date": "2024-03-31T00:00:00",
    "weekday": "Mar 2024",
    "netpnl": 2300662.299270999
  }
]