{
  "capital": 0.0,
  "totaltradingdays": 180,
  "windays": 109,
  "lossdays": 71,
  "maxwinningstreakdays": 10,
  "maxlosingstreakdays": 4,
  "maxdddays": 59,
  "maxdddaysstr": "09/04/2023 to 07/06/2023",
  "rewardtorisk": 0.0,
  "winrate": 60.55555555555555,
  "lossrate": 39.44444444444444,
  "avgmonthlyprofit": 143791.39370443745,
  "totalprofit": 2300662.299270999,
  "maxprofitaday": 134365.29,
  "maxlossaday": -137198.87,
  "avgprofit_lossdaily": 6499.04607344633,
  "avgprofitonprofitdays": 37302.73706422017,
  "avglossonlossdays": -24863.887746478867,
  "maxdrawdown": 204955.10417600023,
  "maxdrawdownper": 0.0,
  "avgmonthlyprofitstr": "1.44L",
  "totalprofitstr": "23.01L",
  "maxprofitadaystr": "1.34L",
  "maxlossadaystr": "-1.37L",
  "avgprofit_lossdailystr": "6.5K",
  "avgprofitonprofitdaysstr": "37.3K",
  "avglossonlossdaysstr": "-24.86K",
  "maxdrawdownstr": "2.05L",
  "expectancyratio": 0.0
}