[
  {
    "pnl": 0.0,
    "date": "2023-04-02T00:00:00",
    "weekday": "Apr 2023",
    "netpnl": 0.0
  },
  {
    "pnl": 90461.25,
    "date": "2023-04-09T00:00:00",
    "weekday": "Apr 2023",
    "netpnl": 87381.214829
  },
  {
    "pnl": 56460.0,
    "date": "2023-04-16T00:00:00",
    "weekday": "Apr 2023",
    "netpnl": 50361.23417900002
  },
  {
    "pnl": 45935.0,
    "date": "2023-04-23T00:00:00",
    "weekday": "Apr 2023",
    "netpnl": 37039.15505200002
  },
  {
    "pnl": 39416.25,
    "date": "2023-04-30T00:00:00",
    "weekday": "Apr 2023",
    "netpnl": 27661.788863000016
  },
  {
    "pnl": 35722.5,
    "date": "2023-05-07T00:00:00",
    "weekday": "May 2023",
    "netpnl": 21352.52692699999
  },
  {
    "pnl": 14780.0,
    "date": "2023-05-14T00:00:00",
    "weekday": "May 2023",
    "netpnl": -5742.475911000012
  },
  {
    "pnl": -18869.25,
    "date": "2023-05-21T00:00:00",
    "weekday": "May 2023",
    "netpnl": -45240.52903100001
  },
  {
    "pnl": -21503.75,
    "date": "2023-05-28T00:00:00",
    "weekday": "May 2023",
    "netpnl": -53383.29714700002
  },
  {
    "pnl": 44362.0,
    "date": "2023-06-04T00:00:00",
    "weekday": "Jun 2023",
    "netpnl": 7780.074997999989
  },
  {
    "pnl": 154140.0,
    "date": "2023-06-11T00:00:00",
    "weekday": "Jun 2023",
    "netpnl": 113301.18893600008
  },
  {
    "pnl": 228993.25,
    "date": "2023-06-18T00:00:00",
    "weekday": "Jun 2023",
    "netpnl": 183426.3536250001
  },
  {
    "pnl": 218820.5,
    "date": "2023-06-25T00:00:00",
    "weekday": "Jun 2023",
    "netpnl": 168601.07693500014
  },
  {
    "pnl": 250553.25,
    "date": "2023-07-02T00:00:00",
    "weekday": "Jul 2023",
    "netpnl": 195920.6347970001
  },
  {
    "pnl": 327952.5,
    "date": "2023-07-09T00:00:00",
    "weekday": "Jul 2023",
    "netpnl": 268445.5208519999
  },
  {
    "pnl": 284035.75,
    "date": "2023-07-16T00:00:00",
    "weekday": "Jul 2023",
    "netpnl": 219774.1618120001
  },
  {
    "pnl": 274733.0,
    "date": "2023-07-23T00:00:00",
    "weekday": "Jul 2023",
    "netpnl": 205306.57215400005
  },
  {
    "pnl": 272162.0,
    "date": "2023-07-30T00:00:00",
    "weekday": "Jul 2023",
    "netpnl": 197845.8636930001
  },
  {
    "pnl": 337143.25,
    "date": "2023-08-06T00:00:00",
    "weekday": "Aug 2023",
    "netpnl": 258124.9673749999
  },
  {
    "pnl": 381079.0,
    "date": "2023-08-13T00:00:00",
    "weekday": "Aug 2023",
    "netpnl": 298798.6652549998
  },
  {
    "pnl": 517541.0,
    "date": "2023-08-20T00:00:00",
    "weekday": "Aug 2023",
    "netpnl": 431604.81448099983
  },
  {
    "pnl": 507799.5,
    "date": "2023-08-27T00:00:00",
    "weekday": "Aug 2023",
    "netpnl": 418465.7735899998
  },
  {
    "pnl": 635556.0,
    "date": "2023-09-03T00:00:00",
    "weekday": "Sep 2023",
    "netpnl": 542442.6792829997
  },
  {
    "pnl": 677085.75,
    "date": "2023-09-10T00:00:00",
    "weekday": "Sep 2023",
    "netpnl": 580453.5204279997
  },
  {
    "pnl": 726663.0,
    "date": "2023-09-17T00:00:00",
    "weekday": "Sep 2023",
    "netpnl": 626508.0952169998
  },
  {
    "pnl": 770661.0,
    "date": "2023-09-24T00:00:00",
    "weekday": "Sep 2023",
    "netpnl": 666844.5229809996
  },
  {
    "pnl": 731039.25,
    "date": "2023-10-01T00:00:00",
    "weekday": "Oct 2023",
    "netpnl": 624882.5944309996
  },
  {
    "pnl": 826934.25,
    "date": "2023-10-08T00:00:00",
    "weekday": "Oct 2023",
    "netpnl": 717333.9621569995
  },
  {
    "pnl": 945838.25,
    "date": "2023-10-15T00:00:00",
    "weekday": "Oct 2023",
    "netpnl": 832632.8421779996
  },
  {
    "pnl": 1066497.0,
    "date": "2023-10-22T00:00:00",
    "weekday": "Oct 2023",
    "netpnl": 949955.8581519995
  },
  {
    "pnl": 1072411.5,
    "date": "2023-10-29T00:00:00",
    "weekday": "Oct 2023",
    "netpnl": 953485.7805409996
  },
  {
    "pnl": 1290261.0,
    "date": "2023-11-05T00:00:00",
    "weekday": "Nov 2023",
    "netpnl": 1166338.4782319998
  },
  {
    "pnl": 1384066.75,
    "date": "2023-11-12T00:00:00",
    "weekday": "Nov 2023",
    "netpnl": 1255005.0152210004
  },
  {
    "pnl": 1490445.5,
    "date": "2023-11-19T00:00:00",
    "weekday": "Nov 2023",
    "netpnl": 1357472.070494
  },
  {
    "pnl": 1702638.75,
    "date": "2023-11-26T00:00:00",
    "weekday": "Nov 2023",
    "netpnl": 1563800.1260360002
  },
  {
    "pnl": 1695418.75,
    "date": "2023-12-03T00:00:00",
    "weekday": "Dec 2023",
    "netpnl": 1554015.0526650003
  },
  {
    "pnl": 1758686.75,
    "date": "2023-12-10T00:00:00",
    "weekday": "Dec 2023",
    "netpnl": 1611128.250542
  },
  {
    "pnl": 1730256.25,
    "date": "2023-12-17T00:00:00",
    "weekday": "Dec 2023",
    "netpnl": 1577268.0849000001
  },
  {
    "pnl": 1790976.5,
    "date": "2023-12-24T00:00:00",
    "weekday": "Dec 2023",
    "netpnl": 1631117.7260430004
  },
  {
    "pnl": 1742361.75,
    "date": "2023-12-31T00:00:00",
    "weekday": "Dec 2023",
    "netpnl": 1579340.6652820003
  },
  {
    "pnl": 1899452.25,
    "date": "2024-01-07T00:00:00",
    "weekday": "Jan 2024",
    "netpnl": 1731344.080515
  },
  {
    "pnl": 1834149.25,
    "date": "2024-01-14T00:00:00",
    "weekday": "Jan 2024",
    "netpnl": 1660242.3746920004
  },
  {
    "pnl": 1777643.25,
    "date": "2024-01-21T00:00:00",
    "weekday": "Jan 2024",
    "netpnl": 1598133.5244480004
  },
  {
    "pnl": 1798017.75,
    "date": "2024-01-28T00:00:00",
    "weekday": "Jan 2024",
    "netpnl": 1615371.43181
  },
  {
    "pnl": 1857923.5,
    "date": "2024-02-04T00:00:00",
    "weekday": "Feb 2024",
    "netpnl": 1669120.7276859998
  },
  {
    "pnl": 1866111.25,
    "date": "2024-02-11T00:00:00",
    "weekday": "Feb 2024",
    "netpnl": 1671101.2284869996
  },
  {
    "pnl": 2022280.25,
    "date": "2024-02-18T00:00:00",
    "weekday": "Feb 2024",
    "netpnl": 1821711.0531069997
  },
  {
    "pnl": 2148782.25,
    "date": "2024-02-25T00:00:00",
    "weekday": "Feb 2024",
    "netpnl": 1943178.3330019997
  },
  {
    "pnl": 2165488.0,
    "date": "2024-03-03T00:00:00",
    "weekday": "Mar 2024",
    "netpnl": 1955292.6471579997
  },
  {
    "pnl": 2267319.75,
    "date": "2024-03-10T00:00:00",
    "weekday": "Mar 2024",
    "netpnl": 2051928.1633569996
  },
  {
    "pnl": 2591234.25,
    "date": "2024-03-17T00:00:00",
    "weekday": "Mar 2024",
    "netpnl": 2370594.9356649993
  },
  {
    "pnl": 2523820.0,
    "date": "2024-03-24T00:00:00",
    "weekday": "Mar 2024",
    "netpnl": 2300662.299270999
  }
]