[
  {
    "year": 2024,
    "monthly": [
      {
        "pnl": 0.0,
        "pnlstr": "",
        "date": "2024-01-01T00:00:00",
        "weekday": "",
        "charges": 0.0,
        "color": null
      },
      {
        "pnl": 0.0,
        "pnlstr": "",
        "date": "2024-02-01T00:00:00",
        "weekday": "",
        "charges": 0.0,
        "color": null
      },
      {
        "pnl": -69932.64,
        "pnlstr": "-69.93K",
        "date": "2024-03-01T00:00:00",
        "weekday": "Mar 2024",
        "charges": 0.0,
        "color": null
      },
      {
        "pnl": 0.0,
        "pnlstr": "",
        "date": "2024-04-01T00:00:00",
        "weekday": "",
        "charges": 0.0,
        "color": null
      },
      {
        "pnl": 0.0,
        "pnlstr": "",
        "date": "2024-05-01T00:00:00",
        "weekday": "",
        "charges": 0.0,
        "color": null
      },
      {
        "pnl": 0.0,
        "pnlstr": "",
        "date": "2024-06-01T00:00:00",
        "weekday": "",
        "charges": 0.0,
        "color": null
      },
      {
        "pnl": 0.0,
        "pnlstr": "",
        "date": "2024-07-01T00:00:00",
        "weekday": "",
        "charges": 0.0,
        "color": null
      },
      {
        "pnl": 0.0,
        "pnlstr": "",
        "date": "2024-08-01T00:00:00",
        "weekday": "",
        "charges": 0.0,
        "color": null
      },
      {
        "pnl": 0.0,
        "pnlstr": "",
        "date": "2024-09-01T00:00:00",
        "weekday": "",
        "charges": 0.0,
        "color": null
      },
      {
        "pnl": 0.0,
        "pnlstr": "",
        "date": "2024-10-01T00:00:00",
        "weekday": "",
        "charges": 0.0,
        "color": null
      },
      {
        "pnl": 0.0,
        "pnlstr": "",
        "date": "2024-11-01T00:00:00",
        "weekday": "",
        "charges": 0.0,
        "color": null
      },
      {
        "pnl": 0.0,
        "pnlstr": "",
        "date": "2024-12-01T00:00:00",
        "weekday": "",
        "charges": 0.0,
        "color": null
      }
    ],
    "total": -69932.64,
    "totalstr": "-69.93K"
  }
]