{
  "capital": 0.0,
  "totaltradingdays": 2,
  "windays": 0,
  "lossdays": 2,
  "maxwinningstreakdays": 0,
  "maxlosingstreakdays": 2,
  "maxdddays": 2,
  "maxdddaysstr": " to 19/03/2024",
  "rewardtorisk": 0.0,
  "winrate": 0.0,
  "lossrate": 100.0,
  "avgmonthlyprofit": 0.0,
  "totalprofit": -69932.636394,
  "maxprofitaday": -8214.65,
  "maxlossaday": -61717.99,
  "avgprofit_lossdaily": -34966.32,
  "avgprofitonprofitdays": 0.0,
  "avglossonlossdays": -34966.32,
  "maxdrawdown": 69932.636394,
  "maxdrawdownper": 0.0,
  "avgmonthlyprofitstr": "",
  "totalprofitstr": "-69.93K",
  "maxprofitadaystr": "-8.21K",
  "maxlossadaystr": "-61.72K",
  "avgprofit_lossdailystr": "-34.97K",
  "avgprofitonprofitdaysstr": "",
  "avglossonlossdaysstr": "-34.97K",
  "maxdrawdownstr": "69.93K",
  "expectancyratio": 0.0
}