[
  {
    "pnl": 0.0,
    "pnlstr": null,
    "date": "2024-03-17T00:00:00",
    "weekday": "Mar 2024",
    "charges": 0.0,
    "color": null
  },
  {
    "pnl": 22787.365571,
    "pnlstr": null,
    "date": "2024-03-18T00:00:00",
    "weekday": "Mar 2024",
    "charges": 0.0,
    "color": null
  },
  {
    "pnl": 64915.462575,
    "pnlstr": null,
    "date": "2024-03-19T00:00:00",
    "weekday": "Mar 2024",
    "charges": 0.0,
    "color": null
  },
  {
    "pnl": 63056.850457,
    "pnlstr": null,
    "date": "2024-03-20T00:00:00",
    "weekday": "Mar 2024",
    "charges": 0.0,
    "color": null
  }
]