[
  {
    "pnl": 0.0,
    "netpnl": 0.0,
    "date": "2024-03-17T00:00:00",
    "weekday": "Mar 2024",
    "charges": 0.0,
    "color": null
  },
  {
    "pnl": 23529.75,
    "netpnl": 22787.365571,
    "date": "2024-03-18T00:00:00",
    "weekday": "Mar 2024",
    "charges": 742.3844290000001,
    "color": null
  },
  {
    "pnl": 42531.0,
    "netpnl": 42128.097004,
    "date": "2024-03-19T00:00:00",
    "weekday": "Mar 2024",
    "charges": 402.902996,
    "color": null
  },
  {
    "pnl": -1465.5,
    "netpnl": -1858.612118,
    "date": "2024-03-20T00:00:00",
    "weekday": "Mar 2024",
    "charges": 393.112118,
    "color": null
  }
]