{
  "items": [
    {
      "data": [
        {
          "date": 1710633600,
          "value": 0.0
        },
        {
          "date": 1710720000,
          "value": 22787.37
        },
        {
          "date": 1710806400,
          "value": 42128.1
        },
        {
          "date": 1710892800,
          "value": -1858.61
        }
      ],
      "calstartdate": "2024-01-01T00:00:00",
      "range": 12
    }
  ],
  "min": -1858.61,
  "max": 41161.0635,
  "startyear": 2024,
  "endyear": 2024
}