{
  "capital": 0.0,
  "totaltradingdays": 3,
  "windays": 2,
  "lossdays": 1,
  "maxwinningstreakdays": 2,
  "maxlosingstreakdays": 1,
  "maxdddays": 1,
  "maxdddaysstr": "19/03/2024 to 20/03/2024",
  "rewardtorisk": 0.0,
  "winrate": 66.66666666666666,
  "lossrate": 33.33333333333333,
  "avgmonthlyprofit": 0.0,
  "totalprofit": 63056.850457,
  "maxprofitaday": 42128.1,
  "maxlossaday": -1858.61,
  "avgprofit_lossdaily": 15764.215,
  "avgprofitonprofitdays": 32457.735,
  "avglossonlossdays": -1858.61,
  "maxdrawdown": 1858.6121179999973,
  "maxdrawdownper": 0.0,
  "avgmonthlyprofitstr": "",
  "totalprofitstr": "63.06K",
  "maxprofitadaystr": "42.13K",
  "maxlossadaystr": "-1.86K",
  "avgprofit_lossdailystr": "15.76K",
  "avgprofitonprofitdaysstr": "32.46K",
  "avglossonlossdaysstr": "-1.86K",
  "maxdrawdownstr": "1.86K",
  "expectancyratio": 0.0
}